-- Adminer 4.8.1 MySQL 10.4.27-MariaDB dump

SET NAMES utf8;
SET time_zone = '+00:00';
SET foreign_key_checks = 0;
SET sql_mode = 'NO_AUTO_VALUE_ON_ZERO';

SET NAMES utf8mb4;

CREATE DATABASE `ess` /*!40100 DEFAULT CHARACTER SET utf8mb4 COLLATE utf8mb4_general_ci */;
USE `ess`;

DROP TABLE IF EXISTS `action_points`;
CREATE TABLE `action_points` (
  `id` int(11) NOT NULL AUTO_INCREMENT,
  `visit_id` int(11) DEFAULT NULL,
  `facility_id` int(11) DEFAULT NULL,
  `question_id` int(11) DEFAULT NULL,
  `title` varchar(121) NOT NULL,
  `description` varchar(255) NOT NULL DEFAULT '',
  `due_date` date NOT NULL,
  `assign_to` text DEFAULT NULL,
  `status` enum('Pending','Done') NOT NULL DEFAULT 'Pending',
  `created_by` int(11) NOT NULL,
  `created_at` timestamp NULL DEFAULT current_timestamp(),
  `updated_at` timestamp NULL DEFAULT current_timestamp() ON UPDATE current_timestamp(),
  PRIMARY KEY (`id`),
  KEY `fk_ap_visit` (`visit_id`),
  KEY `fk_ap_creator` (`created_by`),
  KEY `fk_ap_question` (`question_id`),
  KEY `index_ap_title` (`title`) USING BTREE,
  KEY `fk_action_facility` (`facility_id`),
  CONSTRAINT `fk_action_facility` FOREIGN KEY (`facility_id`) REFERENCES `facilities` (`id`) ON DELETE SET NULL ON UPDATE CASCADE,
  CONSTRAINT `fk_ap_creator` FOREIGN KEY (`created_by`) REFERENCES `users` (`id`) ON UPDATE CASCADE,
  CONSTRAINT `fk_ap_question` FOREIGN KEY (`question_id`) REFERENCES `questions` (`id`) ON UPDATE CASCADE,
  CONSTRAINT `fk_ap_visit` FOREIGN KEY (`visit_id`) REFERENCES `facility_visits` (`id`) ON UPDATE CASCADE
) ENGINE=InnoDB DEFAULT CHARSET=utf8mb4 COLLATE=utf8mb4_general_ci;

INSERT INTO `action_points` (`id`, `visit_id`, `facility_id`, `question_id`, `title`, `description`, `due_date`, `assign_to`, `status`, `created_by`, `created_at`, `updated_at`) VALUES
(21,	9,	NULL,	97,	'Missing Algorithm',	'',	'2023-05-05',	'1,31',	'Pending',	1,	'2023-05-02 14:53:26',	'2023-05-02 14:53:26'),
(22,	9,	NULL,	108,	'Test Kits Missing',	'Deliver Dual Kits.',	'2023-05-05',	'1,31',	'Pending',	1,	'2023-05-02 14:56:08',	'2023-05-02 14:56:08'),
(23,	9,	NULL,	113,	'Provide  OPD/IPD line listing register',	'Facility using old version OPD/IPD line listing register ',	'2023-05-04',	'1,2,31',	'Pending',	1,	'2023-05-02 15:10:36',	'2023-05-02 15:10:36'),
(24,	10,	NULL,	99,	'Provide HTS Protocol',	'MIssing HTS Protocol',	'2023-05-04',	'1,2',	'Pending',	1,	'2023-05-02 15:15:38',	'2023-05-02 15:15:38');

DROP TABLE IF EXISTS `analytics`;
CREATE TABLE `analytics` (
  `id` int(11) NOT NULL AUTO_INCREMENT,
  `name` varchar(100) NOT NULL,
  `description` varchar(150) NOT NULL DEFAULT '',
  `analytic_type` enum('Longitudinal','Across Sites') NOT NULL,
  `checklist_id` int(11) NOT NULL,
  `qn_type` enum('check_opt','radio_opt','number_opt') NOT NULL,
  `created_by` int(11) NOT NULL,
  `created_at` timestamp NULL DEFAULT current_timestamp(),
  `updated_at` timestamp NULL DEFAULT current_timestamp() ON UPDATE current_timestamp(),
  PRIMARY KEY (`id`),
  KEY `fk_analytics_creator` (`created_by`),
  KEY `fk_analytics_checklist` (`checklist_id`),
  CONSTRAINT `fk_analytics_checklist` FOREIGN KEY (`checklist_id`) REFERENCES `checklists` (`id`) ON UPDATE CASCADE,
  CONSTRAINT `fk_analytics_creator` FOREIGN KEY (`created_by`) REFERENCES `users` (`id`) ON UPDATE CASCADE
) ENGINE=InnoDB DEFAULT CHARSET=utf8mb4 COLLATE=utf8mb4_general_ci;

INSERT INTO `analytics` (`id`, `name`, `description`, `analytic_type`, `checklist_id`, `qn_type`, `created_by`, `created_at`, `updated_at`) VALUES
(1,	'HTS Single Answer Analysis',	'',	'Across Sites',	5,	'radio_opt',	1,	'2023-05-02 15:21:39',	'2023-05-02 15:21:39'),
(2,	'HTS Number Analysis',	'Facility analysis based on timeframe. ',	'Longitudinal',	5,	'number_opt',	1,	'2023-05-02 15:47:59',	'2023-05-02 15:47:59'),
(3,	'HTS Number Analysis',	'Number analysis',	'Longitudinal',	5,	'number_opt',	1,	'2023-05-03 08:56:48',	'2023-05-03 08:56:48');

DROP TABLE IF EXISTS `analytic_questions`;
CREATE TABLE `analytic_questions` (
  `analytic_id` int(11) NOT NULL,
  `question_id` int(11) NOT NULL,
  `order_by` int(11) NOT NULL,
  PRIMARY KEY (`analytic_id`,`question_id`)
) ENGINE=InnoDB DEFAULT CHARSET=utf8mb4 COLLATE=utf8mb4_general_ci;

INSERT INTO `analytic_questions` (`analytic_id`, `question_id`, `order_by`) VALUES
(2,	4,	1),
(3,	113,	1),
(3,	114,	2),
(3,	115,	3),
(3,	116,	4),
(3,	140,	5),
(3,	142,	6),
(3,	143,	7),
(4,	8,	1),
(4,	9,	2),
(4,	35,	3),
(4,	39,	4);

DROP TABLE IF EXISTS `analytic_runs`;
CREATE TABLE `analytic_runs` (
  `id` int(11) NOT NULL AUTO_INCREMENT,
  `analytic_id` int(11) NOT NULL,
  `created_by` int(11) NOT NULL,
  `start_date` date NOT NULL,
  `end_date` date NOT NULL,
  `facility_ids` text NOT NULL,
  `created_at` timestamp NULL DEFAULT current_timestamp(),
  `updated_at` timestamp NULL DEFAULT current_timestamp() ON UPDATE current_timestamp(),
  PRIMARY KEY (`id`),
  KEY `fk_analytic_run_creator` (`created_by`),
  KEY `fk_analytic_run_analytic` (`analytic_id`),
  CONSTRAINT `fk_analytic_run_analytic` FOREIGN KEY (`analytic_id`) REFERENCES `analytics` (`id`) ON UPDATE CASCADE,
  CONSTRAINT `fk_analytic_run_creator` FOREIGN KEY (`created_by`) REFERENCES `users` (`id`) ON UPDATE CASCADE
) ENGINE=InnoDB DEFAULT CHARSET=utf8mb4 COLLATE=utf8mb4_general_ci;

INSERT INTO `analytic_runs` (`id`, `analytic_id`, `created_by`, `start_date`, `end_date`, `facility_ids`, `created_at`, `updated_at`) VALUES
(29,	3,	1,	'2023-03-01',	'2023-05-03',	'2',	'2023-05-03 09:01:49',	'2023-05-03 09:01:49'),
(30,	1,	1,	'2023-03-28',	'2023-03-28',	'3',	'2023-05-08 09:17:34',	'2023-05-08 09:17:34');

DROP TABLE IF EXISTS `analytic_run_lines`;
CREATE TABLE `analytic_run_lines` (
  `id` int(11) NOT NULL AUTO_INCREMENT,
  `analytic_run_id` int(11) NOT NULL,
  `facility_id` int(11) NOT NULL,
  `question_id` int(11) NOT NULL,
  `answer` varchar(255) NOT NULL,
  `answer_value` varchar(255) NOT NULL,
  `visit_date` date NOT NULL,
  PRIMARY KEY (`id`),
  KEY `fk_line_analytic_run` (`analytic_run_id`),
  KEY `fk_line_facility` (`facility_id`),
  KEY `fk_line_question` (`question_id`),
  CONSTRAINT `fk_line_analytic_run` FOREIGN KEY (`analytic_run_id`) REFERENCES `analytic_runs` (`id`) ON DELETE CASCADE ON UPDATE CASCADE,
  CONSTRAINT `fk_line_facility` FOREIGN KEY (`facility_id`) REFERENCES `facilities` (`id`) ON DELETE CASCADE ON UPDATE CASCADE,
  CONSTRAINT `fk_line_question` FOREIGN KEY (`question_id`) REFERENCES `questions` (`id`) ON DELETE CASCADE ON UPDATE CASCADE
) ENGINE=InnoDB DEFAULT CHARSET=utf8mb4 COLLATE=utf8mb4_general_ci;


DROP TABLE IF EXISTS `answers`;
CREATE TABLE `answers` (
  `id` int(11) NOT NULL AUTO_INCREMENT,
  `survey_id` int(11) NOT NULL,
  `user_id` int(11) NOT NULL,
  `answer` text NOT NULL,
  `question_id` int(11) NOT NULL,
  `date_created` datetime NOT NULL DEFAULT current_timestamp(),
  PRIMARY KEY (`id`)
) ENGINE=InnoDB DEFAULT CHARSET=utf8mb4 COLLATE=utf8mb4_general_ci;

INSERT INTO `answers` (`id`, `survey_id`, `user_id`, `answer`, `question_id`, `date_created`) VALUES
(1,	1,	2,	'Sample Only',	4,	'2020-11-10 14:46:07'),
(2,	1,	2,	'[JNmhW],[zZpTE]',	2,	'2020-11-10 14:46:07'),
(3,	1,	2,	'dAWTD',	1,	'2020-11-10 14:46:07'),
(4,	1,	3,	'Lorem ipsum dolor sit amet, consectetur adipiscing elit. Donec in tempus turpis, sed fermentum risus. Praesent vitae velit rutrum, dictum massa nec, pharetra felis. Phasellus enim augue, laoreet in accumsan dictum, mollis nec lectus. Aliquam id viverra nisl. Proin quis posuere nulla. Nullam suscipit eget leo ut suscipit.',	4,	'2020-11-10 15:59:43'),
(5,	1,	3,	'[qCMGO],[JNmhW]',	2,	'2020-11-10 15:59:43'),
(6,	1,	3,	'esNuP',	1,	'2020-11-10 15:59:43');

DROP TABLE IF EXISTS `ap_comments`;
CREATE TABLE `ap_comments` (
  `id` int(11) NOT NULL AUTO_INCREMENT,
  `ap_id` int(11) NOT NULL,
  `user_id` int(11) NOT NULL,
  `comment` varchar(200) NOT NULL DEFAULT '',
  `created_at` timestamp NULL DEFAULT current_timestamp(),
  `updated_at` timestamp NULL DEFAULT current_timestamp() ON UPDATE current_timestamp(),
  PRIMARY KEY (`id`),
  KEY `fk_comment_ap` (`ap_id`),
  KEY `fk_comment_user` (`user_id`),
  CONSTRAINT `fk_comment_ap` FOREIGN KEY (`ap_id`) REFERENCES `action_points` (`id`) ON DELETE CASCADE ON UPDATE CASCADE,
  CONSTRAINT `fk_comment_user` FOREIGN KEY (`user_id`) REFERENCES `users` (`id`) ON DELETE CASCADE ON UPDATE CASCADE
) ENGINE=InnoDB DEFAULT CHARSET=utf8mb4 COLLATE=utf8mb4_general_ci;


DROP TABLE IF EXISTS `chart_abstractions`;
CREATE TABLE `chart_abstractions` (
  `id` int(11) NOT NULL AUTO_INCREMENT,
  `visit_id` int(11) NOT NULL,
  `created_by` int(11) NOT NULL,
  `ccc_number` varchar(10) NOT NULL DEFAULT '',
  `age` double NOT NULL,
  `ap_ids` text DEFAULT NULL,
  `created_at` timestamp NULL DEFAULT current_timestamp(),
  `updated_at` timestamp NULL DEFAULT current_timestamp() ON UPDATE current_timestamp(),
  PRIMARY KEY (`id`),
  KEY `fk_abstraction_visit` (`visit_id`),
  KEY `fk_abstraction_creator` (`created_by`),
  CONSTRAINT `fk_abstraction_creator` FOREIGN KEY (`created_by`) REFERENCES `users` (`id`) ON UPDATE CASCADE,
  CONSTRAINT `fk_abstraction_visit` FOREIGN KEY (`visit_id`) REFERENCES `facility_visits` (`id`) ON UPDATE CASCADE
) ENGINE=InnoDB DEFAULT CHARSET=utf8mb4 COLLATE=utf8mb4_general_ci;

INSERT INTO `chart_abstractions` (`id`, `visit_id`, `created_by`, `ccc_number`, `age`, `ap_ids`, `created_at`, `updated_at`) VALUES
(1,	9,	1,	'00001',	15,	NULL,	'2023-05-02 14:59:03',	'2023-05-02 14:59:03'),
(2,	9,	1,	'00010',	14,	NULL,	'2023-05-02 15:02:07',	'2023-05-02 15:02:07');

DROP TABLE IF EXISTS `chart_abstraction_gaps`;
CREATE TABLE `chart_abstraction_gaps` (
  `id` int(11) NOT NULL AUTO_INCREMENT,
  `abstraction_id` int(11) NOT NULL,
  `gap` varchar(199) NOT NULL DEFAULT '',
  PRIMARY KEY (`id`),
  KEY `fk_gap_abstraction` (`abstraction_id`),
  CONSTRAINT `fk_gap_abstraction` FOREIGN KEY (`abstraction_id`) REFERENCES `chart_abstractions` (`id`) ON DELETE CASCADE ON UPDATE CASCADE
) ENGINE=InnoDB DEFAULT CHARSET=utf8mb4 COLLATE=utf8mb4_general_ci;

INSERT INTO `chart_abstraction_gaps` (`id`, `abstraction_id`, `gap`) VALUES
(1,	1,	'Missing ARTStartDate'),
(2,	1,	'Missing WHO stage'),
(3,	1,	'Not screened for TB'),
(4,	2,	'Missing ARTStartDate'),
(5,	2,	'Incomplete documentation of clinical notes'),
(6,	2,	'Missing HIVDiagnosisDate');

DROP TABLE IF EXISTS `checklists`;
CREATE TABLE `checklists` (
  `id` int(11) NOT NULL AUTO_INCREMENT,
  `title` varchar(199) NOT NULL,
  `abbr` varchar(10) NOT NULL COMMENT 'Abbreviation...',
  `description` varchar(250) NOT NULL DEFAULT '',
  `created_by` int(11) NOT NULL,
  `status` enum('draft','published','retired') NOT NULL DEFAULT 'draft',
  `published_at` timestamp NULL DEFAULT NULL,
  `published_by` int(11) DEFAULT NULL,
  `retired_at` timestamp NULL DEFAULT NULL,
  `retired_by` int(11) DEFAULT NULL,
  `created_at` timestamp NULL DEFAULT current_timestamp(),
  `updated_at` timestamp NULL DEFAULT current_timestamp() ON UPDATE current_timestamp(),
  PRIMARY KEY (`id`),
  KEY `fk_checklist_created_by` (`created_by`),
  CONSTRAINT `fk_checklist_created_by` FOREIGN KEY (`created_by`) REFERENCES `users` (`id`) ON UPDATE CASCADE
) ENGINE=InnoDB DEFAULT CHARSET=utf8mb4 COLLATE=utf8mb4_general_ci;

INSERT INTO `checklists` (`id`, `title`, `abbr`, `description`, `created_by`, `status`, `published_at`, `published_by`, `retired_at`, `retired_by`, `created_at`, `updated_at`) VALUES
(5,	'HIV TESTING SERVICES',	'HTS',	'HTS Electronic and/or Paper',	1,	'published',	'2023-05-02 14:52:11',	1,	NULL,	NULL,	'2023-04-07 11:28:44',	'2023-05-02 14:52:11'),
(6,	'HEALTH PRODUCTS AND TECHNOLOGIES',	'HPT',	'Pharmacy Department',	1,	'draft',	NULL,	NULL,	NULL,	NULL,	'2023-05-08 07:45:03',	'2023-05-08 07:45:03'),
(7,	'ADULTS C&T PROGRAM',	'AC&T',	'Adults Care & Treatment',	1,	'draft',	NULL,	NULL,	NULL,	NULL,	'2023-06-09 05:49:45',	'2023-06-09 05:49:45'),
(8,	'KEY POPULATION',	'KP',	'Key Population',	1,	'draft',	NULL,	NULL,	NULL,	NULL,	'2023-06-09 07:15:19',	'2023-06-09 07:15:19'),
(9,	'MEDICALLY ASSISTED TREATMENT',	'MAT',	'Medically Assisted Treatment',	1,	'draft',	NULL,	NULL,	NULL,	NULL,	'2023-07-07 07:51:37',	'2023-07-07 07:51:37');

DROP TABLE IF EXISTS `counties`;
CREATE TABLE `counties` (
  `id` int(11) NOT NULL AUTO_INCREMENT,
  `name` varchar(20) NOT NULL,
  `code` int(11) NOT NULL,
  `capital` varchar(20) NOT NULL,
  `created_at` timestamp NOT NULL DEFAULT current_timestamp() ON UPDATE current_timestamp(),
  `updated_at` timestamp NULL DEFAULT NULL,
  PRIMARY KEY (`id`),
  UNIQUE KEY `code` (`code`)
) ENGINE=InnoDB DEFAULT CHARSET=utf8mb4 COLLATE=utf8mb4_general_ci;

INSERT INTO `counties` (`id`, `name`, `code`, `capital`, `created_at`, `updated_at`) VALUES
(1,	'Baringo',	30,	'Kabarnet',	'2021-02-22 08:02:16',	'2021-02-22 08:02:16'),
(2,	'Bomet',	36,	'Bomet',	'2021-02-22 08:02:16',	'2021-02-22 08:02:16'),
(3,	'Bungoma',	39,	'Bungoma',	'2021-02-22 08:02:16',	'2021-02-22 08:02:16'),
(4,	'Busia',	40,	'Busia',	'2021-02-22 08:02:16',	'2021-02-22 08:02:16'),
(5,	'Elgeyo-Marakwet',	28,	'Iten',	'2021-02-22 08:02:16',	'2021-02-22 08:02:16'),
(6,	'Embu',	14,	'Embu',	'2021-02-22 08:02:16',	'2021-02-22 08:02:16'),
(7,	'Garissa',	7,	'Garissa',	'2021-02-22 08:02:16',	'2021-02-22 08:02:16'),
(8,	'Homa Bay',	43,	'Homa Bay',	'2021-02-22 08:02:16',	'2021-02-22 08:02:16'),
(9,	'Isiolo',	11,	'Isiolo',	'2021-02-22 08:02:17',	'2021-02-22 08:02:17'),
(10,	'Kajiado',	34,	'Kajiado',	'2021-02-22 08:02:17',	'2021-02-22 08:02:17'),
(11,	'Kakamega',	37,	'Kakamega',	'2021-02-22 08:02:17',	'2021-02-22 08:02:17'),
(12,	'Kericho',	35,	'Kericho',	'2021-02-22 08:02:17',	'2021-02-22 08:02:17'),
(13,	'Kiambu',	22,	'Kiambu',	'2021-02-22 08:02:17',	'2021-02-22 08:02:17'),
(14,	'Kilifi',	3,	'Kilifi',	'2021-02-22 08:02:17',	'2021-02-22 08:02:17'),
(15,	'Kirinyaga',	20,	'Kerugoya/Kutus',	'2021-02-22 08:02:17',	'2021-02-22 08:02:17'),
(16,	'Kisii',	45,	'Kisii',	'2021-02-22 08:02:17',	'2021-02-22 08:02:17'),
(17,	'Kisumu',	42,	'Kisumu',	'2021-02-22 08:02:17',	'2021-02-22 08:02:17'),
(18,	'Kitui',	15,	'Kitui',	'2021-02-22 08:02:17',	'2021-02-22 08:02:17'),
(19,	'Kwale',	2,	'Kwale',	'2021-02-22 08:02:17',	'2021-02-22 08:02:17'),
(20,	'Laikipia',	31,	'Rumuruti',	'2021-02-22 08:02:17',	'2021-02-22 08:02:17'),
(21,	'Lamu',	5,	'Lamu',	'2021-02-22 08:02:17',	'2021-02-22 08:02:17'),
(22,	'Machakos',	16,	'Machakos',	'2021-02-22 08:02:17',	'2021-02-22 08:02:17'),
(23,	'Makueni',	17,	'Wote',	'2021-02-22 08:02:18',	'2021-02-22 08:02:18'),
(24,	'Mandera',	9,	'Mandera',	'2021-02-22 08:02:18',	'2021-02-22 08:02:18'),
(25,	'Marsabit',	10,	'Marsabit',	'2021-02-22 08:02:18',	'2021-02-22 08:02:18'),
(26,	'Meru',	12,	'Meru',	'2021-02-22 08:02:18',	'2021-02-22 08:02:18'),
(27,	'Migori',	44,	'Migori',	'2021-02-22 08:02:18',	'2021-02-22 08:02:18'),
(28,	'Mombasa',	1,	'Mombasa City',	'2021-02-22 08:02:18',	'2021-02-22 08:02:18'),
(29,	'Murang\'a',	21,	'Murang\'a',	'2021-02-22 08:02:18',	'2021-02-22 08:02:18'),
(30,	'Nairobi',	47,	'Nairobi City',	'2021-02-22 08:02:18',	'2021-02-22 08:02:18'),
(31,	'Nakuru',	32,	'Nakuru',	'2021-02-22 08:02:18',	'2021-02-22 08:02:18'),
(32,	'Nandi',	29,	'Kapsabet',	'2021-02-22 08:02:18',	'2021-02-22 08:02:18'),
(33,	'Narok',	33,	'Narok',	'2021-02-22 08:02:18',	'2021-02-22 08:02:18'),
(34,	'Nyamira',	46,	'Nyamira',	'2021-02-22 08:02:18',	'2021-02-22 08:02:18'),
(35,	'Nyandarua',	18,	'Ol Kalou',	'2021-02-22 08:02:18',	'2021-02-22 08:02:18'),
(36,	'Nyeri',	19,	'Nyeri',	'2021-02-22 08:02:18',	'2021-02-22 08:02:18'),
(37,	'Samburu',	25,	'Maralal',	'2021-02-22 08:02:19',	'2021-02-22 08:02:19'),
(38,	'Siaya',	41,	'Siaya',	'2021-02-22 08:02:19',	'2021-02-22 08:02:19'),
(39,	'Taita-Taveta',	6,	'Voi',	'2021-02-22 08:02:19',	'2021-02-22 08:02:19'),
(40,	'Tana River',	4,	'Hola',	'2021-02-22 08:02:19',	'2021-02-22 08:02:19'),
(41,	'Tharaka-Nithi',	13,	'Chuka',	'2021-02-22 08:02:19',	'2021-02-22 08:02:19'),
(42,	'Trans-Nzoia',	26,	'Kitale',	'2021-02-22 08:02:19',	'2021-02-22 08:02:19'),
(43,	'Turkana',	23,	'Lodwar',	'2021-02-22 08:02:19',	'2021-02-22 08:02:19'),
(44,	'Uasin Gishu',	27,	'Eldoret',	'2021-02-22 08:02:19',	'2021-02-22 08:02:19'),
(45,	'Vihiga',	38,	'Vihiga',	'2021-02-22 08:02:19',	'2021-02-22 08:02:19'),
(46,	'Wajir',	8,	'Wajir',	'2021-02-22 08:02:19',	'2021-02-22 08:02:19'),
(47,	'West Pokot',	24,	'Kapenguria',	'2021-02-22 08:02:19',	'2021-02-22 08:02:19');

DROP TABLE IF EXISTS `facilities`;
CREATE TABLE `facilities` (
  `id` int(11) NOT NULL AUTO_INCREMENT,
  `mfl_code` char(50) NOT NULL DEFAULT '0',
  `name` varchar(190) NOT NULL DEFAULT '',
  `county_code` int(11) NOT NULL,
  `team_id` int(11) DEFAULT NULL,
  `active` tinyint(4) DEFAULT 0,
  `latitude` double DEFAULT NULL,
  `longitude` double DEFAULT NULL,
  `created_at` timestamp NULL DEFAULT current_timestamp(),
  `updated_at` timestamp NULL DEFAULT NULL,
  PRIMARY KEY (`id`),
  UNIQUE KEY `Index_mfl_code` (`mfl_code`) USING BTREE,
  KEY `FK_facility_county` (`county_code`),
  KEY `Index _name` (`name`) USING BTREE,
  KEY `fk_facility_team` (`team_id`),
  CONSTRAINT `FK_facility_county` FOREIGN KEY (`county_code`) REFERENCES `counties` (`code`) ON UPDATE CASCADE,
  CONSTRAINT `fk_facility_team` FOREIGN KEY (`team_id`) REFERENCES `teams` (`id`) ON DELETE SET NULL ON UPDATE CASCADE
) ENGINE=InnoDB DEFAULT CHARSET=utf8mb4 COLLATE=utf8mb4_general_ci;

INSERT INTO `facilities` (`id`, `mfl_code`, `name`, `county_code`, `team_id`, `active`, `latitude`, `longitude`, `created_at`, `updated_at`) VALUES
(2,	'12935',	'Embakasi Health Centre',	47,	1,	1,	23.23,	0.09,	'2022-05-16 10:55:01',	'2023-03-28 09:09:56'),
(3,	'12974',	'Huruma Lions Dispensary',	47,	NULL,	1,	NULL,	NULL,	'2022-05-16 10:55:01',	'2022-10-12 11:44:37'),
(4,	'18176',	'Sex Workers Outreach Program (Kibra)',	47,	1,	1,	NULL,	NULL,	'2022-05-16 10:55:01',	'2023-03-28 09:10:44'),
(5,	'17684',	'Hope World Wide Kenya Mukuru Clinic',	47,	NULL,	1,	NULL,	NULL,	'2022-05-16 10:55:01',	'2022-06-30 08:53:10'),
(6,	'19504',	'Child Doctor Kenya',	47,	1,	1,	NULL,	NULL,	'2022-05-16 10:55:01',	'2023-03-28 14:02:55'),
(7,	'19429',	'SWOP Donholm',	47,	NULL,	1,	NULL,	NULL,	'2022-05-16 10:55:01',	NULL),
(8,	'28284',	'LVCT Health Dreams',	47,	1,	1,	NULL,	NULL,	'2022-05-16 10:55:01',	'2023-03-28 14:02:55'),
(9,	'13189',	'SOS Dispensary',	47,	NULL,	1,	NULL,	NULL,	'2022-05-16 10:55:01',	'2022-06-30 08:53:10'),
(10,	'12929',	'Dreams Centre Dispensary (Langata)',	47,	NULL,	1,	NULL,	NULL,	'2022-05-16 10:55:01',	'2022-06-28 09:40:36'),
(11,	'13249',	'Waithaka Health Centre',	47,	NULL,	1,	NULL,	NULL,	'2022-05-16 10:55:01',	'2022-06-28 09:40:36'),
(12,	'13240',	'Umoja Health Centre',	47,	NULL,	1,	NULL,	NULL,	'2022-05-16 10:55:01',	'2022-06-28 09:40:36'),
(13,	'13234',	'Tabitha Medical Clinic',	47,	NULL,	1,	NULL,	NULL,	'2022-05-16 10:55:01',	'2022-06-28 09:40:36'),
(14,	'13180',	'Sex Workers Operation Project (Swop)',	47,	NULL,	1,	NULL,	NULL,	'2022-05-16 10:55:01',	'2022-06-30 08:53:10'),
(15,	'23200',	'bar Hostess Empowerment & Support programme-Roysambu',	47,	NULL,	1,	NULL,	NULL,	'2022-05-16 10:55:01',	'2022-06-30 08:53:09'),
(16,	'18896',	'Swop Thika Road',	47,	NULL,	1,	NULL,	NULL,	'2022-05-16 10:55:01',	NULL),
(17,	'19271',	'Swop Korogocho',	47,	NULL,	1,	NULL,	NULL,	'2022-05-16 10:55:01',	NULL),
(18,	'19719',	'Swop Kawangware',	47,	NULL,	1,	NULL,	NULL,	'2022-05-16 10:55:01',	NULL),
(19,	'13210',	'St Joseph\'s Dispensary (Dagoretti)',	47,	NULL,	1,	NULL,	NULL,	'2022-05-16 10:55:01',	'2022-06-28 09:40:36'),
(20,	'13188',	'Sokoni Arcade VCT',	47,	NULL,	1,	NULL,	NULL,	'2022-05-16 10:55:01',	NULL),
(21,	'13186',	'Silanga (MSF Belgium) Dispensary',	47,	NULL,	1,	NULL,	NULL,	'2022-05-16 10:55:01',	'2022-06-28 09:40:36'),
(22,	'13171',	'Ruai Health Centre',	47,	NULL,	1,	NULL,	NULL,	'2022-05-16 10:55:01',	'2022-06-28 09:40:36'),
(23,	'13165',	'Riruta Health Centre',	47,	NULL,	1,	NULL,	NULL,	'2022-05-16 10:55:01',	'2022-06-28 09:40:36'),
(24,	'28592',	'LVCT Health (Ngando Dreams Site)',	47,	NULL,	1,	NULL,	NULL,	'2022-05-16 10:55:01',	'2022-06-30 08:53:08'),
(25,	'13156',	'Pumwani Maternity Hospital',	47,	4,	1,	NULL,	NULL,	'2022-05-16 10:55:01',	'2023-04-05 06:33:59'),
(26,	'13155',	'Pumwani Majengo Dispensary',	47,	NULL,	1,	NULL,	NULL,	'2022-05-16 10:55:01',	'2022-06-30 08:53:10'),
(27,	'13126',	'Njiru  Health Centre',	47,	NULL,	1,	NULL,	NULL,	'2022-05-16 10:55:01',	'2022-06-30 08:53:10'),
(28,	'12893',	'Chandaria Health Centre',	47,	NULL,	1,	NULL,	NULL,	'2022-05-16 10:55:01',	'2022-06-28 09:40:36'),
(29,	'13122',	'Ngara Health Centre (City Council of Nairobi)',	47,	4,	1,	NULL,	NULL,	'2022-05-16 10:55:01',	'2023-04-05 06:33:59'),
(30,	'13113',	'Nairobi South Clinic',	47,	NULL,	1,	NULL,	NULL,	'2022-05-16 10:55:01',	'2022-06-28 09:40:36'),
(31,	'13108',	'Nairobi Deaf (Liverpool)',	47,	NULL,	1,	NULL,	NULL,	'2022-05-16 10:55:01',	NULL),
(32,	'13105',	'Mutuini Sub-District Hospital',	47,	NULL,	1,	NULL,	NULL,	'2022-05-16 10:55:01',	'2022-06-28 09:40:36'),
(33,	'13076',	'Mathari Hospital',	47,	4,	1,	NULL,	NULL,	'2022-05-16 10:55:01',	'2023-04-05 06:33:59'),
(34,	'19308',	'Maisha House VCT (Noset)',	47,	NULL,	1,	NULL,	NULL,	'2022-05-16 10:55:01',	'2022-06-30 08:53:09'),
(35,	'13051',	'Loco Dispensary',	47,	NULL,	1,	NULL,	NULL,	'2022-05-16 10:55:01',	'2022-06-28 09:40:36'),
(36,	'13050',	'Liverpool VCT',	47,	NULL,	1,	NULL,	NULL,	'2022-05-16 10:55:01',	'2022-06-28 09:40:36'),
(37,	'13041',	'Langata Subcounty Hospital(Mugumoini)',	47,	NULL,	1,	NULL,	NULL,	'2022-05-16 10:55:01',	'2022-06-30 08:53:10'),
(38,	'23414',	'Kware Dispensary',	47,	NULL,	1,	NULL,	NULL,	'2022-05-16 10:55:01',	'2022-06-28 09:40:36'),
(39,	'13028',	'Kibera Community Health Centre - Amref',	47,	NULL,	1,	NULL,	NULL,	'2022-05-16 10:55:01',	'2022-06-28 09:40:36'),
(40,	'13023',	'Kenyatta National Hospital',	47,	4,	1,	NULL,	NULL,	'2022-05-16 10:55:01',	'2023-04-05 06:33:59'),
(41,	'13015',	'Kayole I Health Centre',	47,	NULL,	1,	NULL,	NULL,	'2022-05-16 10:55:01',	'2022-06-30 08:53:10'),
(42,	'12871',	'APTC Health Centre',	47,	NULL,	1,	NULL,	NULL,	'2022-05-16 10:55:01',	'2022-06-30 08:53:10'),
(43,	'12913',	'Dandora I Health Centre',	47,	NULL,	1,	NULL,	NULL,	'2022-05-16 10:55:01',	'2022-06-28 09:40:36'),
(44,	'12930',	'Eastleigh Health Centre',	47,	NULL,	1,	NULL,	NULL,	'2022-05-16 10:55:01',	'2022-06-28 09:40:36'),
(45,	'13029',	'Kibera D O Dispensary',	47,	NULL,	1,	NULL,	NULL,	'2022-05-16 10:55:01',	'2022-06-28 09:40:36'),
(46,	'13009',	'Karura Health Centre (Kiambu Rd)',	47,	NULL,	1,	NULL,	NULL,	'2022-05-16 10:55:01',	'2022-06-28 09:40:36'),
(47,	'13003',	'Karen Health Centre',	47,	NULL,	1,	NULL,	NULL,	'2022-05-16 10:55:01',	'2022-06-28 09:40:36'),
(48,	'12998',	'Kaloleni Dispensary',	47,	NULL,	1,	NULL,	NULL,	'2022-05-16 10:55:01',	'2022-06-28 09:40:36'),
(49,	'19471',	'Iom Wellness Clinic',	47,	NULL,	1,	NULL,	NULL,	'2022-05-16 10:55:01',	'2022-06-28 09:40:36'),
(50,	'13245',	'Ushirika Medical Clinic',	47,	NULL,	1,	NULL,	NULL,	'2022-05-16 10:55:01',	'2022-06-28 09:40:36'),
(51,	'13019',	'Kemri VCT',	47,	NULL,	1,	NULL,	NULL,	'2022-05-16 10:55:01',	'2022-06-30 08:53:10'),
(52,	'12889',	'Cana Family Life Clinic',	47,	NULL,	1,	NULL,	NULL,	'2022-05-16 10:55:01',	'2022-06-28 09:40:36'),
(53,	'12876',	'Babadogo Health Centre',	47,	NULL,	1,	NULL,	NULL,	'2022-05-16 10:55:01',	'2022-06-28 09:40:36'),
(54,	'20402',	'Support For Addiction Prevention & Treatment In Africa',	47,	NULL,	1,	NULL,	NULL,	'2022-06-13 10:03:01',	'2022-06-30 08:53:09'),
(55,	'23786',	'NGARA MAT CLINIC',	47,	NULL,	1,	NULL,	NULL,	'2022-06-13 10:05:58',	'2022-06-30 08:53:09'),
(56,	'13079',	'Mathari MAT',	47,	NULL,	1,	NULL,	NULL,	'2022-06-13 10:08:48',	'2022-06-13 10:08:48'),
(57,	'12883',	'Biafra Lions Clinic',	47,	NULL,	1,	NULL,	NULL,	'2022-06-20 12:46:18',	'2022-06-28 09:40:36'),
(58,	'12977',	'Patanisho Maternity and Nursing Home',	47,	NULL,	1,	NULL,	NULL,	'2022-06-20 12:46:57',	'2022-06-30 08:53:10'),
(59,	'12919',	'Dog Unit Dispensary (O P Kenya Police)',	47,	NULL,	1,	NULL,	NULL,	'2022-06-21 13:57:46',	'2022-06-30 08:53:10'),
(60,	'13138',	'Pangani Dispensary',	47,	NULL,	1,	NULL,	NULL,	'2022-06-22 13:07:06',	'2022-06-28 09:40:36'),
(61,	'13184',	'Shauri Moyo Clinic',	47,	NULL,	1,	NULL,	NULL,	'2022-06-22 13:07:59',	'2022-06-30 08:53:10'),
(62,	'13239',	'Uhuru Camp Dispensary (O P Admin Police)',	47,	NULL,	1,	NULL,	NULL,	'2022-06-22 13:08:42',	'2022-06-30 08:53:10'),
(66,	'13130',	'National Youth Service Hq Dispensary (Ruaraka)',	47,	NULL,	1,	NULL,	NULL,	'2022-06-22 13:59:28',	'2022-06-30 08:53:10'),
(68,	'28742',	'SWOP Majengo clinic',	47,	NULL,	1,	NULL,	NULL,	'2022-06-27 06:17:25',	'2022-06-27 06:17:25'),
(69,	'13078',	'Mathare Police Depot',	47,	NULL,	1,	NULL,	NULL,	'2022-06-27 10:28:47',	'2022-06-28 09:40:36'),
(70,	'13259',	'Woodley Clinic',	47,	NULL,	1,	NULL,	NULL,	'2022-06-28 06:57:58',	'2022-06-28 09:40:36'),
(71,	'12989',	'Jerusalem Clinic',	47,	NULL,	1,	NULL,	NULL,	'2022-06-28 07:07:58',	'2022-06-28 09:40:36'),
(72,	'12961',	'Gsu Dispensary (Nairobi West)',	47,	NULL,	1,	NULL,	NULL,	'2022-06-28 08:32:42',	'2022-06-28 09:40:36'),
(73,	'12963',	'Gsu Hq Dispensary (Ruaraka)',	47,	NULL,	1,	NULL,	NULL,	'2022-06-28 08:33:28',	'2022-06-28 09:40:36'),
(74,	'12962',	'GSUTraining School',	47,	NULL,	1,	NULL,	NULL,	'2022-06-28 08:33:54',	'2022-06-30 08:53:10'),
(75,	'18505',	'KEMRI Mimosa',	47,	NULL,	1,	NULL,	NULL,	'2022-06-28 08:37:22',	'2022-06-30 08:53:10'),
(76,	'13030',	'Kibera South Health Centre',	47,	NULL,	1,	NULL,	NULL,	'2022-06-28 08:40:14',	'2022-06-28 09:40:36'),
(77,	'26911',	'Noset Maisha House',	47,	NULL,	1,	NULL,	NULL,	'2022-06-28 08:44:32',	'2022-06-30 08:53:09'),
(78,	'13144',	'South B Police Band Dispensary',	47,	NULL,	1,	NULL,	NULL,	'2022-06-28 08:47:15',	'2022-06-28 09:40:36'),
(346,	'28885',	'Mama Margaret Uhuru Hospital',	47,	NULL,	1,	NULL,	NULL,	'2022-06-30 08:53:08',	'2022-06-30 08:53:08'),
(383,	'28552',	'Ngomongo Dispensary',	47,	NULL,	1,	NULL,	NULL,	'2022-06-30 08:53:08',	'2022-06-30 08:53:08'),
(408,	'27815',	'Tassia Health Centre',	47,	NULL,	1,	NULL,	NULL,	'2022-06-30 08:53:08',	'2022-06-30 08:53:08'),
(409,	'28373',	'Njenga Health Centre',	47,	NULL,	1,	NULL,	NULL,	'2022-06-30 08:53:08',	'2022-06-30 08:53:08'),
(441,	'27196',	'Gatina Dispensary(Dagoretti)',	47,	NULL,	1,	NULL,	NULL,	'2022-06-30 08:53:09',	'2022-06-30 08:53:09'),
(455,	'26913',	'Ushirika Dispensary (Dandora)',	47,	NULL,	1,	NULL,	NULL,	'2022-06-30 08:53:09',	'2022-06-30 08:53:09'),
(570,	'24979',	'Kenyatta University Teaching Refferal and Research Hospital',	47,	NULL,	1,	NULL,	NULL,	'2022-06-30 08:53:09',	'2022-06-30 08:53:09');

DROP TABLE IF EXISTS `facility_visits`;
CREATE TABLE `facility_visits` (
  `id` int(11) NOT NULL AUTO_INCREMENT,
  `facility_id` int(11) NOT NULL,
  `visit_date` date NOT NULL,
  `latitude` double DEFAULT NULL,
  `longitude` double DEFAULT NULL,
  `created_by` int(11) NOT NULL,
  `created_at` timestamp NULL DEFAULT current_timestamp(),
  `updated_at` timestamp NULL DEFAULT current_timestamp() ON UPDATE current_timestamp(),
  PRIMARY KEY (`id`),
  UNIQUE KEY `unique_facility_visit` (`facility_id`,`visit_date`),
  KEY `fk_visit_creator` (`created_by`),
  CONSTRAINT `fk_visit_creator` FOREIGN KEY (`created_by`) REFERENCES `users` (`id`) ON UPDATE CASCADE,
  CONSTRAINT `fk_visit_facility` FOREIGN KEY (`facility_id`) REFERENCES `facilities` (`id`) ON UPDATE CASCADE
) ENGINE=InnoDB DEFAULT CHARSET=utf8mb4 COLLATE=utf8mb4_general_ci;

INSERT INTO `facility_visits` (`id`, `facility_id`, `visit_date`, `latitude`, `longitude`, `created_by`, `created_at`, `updated_at`) VALUES
(9,	2,	'2023-04-06',	-1.0759715,	36.96405,	1,	'2023-04-07 12:47:08',	'2023-04-07 12:47:08'),
(10,	3,	'2023-04-24',	-1.2833,	36.8166,	1,	'2023-05-02 15:12:16',	'2023-05-02 15:12:16'),
(11,	4,	'2023-05-01',	-1.2905710207399839,	36.78589494910797,	1,	'2023-05-08 09:13:40',	'2023-05-08 09:13:40'),
(12,	2,	'2023-07-07',	-1.2920659,	36.8219462,	1,	'2023-07-07 09:18:18',	'2023-07-07 09:18:18');

DROP TABLE IF EXISTS `frequencies`;
CREATE TABLE `frequencies` (
  `id` int(11) NOT NULL AUTO_INCREMENT,
  `name` varchar(98) NOT NULL,
  `days` int(11) NOT NULL,
  `created_at` timestamp NULL DEFAULT current_timestamp(),
  `updated_at` timestamp NULL DEFAULT current_timestamp() ON UPDATE current_timestamp(),
  PRIMARY KEY (`id`),
  UNIQUE KEY `unique_frequency_name` (`name`)
) ENGINE=InnoDB DEFAULT CHARSET=utf8mb4 COLLATE=utf8mb4_general_ci;

INSERT INTO `frequencies` (`id`, `name`, `days`, `created_at`, `updated_at`) VALUES
(1,	'Regular',	7,	'2023-02-28 11:56:43',	'2023-02-28 11:56:43'),
(2,	'Monthly',	30,	'2023-02-28 11:56:58',	'2023-02-28 11:56:58'),
(3,	'Quarterly',	90,	'2023-02-28 11:57:34',	'2023-02-28 11:57:34'),
(4,	'Semi-annual',	182,	'2023-02-28 11:58:03',	'2023-02-28 11:58:03'),
(5,	'Annual',	365,	'2023-02-28 11:58:20',	'2023-02-28 11:58:20');

DROP TABLE IF EXISTS `notifications`;
CREATE TABLE `notifications` (
  `id` int(11) NOT NULL AUTO_INCREMENT,
  `user_id` int(11) NOT NULL DEFAULT 0,
  `message` varchar(200) NOT NULL,
  `read` tinyint(1) NOT NULL DEFAULT 0,
  `mail_sent` tinyint(4) NOT NULL DEFAULT 0,
  `created_at` timestamp NULL DEFAULT current_timestamp(),
  `updated_at` timestamp NULL DEFAULT NULL,
  PRIMARY KEY (`id`),
  KEY `FK_notification_user` (`user_id`),
  CONSTRAINT `FK_notification_user` FOREIGN KEY (`user_id`) REFERENCES `users` (`id`) ON UPDATE CASCADE
) ENGINE=InnoDB DEFAULT CHARSET=utf8mb4 COLLATE=utf8mb4_general_ci;

INSERT INTO `notifications` (`id`, `user_id`, `message`, `read`, `mail_sent`, `created_at`, `updated_at`) VALUES
(676,	1,	'You have been assigned an action point(Test title)',	1,	0,	'2023-03-15 09:03:14',	'2023-04-05 06:34:34'),
(677,	1,	'You have been assigned an action point(Test two)',	0,	0,	'2023-03-15 09:11:54',	'2023-03-15 09:11:54'),
(678,	4,	'You have been assigned an action point(Test two)',	0,	0,	'2023-03-15 09:11:54',	'2023-03-15 09:11:54'),
(679,	1,	'You have been assigned an action point(This is test title)',	0,	0,	'2023-03-15 09:47:04',	'2023-03-15 09:47:04'),
(680,	3,	'You have been assigned an action point(This is test title)',	0,	0,	'2023-03-15 09:47:04',	'2023-03-15 09:47:04'),
(681,	34,	'You have been assigned an action point( Ting - Sex Workers Outreach Program (Kibra))',	0,	0,	'2023-04-03 11:47:05',	'2023-04-03 11:47:05'),
(682,	40,	'You have been assigned an action point( Ting - Sex Workers Outreach Program (Kibra))',	0,	0,	'2023-04-03 11:47:05',	'2023-04-03 11:47:05'),
(683,	11,	'You have been assigned an action point( Test  - Huruma Lions Dispensary)',	0,	0,	'2023-04-05 08:52:21',	'2023-04-05 08:52:21'),
(684,	3,	'You have been assigned an action point( Test2 - Huruma Lions Dispensary)',	0,	0,	'2023-04-05 08:53:03',	'2023-04-05 08:53:03'),
(685,	11,	'You have been assigned an action point( Baggot - Huruma Lions Dispensary)',	0,	0,	'2023-04-05 08:54:32',	'2023-04-05 08:54:32'),
(686,	22,	'You have been assigned an action point( Baggot - Huruma Lions Dispensary)',	0,	0,	'2023-04-05 08:54:32',	'2023-04-05 08:54:32'),
(687,	2,	'You have been assigned an action point( Bagg - Huruma Lions Dispensary)',	0,	0,	'2023-04-05 08:56:09',	'2023-04-05 08:56:09'),
(688,	4,	'You have been assigned an action point( Bagg - Huruma Lions Dispensary)',	0,	0,	'2023-04-05 08:56:09',	'2023-04-05 08:56:09'),
(689,	2,	'You have been assigned an action point( Bagg - Huruma Lions Dispensary)',	0,	0,	'2023-04-05 08:56:51',	'2023-04-05 08:56:51'),
(690,	4,	'You have been assigned an action point( Bagg - Huruma Lions Dispensary)',	0,	0,	'2023-04-05 08:56:51',	'2023-04-05 08:56:51'),
(691,	2,	'You have been assigned an action point( Bagg - Huruma Lions Dispensary)',	0,	0,	'2023-04-05 08:57:35',	'2023-04-05 08:57:35'),
(692,	4,	'You have been assigned an action point( Bagg - Huruma Lions Dispensary)',	0,	0,	'2023-04-05 08:57:35',	'2023-04-05 08:57:35'),
(693,	2,	'You have been assigned an action point( Bagg - Huruma Lions Dispensary)',	0,	0,	'2023-04-05 08:59:08',	'2023-04-05 08:59:08'),
(694,	4,	'You have been assigned an action point( Bagg - Huruma Lions Dispensary)',	0,	0,	'2023-04-05 08:59:08',	'2023-04-05 08:59:08'),
(695,	2,	'You have been assigned an action point( Bagg - Huruma Lions Dispensary)',	0,	0,	'2023-04-05 08:59:21',	'2023-04-05 08:59:21'),
(696,	4,	'You have been assigned an action point( Bagg - Huruma Lions Dispensary)',	0,	0,	'2023-04-05 08:59:21',	'2023-04-05 08:59:21'),
(697,	2,	'You have been assigned an action point( Bagg - Huruma Lions Dispensary)',	0,	0,	'2023-04-05 09:02:40',	'2023-04-05 09:02:40'),
(698,	4,	'You have been assigned an action point( Bagg - Huruma Lions Dispensary)',	0,	0,	'2023-04-05 09:02:40',	'2023-04-05 09:02:40'),
(699,	2,	'You have been assigned an action point( Bagg - Huruma Lions Dispensary)',	0,	0,	'2023-04-05 09:02:44',	'2023-04-05 09:02:44'),
(700,	4,	'You have been assigned an action point( Bagg - Huruma Lions Dispensary)',	0,	0,	'2023-04-05 09:02:44',	'2023-04-05 09:02:44'),
(701,	2,	'You have been assigned an action point( Bagg - Huruma Lions Dispensary)',	0,	0,	'2023-04-05 09:03:52',	'2023-04-05 09:03:52'),
(702,	4,	'You have been assigned an action point( Bagg - Huruma Lions Dispensary)',	0,	0,	'2023-04-05 09:03:52',	'2023-04-05 09:03:52'),
(703,	2,	'You have been assigned an action point( Bagg - Huruma Lions Dispensary)',	0,	0,	'2023-04-05 09:04:06',	'2023-04-05 09:04:06'),
(704,	4,	'You have been assigned an action point( Bagg - Huruma Lions Dispensary)',	0,	0,	'2023-04-05 09:04:06',	'2023-04-05 09:04:06'),
(705,	3,	'You have been assigned an action point( Do That - Embakasi Health Centre)',	0,	0,	'2023-04-06 12:23:15',	'2023-04-06 12:23:15'),
(706,	11,	'You have been assigned an action point( Do That - Embakasi Health Centre)',	0,	0,	'2023-04-06 12:23:15',	'2023-04-06 12:23:15'),
(707,	1,	'You have been assigned an action point( Missing Algorithm - Embakasi Health Centre)',	0,	0,	'2023-05-02 14:53:26',	'2023-05-02 14:53:26'),
(708,	31,	'You have been assigned an action point( Missing Algorithm - Embakasi Health Centre)',	0,	0,	'2023-05-02 14:53:26',	'2023-05-02 14:53:26'),
(709,	1,	'You have been assigned an action point( Test Kits Missing - Embakasi Health Centre)',	0,	0,	'2023-05-02 14:56:08',	'2023-05-02 14:56:08'),
(710,	31,	'You have been assigned an action point( Test Kits Missing - Embakasi Health Centre)',	0,	0,	'2023-05-02 14:56:08',	'2023-05-02 14:56:08'),
(711,	1,	'You have been assigned an action point( Provide  OPD/IPD line listing register - Embakasi Health Centre)',	0,	0,	'2023-05-02 15:10:36',	'2023-05-02 15:10:36'),
(712,	2,	'You have been assigned an action point( Provide  OPD/IPD line listing register - Embakasi Health Centre)',	0,	0,	'2023-05-02 15:10:36',	'2023-05-02 15:10:36'),
(713,	31,	'You have been assigned an action point( Provide  OPD/IPD line listing register - Embakasi Health Centre)',	0,	0,	'2023-05-02 15:10:36',	'2023-05-02 15:10:36'),
(714,	1,	'You have been assigned an action point( Provide HTS Protocol - Huruma Lions Dispensary)',	0,	0,	'2023-05-02 15:15:38',	'2023-05-02 15:15:38'),
(715,	2,	'You have been assigned an action point( Provide HTS Protocol - Huruma Lions Dispensary)',	0,	0,	'2023-05-02 15:15:38',	'2023-05-02 15:15:38');

DROP TABLE IF EXISTS `questions`;
CREATE TABLE `questions` (
  `id` int(11) NOT NULL AUTO_INCREMENT,
  `question` text NOT NULL,
  `category` enum('individual','facility','sdp') NOT NULL DEFAULT 'facility',
  `frequency_id` int(11) NOT NULL,
  `frm_option` text NOT NULL,
  `type` enum('check_opt','textfield_s','radio_opt','number_opt') NOT NULL,
  `order_by` int(11) NOT NULL DEFAULT 0,
  `section_id` int(11) NOT NULL,
  `date_created` datetime NOT NULL DEFAULT current_timestamp(),
  `created_by` int(11) NOT NULL,
  `created_at` timestamp NULL DEFAULT current_timestamp(),
  `updated_at` timestamp NULL DEFAULT current_timestamp() ON UPDATE current_timestamp(),
  PRIMARY KEY (`id`),
  KEY `fk_question_section` (`section_id`),
  KEY `fk_question_created_by` (`created_by`),
  KEY `fk_question_frequency` (`frequency_id`),
  CONSTRAINT `fk_question_created_by` FOREIGN KEY (`created_by`) REFERENCES `users` (`id`) ON UPDATE CASCADE,
  CONSTRAINT `fk_question_frequency` FOREIGN KEY (`frequency_id`) REFERENCES `frequencies` (`id`) ON UPDATE CASCADE,
  CONSTRAINT `fk_question_section` FOREIGN KEY (`section_id`) REFERENCES `sections` (`id`) ON DELETE CASCADE ON UPDATE CASCADE
) ENGINE=InnoDB DEFAULT CHARSET=utf8mb4 COLLATE=utf8mb4_general_ci;

INSERT INTO `questions` (`id`, `question`, `category`, `frequency_id`, `frm_option`, `type`, `order_by`, `section_id`, `date_created`, `created_by`, `created_at`, `updated_at`) VALUES
(95,	'Does this facility have the most current national HTS guidelines?',	'facility',	5,	'{\"nZaCI\":\"HTS2016\",\"juoap\":\"aPNS_HIVST\",\"mvGxe\":\"PrEP\",\"HZTAd\":\"GBV\"}',	'check_opt',	0,	7,	'2023-04-07 16:17:51',	1,	'2023-04-07 12:17:51',	'2023-04-07 12:17:51'),
(96,	'Does the facility have the current HTS eligibility screening algrorithms?',	'sdp',	5,	'{\"GOyvR\":\"Paediatric\",\"ziqFa\":\"Adolescent\",\"TYHrA\":\"Adult\"}',	'check_opt',	0,	7,	'2023-04-07 16:17:51',	1,	'2023-04-07 12:17:51',	'2023-04-07 12:17:51'),
(97,	'Does this facility have the most current national testing algorithm?',	'sdp',	5,	'{\"zgfnJ\":\"yes\",\"skyZL\":\"no\"}',	'radio_opt',	0,	7,	'2023-04-07 16:17:51',	1,	'2023-04-07 12:17:51',	'2023-04-07 12:17:51'),
(98,	'Does the facility have SOP for testing?',	'facility',	5,	'{\"IvHoD\":\"Adults\",\"QLVPR\":\"Children\",\"DlFqT\":\"Adolescents\"}',	'check_opt',	0,	7,	'2023-04-07 16:17:51',	1,	'2023-04-07 12:17:51',	'2023-04-07 12:17:51'),
(99,	'Does the facility have the updated HTS Protocols?',	'facility',	5,	'{\"pfAJK\":\"yes\",\"uiHrP\":\"no\"}',	'radio_opt',	0,	7,	'2023-04-07 16:17:51',	1,	'2023-04-07 12:17:51',	'2023-04-07 12:17:51'),
(100,	'Does the facility have HTC referral and treatment linkage job aid/Algorithm?',	'sdp',	5,	'{\"klySX\":\"yes\",\"nCcvG\":\"no\"}',	'radio_opt',	0,	7,	'2023-04-07 16:17:51',	1,	'2023-04-07 12:17:51',	'2023-04-07 12:17:51'),
(101,	'Does the Facility have the following Index testing SOPs?',	'facility',	5,	'{\"LBNdH\":\"6Cs\",\"IKmbD\":\"Principles of aPNS\",\"AwKWP\":\"aPNS algorithm\",\"IWoTL\":\"SEIT SOP\",\"YbemH\":\"IPV Screening & response\",\"gDoHw\":\"Adverse Events reporting and response\",\"KkzXq\":\"Reporting confidentiality Violation\",\"zfrJV\":\"Data sharing SOP\"}',	'check_opt',	0,	7,	'2023-04-07 16:17:51',	1,	'2023-04-07 12:17:51',	'2023-04-07 12:17:51'),
(102,	'Does the facility have waste segragation job aids?',	'sdp',	5,	'{\"MXQPl\":\"yes\",\"VbFSZ\":\"no\"}',	'radio_opt',	0,	7,	'2023-04-07 16:17:51',	1,	'2023-04-07 12:17:51',	'2023-04-07 12:17:51'),
(103,	'Does the facility have PITC protocal?',	'facility',	5,	'{\"SNQji\":\"yes\",\"tLcpX\":\"no\"}',	'radio_opt',	0,	7,	'2023-04-07 16:17:51',	1,	'2023-04-07 12:17:51',	'2023-04-07 12:17:51'),
(104,	'Does the facility have PEP protocal?',	'sdp',	3,	'{\"AOCbq\":\"yes\",\"axKpf\":\"no\"}',	'radio_opt',	0,	7,	'2023-04-07 16:17:51',	1,	'2023-04-07 12:17:51',	'2023-04-07 12:17:51'),
(105,	'Does the facilty have condom demonstration job aids?',	'sdp',	5,	'{\"Yrpaz\":\"Female Condom\",\"JOaSp\":\"Male Condom\"}',	'check_opt',	0,	7,	'2023-04-07 16:17:51',	1,	'2023-04-07 12:17:51',	'2023-04-07 12:17:51'),
(106,	'Does the facility have demonstration Models for Condoms?',	'sdp',	5,	'{\"UdXaP\":\"Female\",\"nWObv\":\"Male\"}',	'check_opt',	0,	7,	'2023-04-07 16:17:51',	1,	'2023-04-07 12:17:51',	'2023-04-07 12:17:51'),
(107,	'Does the facilty have safety SOP/Manual?',	'facility',	5,	'{\"hIFgK\":\"yes\",\"gAUzw\":\"no\"}',	'radio_opt',	0,	7,	'2023-04-07 16:17:51',	1,	'2023-04-07 12:17:51',	'2023-04-07 12:17:51'),
(108,	'Are there Test Kits interpretation Charts in this facility?',	'sdp',	5,	'{\"mWrqK\":\"Determine\",\"ZECGA\":\"First Response\",\"lDagJ\":\"Dual Kits\",\"aJKyL\":\"HIVST\"}',	'check_opt',	0,	7,	'2023-04-07 16:17:51',	1,	'2023-04-07 12:17:51',	'2023-04-07 12:17:51'),
(109,	'Does this site have confidentaiality Policy?',	'facility',	5,	'{\"HPdCa\":\"yes\",\"BqAbI\":\"no\"}',	'radio_opt',	0,	7,	'2023-04-07 16:17:51',	1,	'2023-04-07 12:17:51',	'2023-04-07 12:17:51'),
(110,	'Does this site have Stigma and Discrimination Policy?',	'sdp',	5,	'{\"ZnksH\":\"yes\",\"AVKei\":\"no\"}',	'radio_opt',	0,	7,	'2023-04-07 16:17:51',	1,	'2023-04-07 12:17:51',	'2023-04-07 12:17:51'),
(111,	'Is the HTS eligibility screening conducted in a space which provide the required confidentiality?',	'sdp',	5,	'{\"iNsyu\":\"yes\",\"pbozY\":\"no\"}',	'radio_opt',	0,	8,	'2023-04-07 16:22:46',	1,	'2023-04-07 12:22:46',	'2023-04-07 12:22:46'),
(112,	'Has the SDP intergrated eligibility screening for HTS, TB and Covid 19',	'sdp',	3,	'{\"vIKlu\":\"yes\",\"qGIiu\":\"no\"}',	'radio_opt',	0,	8,	'2023-04-07 16:22:46',	1,	'2023-04-07 12:22:46',	'2023-04-07 12:22:46'),
(113,	'Does the SDP have the current OPD/IPD linelisting register which capture HTS, TB and Covid 19 Screening (Calculate %- Num: Available/Total SDPs)',	'sdp',	3,	'',	'number_opt',	0,	8,	'2023-04-07 16:22:46',	1,	'2023-04-07 12:22:46',	'2023-04-07 12:22:46'),
(114,	'Review of the uptake of HTS eligibility screening in OPD Clinics/MCH (check OPD/IPD line listing register and  OPD/MNCH registers (Workload) to determine the proportion screened in the last 1 month)  (refer to MOH 717)',	'sdp',	1,	'',	'number_opt',	0,	8,	'2023-04-07 16:22:46',	1,	'2023-04-07 12:22:46',	'2023-04-07 12:22:46'),
(115,	'Using the OPD/IPD linelisting register review 20 eligible clients and confirm if they are tested using the MOH 362 (Calculate %)',	'individual',	1,	'',	'number_opt',	0,	8,	'2023-04-07 16:22:46',	1,	'2023-04-07 12:22:46',	'2023-04-07 12:22:46'),
(116,	'Using the OPD/IPD linelisting register review 10 clients with signs and symptoms of TB and check if they are documented in the presumptive TB register (Calculate %)',	'individual',	1,	'',	'number_opt',	0,	8,	'2023-04-07 16:22:46',	1,	'2023-04-07 12:22:46',	'2023-04-07 12:22:46'),
(133,	'Is the HTS register complete and properly populated? (Review the most recent positives in last 1 months)',	'individual',	2,	'{\"MZPWT\":\"week1\",\"cYSdt\":\"week2\",\"hqfuK\":\"week3\",\"rJYmN\":\"week4\"}',	'check_opt',	0,	9,	'2023-04-07 16:34:44',	1,	'2023-04-07 12:34:44',	'2023-04-07 12:34:44'),
(134,	'Is there evidence of retesting as per national guidelines?( Check if  the clients testing  HIV positive in the last 3 months  have been documented to be retested)',	'individual',	2,	'{\"cNPyR\":\"Month1\",\"SeVWy\":\"Month2\",\"GuCFl\":\"Month3\"}',	'check_opt',	0,	9,	'2023-04-07 16:34:44',	1,	'2023-04-07 12:34:44',	'2023-04-07 12:34:44'),
(135,	'Is there evidence of strategies specific to identification of Men?',	'facility',	1,	'{\"IKnST\":\"Extended hours\",\"WJZum\":\"Community outreaches\",\"oVBlz\":\"Multi dx screening\",\"tSPpQ\":\"Male champions\",\"Ktrkp\":\"Other (specify)\"}',	'check_opt',	0,	9,	'2023-04-07 16:34:44',	1,	'2023-04-07 12:34:44',	'2023-04-07 12:34:44'),
(136,	'Is there evidence of strategies specific to identification of AYP?',	'facility',	1,	'{\"KcSsE\":\"community\",\"lXeaJ\":\"youth friendly\",\"iIAOG\":\"SNS\",\"pQJna\":\"Champions\",\"hGHbp\":\"Other(Specify) \"}',	'check_opt',	0,	9,	'2023-04-07 16:34:44',	1,	'2023-04-07 12:34:44',	'2023-04-07 12:34:44'),
(137,	'Does the Facility/Counselor have the current version of PNS registers (2022)?',	'individual',	1,	'{\"wPztl\":\"yes\",\"toLum\":\"no\"}',	'radio_opt',	0,	10,	'2023-04-07 16:38:24',	1,	'2023-04-07 12:38:24',	'2023-04-07 12:38:24'),
(138,	'IS the PNS register completely and Accurately documented including summaries',	'individual',	1,	'{\"NJgOW\":\"yes\",\"ZCELz\":\"no\"}',	'radio_opt',	0,	10,	'2023-04-07 16:38:24',	1,	'2023-04-07 12:38:24',	'2023-04-07 12:38:24'),
(139,	'IS the PNS registers reviewed regularly (atleast monthly)',	'individual',	1,	'{\"hkFTB\":\"yes\",\"oLvOQ\":\"no\"}',	'radio_opt',	0,	10,	'2023-04-07 16:38:24',	1,	'2023-04-07 12:38:24',	'2023-04-07 12:38:24'),
(140,	'Review uptake of Index testing services by comparing  the new HTS POS >15years and clients screened for Index testing (Calculate Screening uptake: Num: Number screened/New POS 15yrs and above)',	'individual',	1,	'',	'number_opt',	0,	10,	'2023-04-07 16:38:24',	1,	'2023-04-07 12:38:24',	'2023-04-07 12:38:24'),
(141,	'Is the facility offering expanded aPNS (Review evidence for Screening beyond the new HIV POS)',	'individual',	1,	'{\"Jeiqt\":\"yes\",\"wJgkI\":\"no\"}',	'radio_opt',	0,	10,	'2023-04-07 16:38:24',	1,	'2023-04-07 12:38:24',	'2023-04-07 12:38:24'),
(142,	'Review the index client testing and calculate the elicitation ratio for Sexual partners (Elicitation=SPs elicited:Index screened) Ecpected 1:2',	'individual',	1,	'',	'number_opt',	0,	10,	'2023-04-07 16:38:24',	1,	'2023-04-07 12:38:24',	'2023-04-07 12:38:24'),
(143,	'Review the last 10 Women aged 20 above and children listed in the aPNS register- Calculate Percentage of women with Children listed (Num- No. Women aged 20yrs above with children listed/Den_Women 20yrs and above screened for Index testing)',	'individual',	1,	'',	'number_opt',	0,	10,	'2023-04-07 16:38:24',	1,	'2023-04-07 12:38:24',	'2023-04-07 12:38:24'),
(144,	'Review the Contacts elicited in the preceding 3 months and calculate the testing uptake (Number tested/Number elicited in the last 3 months)',	'individual',	1,	'',	'number_opt',	0,	10,	'2023-04-07 16:38:24',	1,	'2023-04-07 12:38:24',	'2023-04-07 12:38:24'),
(145,	'Review the clients offered Index testing in the last quarter and check what proportion have adverse Event monitoring outcome documented post the service (calculate %)',	'individual',	1,	'',	'number_opt',	0,	10,	'2023-04-07 16:38:24',	1,	'2023-04-07 12:38:24',	'2023-04-07 12:38:24'),
(146,	'Have all the adverse Events reported in the facility have been investigated and responded and necessary tools updated?',	'individual',	1,	'',	'number_opt',	0,	10,	'2023-04-07 16:38:24',	1,	'2023-04-07 12:38:24',	'2023-04-07 12:38:24'),
(147,	'Does the Counselor/Facility have SNS register',	'individual',	1,	'{\"jlADQ\":\"yes\",\"PlDwH\":\"no\"}',	'radio_opt',	0,	11,	'2023-04-07 16:43:39',	1,	'2023-04-07 12:43:39',	'2023-04-07 12:43:39'),
(148,	'Is the SNS register completely and Accuartely documented including Monthly summaries',	'individual',	1,	'{\"rbVhU\":\"yes\",\"AYrtS\":\"no\"}',	'radio_opt',	0,	11,	'2023-04-07 16:43:39',	1,	'2023-04-07 12:43:39',	'2023-04-07 12:43:39'),
(149,	'IS the SNS registers reviewed regularly (atleast Monthly)',	'individual',	1,	'{\"boGgv\":\"yes\",\"szJeL\":\"no\"}',	'radio_opt',	0,	11,	'2023-04-07 16:43:39',	1,	'2023-04-07 12:43:39',	'2023-04-07 12:43:39'),
(150,	'Review if SNS is offered for the 3 types of Seeds- Review the last 3 months and check if it has the three seed types have  (New Positive, High risk Negative, Peer Educator)',	'individual',	1,	'',	'number_opt',	0,	11,	'2023-04-07 16:43:39',	1,	'2023-04-07 12:43:39',	'2023-04-07 12:43:39'),
(151,	'Review the SNS register and check social network members listed in the preceding 3 months and calculate testing uptake (Testing uptake= SN Members tested/SN members listed in the last 3 months X 100)',	'individual',	1,	'',	'number_opt',	0,	11,	'2023-04-07 16:43:39',	1,	'2023-04-07 12:43:39',	'2023-04-07 12:43:39'),
(152,	'Is linkage and referral register complete and all actions documented?',	'individual',	1,	'{\"iDatX\":\"yes\",\"vlKVL\":\"no\"}',	'radio_opt',	0,	12,	'2023-04-07 16:50:27',	1,	'2023-04-07 12:50:27',	'2023-04-07 12:50:27'),
(153,	'Review the last 10 clients identified as HIV positives from the HTS register to determine the percentage who were successfully linked to treatment services (Evidence of CCC Number).',	'individual',	1,	'',	'number_opt',	0,	12,	'2023-04-07 16:50:27',	1,	'2023-04-07 12:50:27',	'2023-04-07 12:50:27'),
(154,	'Check the Last 5 clients not linked on same day or Reffered outside and review for tracking as per the Linkage Algorithm. (Calculate Percentage tracked as per the algorithm=Number tracked as per algorithm/Number not linked same day+number reffered outside for Linkage)',	'individual',	1,	'',	'number_opt',	0,	12,	'2023-04-07 16:50:27',	1,	'2023-04-07 12:50:27',	'2023-04-07 12:50:27'),
(155,	'Review the clients tested HIV Negative in the last 1 month from the HTS register and check for evidence of linkage to any form of prevention services. Calculate proportion offered the services (Prevention services: PrEP, PEP, Condoms, Counselling, VMMC etc) (calculation: =Number linked to prevention services/Number tested Negative 15 years above in the last 1 month)',	'individual',	1,	'',	'number_opt',	0,	12,	'2023-04-07 16:50:27',	1,	'2023-04-07 12:50:27',	'2023-04-07 12:50:27'),
(156,	'Were the HIV Positive clients linked to case management teams? (Calculate Linkage= Number Linked to CMTs/Number tested POS in the last 1 Month)',	'individual',	1,	'',	'number_opt',	0,	12,	'2023-04-07 16:50:27',	1,	'2023-04-07 12:50:27',	'2023-04-07 12:50:27'),
(157,	'Does the facility conduct RS?',	'facility',	1,	'{\"rmNsi\":\"yes\",\"AWjdy\":\"no\"}',	'radio_opt',	0,	13,	'2023-04-07 16:56:22',	1,	'2023-04-07 12:56:22',	'2023-04-07 12:56:22'),
(158,	'Does the facility have HTS RS Master file',	'facility',	1,	'{\"UWIMi\":\"yes\",\"oKzdn\":\"no\"}',	'radio_opt',	0,	13,	'2023-04-07 16:56:22',	1,	'2023-04-07 12:56:22',	'2023-04-07 12:56:22'),
(159,	'Does the SDP have a HTS SDP RS file?',	'sdp',	1,	'{\"SXqUP\":\"yes\",\"gBGQx\":\"no\"}',	'radio_opt',	0,	13,	'2023-04-07 16:56:22',	1,	'2023-04-07 12:56:22',	'2023-04-07 12:56:22'),
(160,	'Review the last 10 RSLRFs and check for accuracy and completeness',	'individual',	1,	'',	'number_opt',	0,	13,	'2023-04-07 16:56:22',	1,	'2023-04-07 12:56:22',	'2023-04-07 12:56:22'),
(161,	'Review the Last 10 HIV Postives 15 and above and calculate the percentage tested for RS (Calulate- No. tested for HIV RS/ No. HIV POS 15yrs and above)',	'individual',	1,	'',	'number_opt',	0,	13,	'2023-04-07 16:56:22',	1,	'2023-04-07 12:56:22',	'2023-04-07 12:56:22'),
(162,	'Check for RS data transmission to national dashboard- Review the RSLRFs for the last 3 months and confirm they have sent successfully in the ODK (calculate Percentage sent successfully)',	'facility',	1,	'',	'number_opt',	0,	13,	'2023-04-07 16:56:22',	1,	'2023-04-07 12:56:22',	'2023-04-07 12:56:22'),
(173,	'Review HTS counselor files and check if all the providers have undergone NASCOP certified HTS training',	'facility',	5,	'{\"diBRr\":\"yes\",\"TmyZb\":\"no\"}',	'radio_opt',	0,	14,	'2023-04-07 17:14:31',	1,	'2023-04-07 13:14:31',	'2023-04-07 13:14:31'),
(174,	'Do all the HTS providers have PT results for the most recent round and filed in the facility (Calculate the % of HTS providers with Valid PT results)',	'facility',	4,	'',	'number_opt',	0,	14,	'2023-04-07 17:14:31',	1,	'2023-04-07 13:14:31',	'2023-04-07 13:14:31'),
(175,	'Check What proportion have satisfactory results ',	'facility',	4,	'',	'number_opt',	0,	14,	'2023-04-07 17:14:31',	1,	'2023-04-07 13:14:31',	'2023-04-07 13:14:31'),
(176,	'Review the PT file and check How many HTS counselors with unsatisfactory results and have/undergoing corrective actions for unsatisfactory results? ',	'facility',	3,	'',	'number_opt',	0,	14,	'2023-04-07 17:14:31',	1,	'2023-04-07 13:14:31',	'2023-04-07 13:14:31'),
(177,	'Check if all the HTS providers have received atleast one observed practice in the last 3 months (Determine % of providers who have been observed)',	'facility',	3,	'',	'number_opt',	0,	14,	'2023-04-07 17:14:31',	1,	'2023-04-07 13:14:31',	'2023-04-07 13:14:31'),
(178,	'Review the HTS register and check for complete recording test kit names, expiry date and lot numbers for the last 10 pages. Indicate Yes if documented in all pages and No if missing ',	'individual',	3,	'{\"elitq\":\"yes\",\"jsEVG\":\"no\"}',	'radio_opt',	0,	14,	'2023-04-07 17:14:31',	1,	'2023-04-07 13:14:31',	'2023-04-07 13:14:31'),
(179,	'Have the counselor undergone HTS supervision/Debriefing in the last 3 months? Check Counselor supervision booklet',	'individual',	3,	'{\"hzQVw\":\"yes\",\"GYrgW\":\"no\"}',	'radio_opt',	0,	14,	'2023-04-07 17:14:31',	1,	'2023-04-07 13:14:31',	'2023-04-07 13:14:31'),
(180,	'Does the facility have stocks for HIV testing commodities to last for 3 months for the following Kits (Determine, First response, HIVST, Dual Kit)',	'facility',	3,	'{\"NqJvL\":\"yes\",\"dQJYo\":\"no\"}',	'radio_opt',	0,	15,	'2023-04-07 17:28:55',	1,	'2023-04-07 13:28:55',	'2023-04-07 13:28:55'),
(181,	'Does the SDP have Gloves for supporting HTS',	'sdp',	3,	'{\"zHFda\":\"yes\",\"wbyuG\":\"no\"}',	'radio_opt',	0,	15,	'2023-04-07 17:28:55',	1,	'2023-04-07 13:28:55',	'2023-04-07 13:28:55'),
(182,	'Does the SDP have the 3 waste segregation Bins (Black, Yellow, Red)?',	'sdp',	4,	'{\"TIwsu\":\"yes\",\"wkPaU\":\"no\"}',	'radio_opt',	0,	15,	'2023-04-07 17:28:55',	1,	'2023-04-07 13:28:55',	'2023-04-07 13:28:55'),
(183,	'Does the SDP have the WHO approved sharp containers?',	'sdp',	4,	'{\"PmWYs\":\"yes\",\"RYebi\":\"no\"}',	'radio_opt',	0,	15,	'2023-04-07 17:28:55',	1,	'2023-04-07 13:28:55',	'2023-04-07 13:28:55'),
(184,	'Does the SDP have timers for Conducting HTS?',	'sdp',	4,	'{\"dTyzi\":\"yes\",\"urHjs\":\"no\"}',	'radio_opt',	0,	15,	'2023-04-07 17:28:55',	1,	'2023-04-07 13:28:55',	'2023-04-07 13:28:55'),
(185,	'Does the SDP have Hand washing Equipment?',	'sdp',	4,	'{\"UOVCk\":\"yes\",\"nTidx\":\"no\"}',	'radio_opt',	0,	15,	'2023-04-07 17:28:55',	1,	'2023-04-07 13:28:55',	'2023-04-07 13:28:55'),
(186,	'Does the SDP have Lockable cabinets for storing client records?',	'sdp',	4,	'{\"aZIyM\":\"yes\",\"gqnDN\":\"no\"}',	'radio_opt',	0,	15,	'2023-04-07 17:28:55',	1,	'2023-04-07 13:28:55',	'2023-04-07 13:28:55'),
(187,	'Does the facility have a dedicated HTS Phone for patient follow up?',	'facility',	4,	'{\"LqwtR\":\"yes\",\"ziwjV\":\"no\"}',	'radio_opt',	0,	15,	'2023-04-07 17:28:55',	1,	'2023-04-07 13:28:55',	'2023-04-07 13:28:55'),
(188,	'Are phone Logs available at this facility?',	'facility',	5,	'{\"SFdUD\":\"yes\",\"FaUHc\":\"no\"}',	'radio_opt',	0,	15,	'2023-04-07 17:28:55',	1,	'2023-04-07 13:28:55',	'2023-04-07 13:28:55'),
(189,	'Does the facility have updated referral directories?',	'facility',	4,	'{\"YWJKu\":\"yes\",\"ixaeA\":\"no\"}',	'radio_opt',	0,	15,	'2023-04-07 17:28:55',	1,	'2023-04-07 13:28:55',	'2023-04-07 13:28:55'),
(190,	'Does the HTS counselor have a labcoat?',	'individual',	5,	'{\"OIVMx\":\"yes\",\"TjDhH\":\"no\"}',	'radio_opt',	0,	15,	'2023-04-07 17:28:55',	1,	'2023-04-07 13:28:55',	'2023-04-07 13:28:55'),
(191,	'Do facility staff have access to PEP at the facility?',	'facility',	4,	'{\"RbJuq\":\"yes\",\"QjTxV\":\"no\"}',	'radio_opt',	0,	15,	'2023-04-07 17:28:55',	1,	'2023-04-07 13:28:55',	'2023-04-07 13:28:55'),
(192,	'Does the SDP have a room thermometer?',	'facility',	4,	'{\"KsETS\":\"yes\",\"tExRh\":\"no\"}',	'radio_opt',	0,	15,	'2023-04-07 17:28:55',	1,	'2023-04-07 13:28:55',	'2023-04-07 13:28:55'),
(193,	'Has the HTS counselor signed a confidentiality agreement?',	'individual',	5,	'{\"nHuYC\":\"yes\",\"WsTta\":\"no\"}',	'radio_opt',	0,	16,	'2023-04-07 17:31:39',	1,	'2023-04-07 13:31:39',	'2023-04-07 13:31:39'),
(194,	'Has the HTS provider been trained on SEIT',	'individual',	5,	'{\"tXwgn\":\"yes\",\"FCdqf\":\"no\"}',	'radio_opt',	0,	16,	'2023-04-07 17:31:39',	1,	'2023-04-07 13:31:39',	'2023-04-07 13:31:39'),
(195,	'Has the HTS provider been trained on GBV lives',	'individual',	5,	'{\"RzpJT\":\"yes\",\"NTYEy\":\"no\"}',	'radio_opt',	0,	16,	'2023-04-07 17:31:39',	1,	'2023-04-07 13:31:39',	'2023-04-07 13:31:39'),
(196,	'Has the HTS provider been trained on RS',	'individual',	5,	'{\"uGnEO\":\"yes\",\"rscvl\":\"no\"}',	'radio_opt',	0,	16,	'2023-04-07 17:31:39',	1,	'2023-04-07 13:31:39',	'2023-04-07 13:31:39'),
(197,	'Has the HTS provider been trained on Safety in HTS',	'individual',	5,	'{\"xMLJy\":\"yes\",\"ELUWI\":\"no\"}',	'radio_opt',	0,	16,	'2023-04-07 17:31:39',	1,	'2023-04-07 13:31:39',	'2023-04-07 13:31:39'),
(198,	'Has the HTS provider been trained on RTCQI',	'individual',	5,	'{\"gleKw\":\"yes\",\"SchfX\":\"no\"}',	'radio_opt',	0,	16,	'2023-04-07 17:31:39',	1,	'2023-04-07 13:31:39',	'2023-04-07 13:31:39'),
(199,	'Has the HTS provider received refresher training within the last 12 months',	'individual',	5,	'{\"akiWI\":\"yes\",\"EUelT\":\"no\"}',	'radio_opt',	0,	16,	'2023-04-07 17:31:39',	1,	'2023-04-07 13:31:39',	'2023-04-07 13:31:39'),
(200,	'Has the HTS Eligibility screener trained on HTS eligibility screening',	'individual',	5,	'{\"FsPpY\":\"yes\",\"BYshp\":\"no\"}',	'radio_opt',	0,	16,	'2023-04-07 17:31:39',	1,	'2023-04-07 13:31:39',	'2023-04-07 13:31:39'),
(201,	'Has the HTS counselor undertaken any HTS relevant trainings? ',	'individual',	3,	'{\"Ylomp\":\"yes\",\"VkdmC\":\"no\"}',	'radio_opt',	0,	16,	'2023-04-07 17:31:39',	1,	'2023-04-07 13:31:39',	'2023-04-07 13:31:39'),
(202,	'Has the HTS counselor participated in other in service trainings? ',	'individual',	3,	'{\"wfAOZ\":\"yes\",\"ZDmEp\":\"no\"}',	'radio_opt',	0,	16,	'2023-04-07 17:31:39',	1,	'2023-04-07 13:31:39',	'2023-04-07 13:31:39'),
(203,	'Have all the trainnings undertaken above updated in the facility trainning  log? ',	'individual',	3,	'{\"IiBWQ\":\"yes\",\"IyXuz\":\"no\"}',	'radio_opt',	0,	16,	'2023-04-07 17:31:39',	1,	'2023-04-07 13:31:39',	'2023-04-07 13:31:39'),
(204,	'Does the facility have a HTS related CQI project',	'facility',	3,	'{\"LlVTF\":\"yes\",\"IGzls\":\"no\"}',	'radio_opt',	0,	17,	'2023-04-07 17:33:47',	1,	'2023-04-07 13:33:47',	'2023-04-07 13:33:47'),
(205,	'Has the HTS CQI project been uploaded and monitored through the CQI dashboard',	'facility',	3,	'{\"WPkRm\":\"yes\",\"pisoW\":\"no\"}',	'radio_opt',	0,	17,	'2023-04-07 17:33:47',	1,	'2023-04-07 13:33:47',	'2023-04-07 13:33:47'),
(206,	'Does the facility have minutes for the HTS CQI project within the  reporting period  ',	'facility',	3,	'{\"GevWp\":\"yes\",\"sTUet\":\"no\"}',	'radio_opt',	0,	17,	'2023-04-07 17:33:47',	1,	'2023-04-07 13:33:47',	'2023-04-07 13:33:47'),
(207,	'Is the HTS CQI Project on  course based on the implemtaiom timeline (Review minutes and runchart)',	'facility',	3,	'{\"yMzST\":\"yes\",\"ayKQZ\":\"no\"}',	'radio_opt',	0,	17,	'2023-04-07 17:33:47',	1,	'2023-04-07 13:33:47',	'2023-04-07 13:33:47'),
(208,	'IS the CQI project monitored frequently as per the CQI plan (Check for updated run Chart)',	'facility',	3,	'{\"aWtZq\":\"yes\",\"FdfpC\":\"no\"}',	'radio_opt',	0,	17,	'2023-04-07 17:33:47',	1,	'2023-04-07 13:33:47',	'2023-04-07 13:33:47'),
(209,	'Has the CQI meetings conducted as per the QI plan and meetings documented',	'facility',	3,	'{\"ZEHGx\":\"yes\",\"eqobV\":\"no\"}',	'radio_opt',	0,	17,	'2023-04-07 17:33:47',	1,	'2023-04-07 13:33:47',	'2023-04-07 13:33:47'),
(210,	'Which services are offered in this facility?',	'facility',	5,	'{\"IQnCA\":\"ART\",\"OEJmC\":\"GBV\",\"Pmvgu\":\"MAT\",\"qJVls\":\"KP PWUD\",\"OUeGb\":\"KP C&TTB\"}',	'check_opt',	0,	18,	'2023-05-08 11:50:46',	1,	'2023-05-08 07:50:46',	'2023-05-08 07:50:46'),
(211,	'Ordering site categorization - ART',	'facility',	5,	'{\"wjOBE\":\"SATELITE\",\"RLXyx\":\"STAND ALONE\",\"qIioh\":\"CENTRAL SITE\"}',	'radio_opt',	0,	18,	'2023-05-08 11:50:46',	1,	'2023-05-08 07:50:46',	'2023-05-08 07:50:46'),
(212,	'Ordering site categorization - TB',	'facility',	5,	'{\"puAOT\":\"SATELITE\",\"hMRXp\":\"STAND ALONE\",\"FzWyD\":\"CENTRAL SITE\"}',	'radio_opt',	0,	18,	'2023-05-08 11:50:46',	1,	'2023-05-08 07:50:46',	'2023-05-08 07:50:46'),
(213,	'Classify the pharmacy department',	'facility',	5,	'{\"WKOeP\":\"INTERGRATED\",\"zKShT\":\"CCC\",\"xecaq\":\"TB\",\"ylkLG\":\"SPECIALIZED\"}',	'radio_opt',	0,	18,	'2023-05-08 11:50:46',	1,	'2023-05-08 07:50:46',	'2023-05-08 07:50:46'),
(214,	'Does the site have MOH 729B rights on KHIS?',	'facility',	2,	'{\"aWPxY\":\"YES\",\"VYvuW\":\"NO\"}',	'radio_opt',	0,	19,	'2023-05-08 11:55:56',	1,	'2023-05-08 07:55:56',	'2023-05-08 07:55:56'),
(215,	'Does the site have MOH 730B rights on KHIS?',	'facility',	2,	'{\"KERHs\":\"YES\",\"byvZV\":\"NO\"}',	'radio_opt',	0,	19,	'2023-05-08 11:55:56',	1,	'2023-05-08 07:55:56',	'2023-05-08 07:55:56'),
(216,	'Was MOH 729B reported last month?',	'facility',	2,	'{\"ZsOai\":\"YES\",\"bhrzP\":\"NO\"}',	'radio_opt',	0,	19,	'2023-05-08 11:55:56',	1,	'2023-05-08 07:55:56',	'2023-05-08 07:55:56'),
(217,	'Was MOH 730reported last month?',	'facility',	2,	'{\"kElTN\":\"YES\",\"VkvuG\":\"NO\"}',	'radio_opt',	0,	19,	'2023-05-08 11:55:56',	1,	'2023-05-08 07:55:56',	'2023-05-08 07:55:56'),
(218,	'Is the facility incorporated on the commodity dashboard/allocation platform for ART?',	'facility',	2,	'{\"OugXM\":\"YES\",\"LkEft\":\"NO\"}',	'radio_opt',	0,	19,	'2023-05-08 11:55:56',	1,	'2023-05-08 07:55:56',	'2023-05-08 07:55:56'),
(219,	'Compare MOH 729B and MOH 731-3 for Tx Curr concordance',	'facility',	2,	'',	'textfield_s',	0,	19,	'2023-05-08 11:55:56',	1,	'2023-05-08 07:55:56',	'2023-05-08 07:55:56'),
(220,	'Compare overrall accountability accuracy of last month MOH 730B ((BB+REC)-DISP=SOH)',	'facility',	2,	'',	'textfield_s',	0,	19,	'2023-05-08 11:55:56',	1,	'2023-05-08 07:55:56',	'2023-05-08 07:55:56'),
(221,	'Does the site have TB FCDRR 2017 rights on KHIS?',	'facility',	2,	'{\"dxFWq\":\"YES\",\"HNlpE\":\"NO\"}',	'radio_opt',	0,	19,	'2023-05-08 11:55:56',	1,	'2023-05-08 07:55:56',	'2023-05-08 07:55:56'),
(222,	'Was TB FCDRR 2017 reported last month?',	'facility',	2,	'{\"DedKz\":\"YES\",\"uMEyR\":\"NO\"}',	'radio_opt',	0,	19,	'2023-05-08 11:55:56',	1,	'2023-05-08 07:55:56',	'2023-05-08 07:55:56'),
(223,	'Is the facility incorporated on the commodity dashboard/allocation platform for TB?',	'facility',	2,	'{\"wxUMy\":\"YES\",\"mDHMF\":\"NO\"}',	'radio_opt',	0,	19,	'2023-05-08 11:55:56',	1,	'2023-05-08 07:55:56',	'2023-05-08 07:55:56'),
(224,	'Does the site use inventory management tools (e.g., stock cards and S11s) to keep stock records',	'facility',	2,	'{\"CwUha\":\"YES\",\"buKdE\":\"NO\"}',	'radio_opt',	0,	19,	'2023-05-08 11:55:56',	1,	'2023-05-08 07:55:56',	'2023-05-08 07:55:56'),
(225,	'Compare the delivery notes from the central store with the stock control cards',	'facility',	2,	'',	'textfield_s',	0,	19,	'2023-05-08 11:55:56',	1,	'2023-05-08 07:55:56',	'2023-05-08 07:55:56'),
(226,	'Compare the positive and negative adjustments vouchers with stock control cards',	'facility',	2,	'',	'textfield_s',	0,	19,	'2023-05-08 11:55:56',	1,	'2023-05-08 07:55:56',	'2023-05-08 07:55:56'),
(227,	'Does the facility have a bulk store?',	'facility',	2,	'{\"FsUKp\":\"YES\",\"qNVHk\":\"NO\"}',	'radio_opt',	0,	20,	'2023-06-09 08:32:04',	1,	'2023-06-09 04:32:04',	'2023-06-09 04:32:04'),
(228,	'Is there adequate shelving to store products?',	'facility',	2,	'{\"hTEMU\":\"YES\",\"xsHjz\":\"NO\"}',	'radio_opt',	0,	20,	'2023-06-09 08:32:04',	1,	'2023-06-09 04:32:04',	'2023-06-09 04:32:04'),
(229,	'Are there enough pallets?',	'facility',	2,	'{\"krgcy\":\"YES\",\"rMwdP\":\"NO\"}',	'radio_opt',	0,	20,	'2023-06-09 08:32:04',	1,	'2023-06-09 04:32:04',	'2023-06-09 04:32:04'),
(230,	'Is there a track expiry chart?',	'facility',	2,	'{\"IqPTV\":\"YES\",\"FKqMm\":\"NO\"}',	'radio_opt',	0,	20,	'2023-06-09 08:32:04',	1,	'2023-06-09 04:32:04',	'2023-06-09 04:32:04'),
(231,	'Does the facility have a functional refrigerator?',	'facility',	2,	'{\"agqLt\":\"YES\",\"eJYrA\":\"NO\"}',	'radio_opt',	0,	20,	'2023-06-09 08:32:04',	1,	'2023-06-09 04:32:04',	'2023-06-09 04:32:04'),
(232,	'Does the bulk store have a functional room thermometer with a log?',	'facility',	2,	'{\"WLFTG\":\"YES\",\"acBZt\":\"NO\"}',	'radio_opt',	0,	20,	'2023-06-09 08:32:04',	1,	'2023-06-09 04:32:04',	'2023-06-09 04:32:04'),
(233,	'Does the facility have a functional refrigerator thermometer with a log?',	'facility',	2,	'{\"iLYaN\":\"YES\",\"NUdwD\":\"NO\"}',	'radio_opt',	0,	20,	'2023-06-09 08:32:04',	1,	'2023-06-09 04:32:04',	'2023-06-09 04:32:04'),
(234,	'Is there a file for delivery notes and vouchers?',	'facility',	2,	'{\"BGuhM\":\"YES\",\"QlsPx\":\"NO\"}',	'radio_opt',	0,	20,	'2023-06-09 08:32:04',	1,	'2023-06-09 04:32:04',	'2023-06-09 04:32:04'),
(235,	'Are stock cards updated on a transactional basis (i.e., whenever stock is sent from the storage site to another site or within the facility)',	'facility',	2,	'{\"sfmlg\":\"YES\",\"hVQvR\":\"NO\"}',	'radio_opt',	0,	20,	'2023-06-09 08:32:04',	1,	'2023-06-09 04:32:04',	'2023-06-09 04:32:04'),
(236,	'Consider the store, is it clean, free from evidence of pests or animals?',	'facility',	2,	'{\"vVgac\":\"YES\",\"nwXVv\":\"NO\"}',	'radio_opt',	0,	20,	'2023-06-09 08:32:04',	1,	'2023-06-09 04:32:04',	'2023-06-09 04:32:04'),
(237,	'Consider the store, is it well-ventilated and cool',	'facility',	2,	'{\"GLWTS\":\"YES\",\"iWVjf\":\"NO\"}',	'radio_opt',	0,	20,	'2023-06-09 08:32:04',	1,	'2023-06-09 04:32:04',	'2023-06-09 04:32:04'),
(238,	'Consider the store, is it equipped to store products on shelves/pallets/in cabinets and \nnot on the floor or crushing each other',	'facility',	2,	'{\"kOSyf\":\"YES\",\"EWpwM\":\"NO\"}',	'radio_opt',	0,	20,	'2023-06-09 08:32:04',	1,	'2023-06-09 04:32:04',	'2023-06-09 04:32:04'),
(239,	'Consider the store, is it designed to shield all products from direct sunlight',	'facility',	2,	'{\"imDOb\":\"YES\",\"SfZCz\":\"NO\"}',	'radio_opt',	0,	20,	'2023-06-09 08:32:04',	1,	'2023-06-09 04:32:04',	'2023-06-09 04:32:04'),
(240,	'Consider the store, is it  free from ceiling leaks',	'facility',	2,	'{\"uKnIO\":\"YES\",\"eEUZQ\":\"NO\"}',	'radio_opt',	0,	20,	'2023-06-09 08:32:04',	1,	'2023-06-09 04:32:04',	'2023-06-09 04:32:04'),
(241,	'Consider the store, is it able to separate expired products from usable products',	'facility',	2,	'{\"rmEpO\":\"YES\",\"mUpgc\":\"NO\"}',	'radio_opt',	0,	20,	'2023-06-09 08:32:04',	1,	'2023-06-09 04:32:04',	'2023-06-09 04:32:04'),
(242,	'Consider the store, is it a secure storage facility with a lock or the ability to lock away all \ncommodities and/or a security guard',	'facility',	2,	'{\"qAmYb\":\"YES\",\"wvqVR\":\"NO\"}',	'radio_opt',	0,	20,	'2023-06-09 08:32:04',	1,	'2023-06-09 04:32:04',	'2023-06-09 04:32:04'),
(243,	'Does the facility have a patient waiting area at the pharmacy?',	'facility',	2,	'{\"EFdMI\":\"YES\",\"znrXy\":\"NO\"}',	'radio_opt',	0,	21,	'2023-06-09 08:37:39',	1,	'2023-06-09 04:37:39',	'2023-06-09 04:37:39'),
(244,	'Are there dispensing tables/windows and chairs?',	'facility',	2,	'{\"NisoE\":\"YES\",\"UEPeK\":\"NO\"}',	'radio_opt',	0,	21,	'2023-06-09 08:37:39',	1,	'2023-06-09 04:37:39',	'2023-06-09 04:37:39'),
(245,	'Does the dispensing area allow for proper medication use counselling ensuring privacy?',	'facility',	2,	'{\"EPJzr\":\"YES\",\"jcSUg\":\"NO\"}',	'radio_opt',	0,	21,	'2023-06-09 08:37:39',	1,	'2023-06-09 04:37:39',	'2023-06-09 04:37:39'),
(246,	'Does the dispensing area have electricity?',	'facility',	2,	'{\"hwQkX\":\"YES\",\"PcsVd\":\"NO\"}',	'radio_opt',	0,	21,	'2023-06-09 08:37:39',	1,	'2023-06-09 04:37:39',	'2023-06-09 04:37:39'),
(247,	'Who does the dispensing of the medication?',	'facility',	2,	'{\"ZqaLc\":\"PHARMACIST\",\"kAaSz\":\"PHARM TECH\",\"kQKnV\":\"CLINICIAN\",\"NGuKs\":\"NURSE\",\"iyWcw\":\"PEER \"}',	'radio_opt',	0,	21,	'2023-06-09 08:37:39',	1,	'2023-06-09 04:37:39',	'2023-06-09 04:37:39'),
(248,	'What tools are used to record dispensing records? ',	'facility',	2,	'{\"XlciC\":\"DAR\",\"LClRd\":\"ADT\",\"tWOmu\":\"OTHER SOFTWARE\"}',	'check_opt',	0,	21,	'2023-06-09 08:37:39',	1,	'2023-06-09 04:37:39',	'2023-06-09 04:37:39'),
(249,	'Are there job aids on good dispensing practices available?',	'facility',	2,	'{\"HZYgP\":\"YES\",\"PeWgK\":\"NO\"}',	'radio_opt',	0,	21,	'2023-06-09 08:37:39',	1,	'2023-06-09 04:37:39',	'2023-06-09 04:37:39'),
(250,	'Are there records (or documentation) of dispensed medications AND written medication dispensing protocols?',	'facility',	2,	'{\"SiquL\":\"YES\",\"CAhIY\":\"NO\"}',	'radio_opt',	0,	21,	'2023-06-09 08:37:39',	1,	'2023-06-09 04:37:39',	'2023-06-09 04:37:39'),
(251,	'Does the dispensing area contain SOPS?',	'facility',	2,	'{\"vhHmD\":\"YES\",\"wuLDi\":\"NO\"}',	'radio_opt',	0,	21,	'2023-06-09 08:37:39',	1,	'2023-06-09 04:37:39',	'2023-06-09 04:37:39'),
(252,	'If using registers, are dispensing records legible, complete (i.e., all required information is provided) and up-to-date?',	'facility',	2,	'{\"Qhelv\":\"YES\",\"PyEpx\":\"NO\"}',	'radio_opt',	0,	21,	'2023-06-09 08:37:39',	1,	'2023-06-09 04:37:39',	'2023-06-09 04:37:39'),
(253,	'Has the staff been trained on vigilance activities?',	'facility',	2,	'{\"gjnMH\":\"YES\",\"YoLxv\":\"NO\"}',	'radio_opt',	0,	22,	'2023-06-09 08:39:22',	1,	'2023-06-09 04:39:22',	'2023-06-09 04:39:22'),
(254,	'Does the facility have PV guidelines available?',	'facility',	2,	'{\"hIWUj\":\"YES\",\"IFxQd\":\"NO\"}',	'radio_opt',	0,	22,	'2023-06-09 08:39:22',	1,	'2023-06-09 04:39:22',	'2023-06-09 04:39:22'),
(255,	'Does the facility have reporting tools?',	'facility',	2,	'{\"ITwxo\":\"YES\",\"MwvoP\":\"NO\"}',	'radio_opt',	0,	22,	'2023-06-09 08:39:22',	1,	'2023-06-09 04:39:22',	'2023-06-09 04:39:22'),
(256,	'Does the facility staff have PVERs login credentials?',	'facility',	2,	'{\"zlkVK\":\"YES\",\"MUiYX\":\"NO\"}',	'radio_opt',	0,	22,	'2023-06-09 08:39:22',	1,	'2023-06-09 04:39:22',	'2023-06-09 04:39:22'),
(257,	'Does the facility have a file on PV reports?',	'facility',	2,	'{\"xJfRh\":\"YES\",\"ztfKe\":\"NO\"}',	'radio_opt',	0,	22,	'2023-06-09 08:39:22',	1,	'2023-06-09 04:39:22',	'2023-06-09 04:39:22'),
(258,	'Is there evidence to show reporting to the IP level?',	'facility',	2,	'{\"vbiFu\":\"YES\",\"NToxm\":\"NO\"}',	'radio_opt',	0,	22,	'2023-06-09 08:39:22',	1,	'2023-06-09 04:39:22',	'2023-06-09 04:39:22'),
(259,	'Is there evidence to show reporting to the SC level?',	'facility',	2,	'{\"rWaLJ\":\"YES\",\"iUyOI\":\"NO\"}',	'radio_opt',	0,	22,	'2023-06-09 08:39:22',	1,	'2023-06-09 04:39:22',	'2023-06-09 04:39:22'),
(260,	'Is the CCC Clinic aware on how to report AEs via Kenya EMR?',	'facility',	2,	'{\"awfij\":\"YES\",\"FJStm\":\"NO\"}',	'radio_opt',	0,	22,	'2023-06-09 08:39:22',	1,	'2023-06-09 04:39:22',	'2023-06-09 04:39:22'),
(261,	'Is the TB clinic aware on how to report AEs on TIBU?',	'facility',	2,	'{\"YLsTe\":\"YES\",\"zeyDB\":\"NO\"}',	'radio_opt',	0,	22,	'2023-06-09 08:39:22',	1,	'2023-06-09 04:39:22',	'2023-06-09 04:39:22'),
(262,	'Has this facility failed to receive an ART product it ordered for and did note receive?',	'facility',	2,	'',	'textfield_s',	0,	23,	'2023-06-09 08:40:25',	1,	'2023-06-09 04:40:25',	'2023-06-09 04:40:25'),
(263,	'Has this facility failed to receive an OI product it ordered for and did note receive?',	'facility',	2,	'',	'textfield_s',	0,	23,	'2023-06-09 08:40:25',	1,	'2023-06-09 04:40:25',	'2023-06-09 04:40:25'),
(264,	'Has this facility failed to receive a TB product it ordered for and did note receive?',	'facility',	2,	'',	'textfield_s',	0,	23,	'2023-06-09 08:40:25',	1,	'2023-06-09 04:40:25',	'2023-06-09 04:40:25'),
(265,	'Is this facility currently experiencing low stocks of any HIV or TB product affecting service delivery?',	'facility',	2,	'',	'textfield_s',	0,	23,	'2023-06-09 08:40:25',	1,	'2023-06-09 04:40:25',	'2023-06-09 04:40:25'),
(266,	'Is this facility currently experiencing a stock out of any HIV or TB product affecting service delivery?',	'facility',	2,	'',	'textfield_s',	0,	23,	'2023-06-09 08:40:25',	1,	'2023-06-09 04:40:25',	'2023-06-09 04:40:25'),
(267,	'Temperature logs',	'facility',	2,	'{\"zOHBJ\":\"YES\",\"iKEtd\":\"NO\"}',	'radio_opt',	0,	24,	'2023-06-09 08:41:40',	1,	'2023-06-09 04:41:40',	'2023-06-09 04:41:40'),
(268,	'Organization chart',	'facility',	2,	'{\"RCfiB\":\"YES\",\"WxwXQ\":\"NO\"}',	'radio_opt',	0,	24,	'2023-06-09 08:41:40',	1,	'2023-06-09 04:41:40',	'2023-06-09 04:41:40'),
(269,	'Staff job descriptions',	'facility',	2,	'{\"TgqlO\":\"YES\",\"QpPBJ\":\"NO\"}',	'radio_opt',	0,	24,	'2023-06-09 08:41:40',	1,	'2023-06-09 04:41:40',	'2023-06-09 04:41:40'),
(270,	'Training logs',	'facility',	2,	'{\"zLRFj\":\"YES\",\"dJuGP\":\"NO\"}',	'radio_opt',	0,	24,	'2023-06-09 08:41:40',	1,	'2023-06-09 04:41:40',	'2023-06-09 04:41:40'),
(271,	'Orientation manual and policy',	'facility',	2,	'{\"uIJBh\":\"YES\",\"GqKhM\":\"NO\"}',	'radio_opt',	0,	24,	'2023-06-09 08:41:40',	1,	'2023-06-09 04:41:40',	'2023-06-09 04:41:40'),
(272,	'Staff performance plan and review',	'facility',	2,	'{\"HIPBD\":\"YES\",\"FKHnh\":\"NO\"}',	'radio_opt',	0,	24,	'2023-06-09 08:41:40',	1,	'2023-06-09 04:41:40',	'2023-06-09 04:41:40'),
(273,	'Stock control cards',	'facility',	2,	'{\"HpkvZ\":\"YES\",\"yiBcY\":\"NO\"}',	'radio_opt',	0,	24,	'2023-06-09 08:41:40',	1,	'2023-06-09 04:41:40',	'2023-06-09 04:41:40'),
(274,	'Delivery notes',	'facility',	2,	'{\"fPeUT\":\"YES\",\"SLibc\":\"NO\"}',	'radio_opt',	0,	24,	'2023-06-09 08:41:40',	1,	'2023-06-09 04:41:40',	'2023-06-09 04:41:40'),
(275,	'Issue and requistion booklets',	'facility',	2,	'{\"rIRtq\":\"YES\",\"SxZQe\":\"NO\"}',	'radio_opt',	0,	24,	'2023-06-09 08:41:40',	1,	'2023-06-09 04:41:40',	'2023-06-09 04:41:40'),
(276,	'Issue and requistion forms',	'facility',	2,	'{\"xpsyI\":\"YES\",\"FSxrf\":\"NO\"}',	'radio_opt',	0,	24,	'2023-06-09 08:41:40',	1,	'2023-06-09 04:41:40',	'2023-06-09 04:41:40'),
(277,	'Track expiry charts',	'facility',	2,	'{\"RzHrF\":\"YES\",\"tBgfj\":\"NO\"}',	'radio_opt',	0,	24,	'2023-06-09 08:41:40',	1,	'2023-06-09 04:41:40',	'2023-06-09 04:41:40'),
(278,	'Daily activity register - OPD',	'facility',	2,	'{\"GQsYO\":\"YES\",\"nOTcC\":\"NO\"}',	'radio_opt',	0,	24,	'2023-06-09 08:41:40',	1,	'2023-06-09 04:41:40',	'2023-06-09 04:41:40'),
(279,	'Daily activity register - MOH 367',	'facility',	2,	'{\"ciuAL\":\"YES\",\"MqrHz\":\"NO\"}',	'radio_opt',	0,	24,	'2023-06-09 08:41:40',	1,	'2023-06-09 04:41:40',	'2023-06-09 04:41:40'),
(280,	'PEP register',	'facility',	2,	'{\"udjWa\":\"YES\",\"cneTF\":\"NO\"}',	'radio_opt',	0,	24,	'2023-06-09 08:41:40',	1,	'2023-06-09 04:41:40',	'2023-06-09 04:41:40'),
(281,	'FMAPS and FCDRR',	'facility',	2,	'{\"fUMvx\":\"YES\",\"rkOKp\":\"NO\"}',	'radio_opt',	0,	24,	'2023-06-09 08:41:40',	1,	'2023-06-09 04:41:40',	'2023-06-09 04:41:40'),
(282,	'PV reporting tools (6)',	'facility',	2,	'{\"wtSJD\":\"YES\",\"MHSyD\":\"NO\"}',	'radio_opt',	0,	24,	'2023-06-09 08:41:40',	1,	'2023-06-09 04:41:40',	'2023-06-09 04:41:40'),
(283,	'SOPS',	'facility',	2,	'{\"OlDvE\":\"YES\",\"XDAQn\":\"NO\"}',	'radio_opt',	0,	24,	'2023-06-09 08:41:40',	1,	'2023-06-09 04:41:40',	'2023-06-09 04:41:40'),
(284,	'Standard treatment guidelines/ART/TB/ PV guidelines',	'facility',	2,	'{\"ovfsP\":\"YES\",\"eAuMJ\":\"NO\"}',	'radio_opt',	0,	24,	'2023-06-09 08:41:40',	1,	'2023-06-09 04:41:40',	'2023-06-09 04:41:40'),
(285,	'Dosing charts ART Peads and TB',	'facility',	2,	'{\"ZEXTB\":\"YES\",\"vdlMi\":\"NO\"}',	'radio_opt',	0,	24,	'2023-06-09 08:41:40',	1,	'2023-06-09 04:41:40',	'2023-06-09 04:41:40'),
(286,	'Does this facility have Job Aid for WHO staging adults and adolescents?',	'facility',	5,	'{\"flcag\":\"yes\",\"bsrwn\":\"no\"}',	'radio_opt',	0,	25,	'2023-06-09 10:00:35',	1,	'2023-06-09 06:00:35',	'2023-06-09 06:00:35'),
(287,	'Does this facility have Job Aid for WHO staging children?',	'facility',	5,	'{\"xACIQ\":\"yes\",\"LerVj\":\"no\"}',	'radio_opt',	0,	25,	'2023-06-09 10:00:35',	1,	'2023-06-09 06:00:35',	'2023-06-09 06:00:35'),
(288,	'Does this facility have Job Aid for referral of eligible adults and children for ART initiation?',	'facility',	5,	'{\"dzurM\":\"yes\",\"HRCpq\":\"no\"}',	'radio_opt',	0,	25,	'2023-06-09 10:00:35',	1,	'2023-06-09 06:00:35',	'2023-06-09 06:00:35'),
(289,	'Does this facility have Job Aid for ART initiation in adults?',	'facility',	5,	'{\"lrEnS\":\"yes\",\"uMwaj\":\"no\"}',	'radio_opt',	0,	25,	'2023-06-09 10:00:35',	1,	'2023-06-09 06:00:35',	'2023-06-09 06:00:35'),
(290,	'Does this facility have Job Aid for ART initiation in children (0-14 yrs)?',	'facility',	5,	'{\"oacOv\":\"yes\",\"VOMYB\":\"no\"}',	'radio_opt',	0,	25,	'2023-06-09 10:00:35',	1,	'2023-06-09 06:00:35',	'2023-06-09 06:00:35'),
(291,	'Does this facility have VL monitoring algorithm?',	'facility',	5,	'{\"sdEaA\":\"yes\",\"fURcL\":\"no\"}',	'radio_opt',	0,	25,	'2023-06-09 10:00:35',	1,	'2023-06-09 06:00:35',	'2023-06-09 06:00:35'),
(292,	'Does this facility have package of Care for PLHIV with VL > 200 copies/ml?',	'facility',	5,	'{\"PXHQb\":\"yes\",\"QdCyH\":\"no\"}',	'radio_opt',	0,	25,	'2023-06-09 10:00:35',	1,	'2023-06-09 06:00:35',	'2023-06-09 06:00:35'),
(293,	'Does this facility have Job Aid for cryptococcal Meningitis diagnosis and treatment?',	'facility',	5,	'{\"FkLcz\":\"yes\",\"KjXxi\":\"no\"}',	'radio_opt',	0,	25,	'2023-06-09 10:00:35',	1,	'2023-06-09 06:00:35',	'2023-06-09 06:00:35'),
(294,	'Does ths facility have adherence check list?',	'facility',	5,	'{\"CzSng\":\"yes\",\"AOGFc\":\"no\"}',	'radio_opt',	0,	25,	'2023-06-09 10:00:35',	1,	'2023-06-09 06:00:35',	'2023-06-09 06:00:35'),
(295,	'Does this facility have defaulter tracing algorithm?',	'facility',	5,	'{\"AwEtU\":\"yes\",\"dbZag\":\"no\"}',	'radio_opt',	0,	25,	'2023-06-09 10:00:36',	1,	'2023-06-09 06:00:36',	'2023-06-09 06:00:36'),
(296,	'Does the facility have nutrition flip chart?',	'facility',	5,	'{\"TZhtd\":\"yes\",\"fPWtQ\":\"no\"}',	'radio_opt',	0,	25,	'2023-06-09 10:00:36',	1,	'2023-06-09 06:00:36',	'2023-06-09 06:00:36'),
(297,	'Does this facility have a copy of Kenya HIV treatment guidelines 4th edition - 2011?',	'facility',	5,	'{\"QIbfX\":\"yes\",\"OaHYn\":\"no\"}',	'radio_opt',	0,	26,	'2023-06-09 10:02:33',	1,	'2023-06-09 06:02:33',	'2023-06-09 06:02:33'),
(298,	'Does the facility have a copy of Rapid Advice 2014?',	'facility',	5,	'{\"MhKnd\":\"yes\",\"WMsQF\":\"no\"}',	'radio_opt',	0,	26,	'2023-06-09 10:02:33',	1,	'2023-06-09 06:02:33',	'2023-06-09 06:02:33'),
(299,	'Does the facility have a copy OI manual?',	'facility',	5,	'{\"mqUgl\":\"yes\",\"bnNsd\":\"no\"}',	'radio_opt',	0,	26,	'2023-06-09 10:02:33',	1,	'2023-06-09 06:02:33',	'2023-06-09 06:02:33'),
(306,	' Sum the number of New clients, those suspected of treatment failure( VL>1000cp/ml) and those returning to care after a period of 3 months without ART in the last one month  [A]Frequency Monthly',	'facility',	2,	'',	'number_opt',	0,	27,	'2023-06-09 10:14:52',	1,	'2023-06-09 06:14:52',	'2023-06-09 06:14:52'),
(307,	'Of those eligible clients (Total Q1) above, how many had a CD4 count to screen for AHD?Frequency Monthly',	'facility',	2,	'',	'number_opt',	0,	27,	'2023-06-09 10:14:52',	1,	'2023-06-09 06:14:52',	'2023-06-09 06:14:52'),
(308,	'How many had a CD4 count<200copies/ml',	'facility',	2,	'',	'number_opt',	0,	27,	'2023-06-09 10:14:52',	1,	'2023-06-09 06:14:52',	'2023-06-09 06:14:52'),
(309,	'Of those with CD4 <200copies/ml in Q3 above. How many had a) GeneXpert test b) TB LAM test c) CRAG test Frequency Monthly',	'individual',	2,	'',	'number_opt',	0,	27,	'2023-06-09 10:14:52',	1,	'2023-06-09 06:14:52',	'2023-06-09 06:14:52'),
(310,	'Radomly select 20 files/Charts in Kenya EMR. Count those with complete documentation of clinical notes; Weight, Height, BMI, WHO stg, TB screening, TPT, Adherence assessment, PwP, STI screening. Generate a table of proportionate performanc of these indicators. Disaggregate performance based on clinician who saw the client and mentor on gaps Frequency quarterly',	'individual',	3,	'',	'number_opt',	0,	27,	'2023-06-09 10:14:52',	1,	'2023-06-09 06:14:52',	'2023-06-09 06:14:52'),
(311,	'Randomly pick 20-50 files depending on the siz of the facility.Number of ART files assessed [A] Frequency Monthly',	'facility',	2,	'',	'number_opt',	0,	28,	'2023-06-09 10:19:20',	1,	'2023-06-09 06:19:20',	'2023-06-09 06:19:20'),
(312,	'How many clients were elligible for VL test?Frequency Monthly',	'facility',	2,	'',	'number_opt',	0,	28,	'2023-06-09 10:19:20',	1,	'2023-06-09 06:19:20',	'2023-06-09 06:19:20'),
(313,	'How many elligible clients with VL test done? How many not done? ( Disaggregated by provider who last saw the clientFrequency Monthly',	'individual',	2,	'',	'number_opt',	0,	28,	'2023-06-09 10:19:20',	1,	'2023-06-09 06:19:20',	'2023-06-09 06:19:20'),
(314,	'Sample 20 files with VL > 200 radomly(Frequency quarterly)',	'facility',	3,	'',	'number_opt',	0,	28,	'2023-06-09 10:19:20',	1,	'2023-06-09 06:19:20',	'2023-06-09 06:19:20'),
(315,	'How many  with VL>200 copies  were provided with any EAC and  2.  a) Median  Time to First EAC  (b)  Median Time to second EAC  (c) Median time to 3rd EAC Disaggregated by Provider  Frequency quarterly',	'individual',	3,	'',	'number_opt',	0,	28,	'2023-06-09 10:19:20',	1,	'2023-06-09 06:19:20',	'2023-06-09 06:19:20'),
(316,	'Sample 50 clients  over 50 years',	'facility',	3,	'',	'number_opt',	0,	29,	'2023-06-09 10:20:58',	1,	'2023-06-09 06:20:58',	'2023-06-09 06:20:58'),
(317,	'Count of Q6 above, how many had a random blood sugar count _ ever done ',	'facility',	3,	'',	'number_opt',	0,	29,	'2023-06-09 10:20:58',	1,	'2023-06-09 06:20:58',	'2023-06-09 06:20:58'),
(318,	'Count of Q6, How many have RBS>11MMOL/ML   provided with any intervention expressed as a proportion. Mentor on the gaps',	'individual',	3,	'',	'number_opt',	0,	29,	'2023-06-09 10:20:58',	1,	'2023-06-09 06:20:58',	'2023-06-09 06:20:58'),
(319,	'Count of Q6 above, how many have blood pressure taken expressed as a proportion. Mentor on the gap.',	'individual',	3,	'',	'number_opt',	0,	29,	'2023-06-09 10:20:58',	1,	'2023-06-09 06:20:58',	'2023-06-09 06:20:58'),
(320,	'Count of Q6 above, how many have blood pressure  120/80 to 140/100 mm/ HG provided with any intervention expressed as a proportion. Mentor on gaps',	'individual',	3,	'',	'number_opt',	0,	29,	'2023-06-09 10:20:58',	1,	'2023-06-09 06:20:58',	'2023-06-09 06:20:58'),
(321,	'Count of Q6 above, how many have blood pressure >140/100 MM/HG provided with antihypertension treatment expressed as proportion. Mentor on gaps',	'individual',	3,	'',	'number_opt',	0,	29,	'2023-06-09 10:20:58',	1,	'2023-06-09 06:20:58',	'2023-06-09 06:20:58'),
(322,	'Assess facility performance in AHD screening, Viraemia management, and NCD screeningIf facility is performing  poorly is there a CQI project in the thematic area?Mentor on gaps and institute a CQI project',	'individual',	3,	'',	'number_opt',	0,	30,	'2023-06-09 10:24:54',	1,	'2023-06-09 06:24:54',	'2023-06-09 06:24:54'),
(330,	'Does this facility have the most current national HTS guidelines?',	'facility',	5,	'{\"cUiVd\":\"HTS2016\",\"GQZyk\":\"aPNS_HIVST\",\"EsPrb\":\"PrEP\",\"NrUEY\":\"GBV\"}',	'check_opt',	0,	31,	'2023-07-07 10:37:42',	1,	'2023-07-07 06:37:42',	'2023-07-07 06:37:42'),
(331,	'Does the facility have the current HTS eligibility screening algrorithms?',	'sdp',	5,	'{\"pTSEv\":\"Paediatric\",\"tmiaw\":\"Adolescent\",\"ifyUg\":\"Adult\"}',	'check_opt',	0,	31,	'2023-07-07 10:37:42',	1,	'2023-07-07 06:37:42',	'2023-07-07 06:37:42'),
(332,	'Does this facility have the most current national testing algorithm?',	'sdp',	5,	'{\"riLmO\":\"yes\",\"wLvJT\":\"no\"}',	'radio_opt',	0,	31,	'2023-07-07 10:37:42',	1,	'2023-07-07 06:37:42',	'2023-07-07 06:37:42'),
(333,	'KP implementation guidelines available',	'facility',	3,	'{\"NFjpC\":\"yes\",\"lhSft\":\"no\"}',	'radio_opt',	0,	31,	'2023-07-07 10:37:42',	1,	'2023-07-07 06:37:42',	'2023-07-07 06:37:42'),
(334,	'ART Guidelines (2022)',	'facility',	3,	'{\"YdLkn\":\"yes\",\"LxPFc\":\"no\"}',	'radio_opt',	0,	31,	'2023-07-07 10:37:42',	1,	'2023-07-07 06:37:42',	'2023-07-07 06:37:42'),
(335,	'HTS guidelines available',	'facility',	3,	'{\"BfNwt\":\"yes\",\"vBqht\":\"no\"}',	'radio_opt',	0,	31,	'2023-07-07 10:37:42',	1,	'2023-07-07 06:37:42',	'2023-07-07 06:37:42'),
(336,	'STI Guidelines (2018) available',	'facility',	3,	'{\"CmkgZ\":\"yes\",\"StBuO\":\"no\"}',	'radio_opt',	0,	31,	'2023-07-07 10:37:42',	1,	'2023-07-07 06:37:42',	'2023-07-07 06:37:42'),
(337,	'PrEP Tool Kit available',	'facility',	3,	'{\"lroQq\":\"yes\",\"GxhHX\":\"no\"}',	'radio_opt',	0,	31,	'2023-07-07 10:37:42',	1,	'2023-07-07 06:37:42',	'2023-07-07 06:37:42'),
(338,	'National GBV guidelines',	'facility',	3,	'{\"tTwjy\":\"yes\",\"zOkfE\":\"no\"}',	'radio_opt',	0,	31,	'2023-07-07 10:37:42',	1,	'2023-07-07 06:37:42',	'2023-07-07 06:37:42'),
(339,	'Viral Hepatitis guidelines',	'facility',	3,	'{\"GPfyr\":\"yes\",\"oQnaD\":\"no\"}',	'radio_opt',	0,	31,	'2023-07-07 10:37:42',	1,	'2023-07-07 06:37:42',	'2023-07-07 06:37:42'),
(340,	'Data collection and Reporting',	'facility',	3,	'{\"qoIBR\":\"yes\",\"nOjIp\":\"no\"}',	'radio_opt',	0,	32,	'2023-07-07 10:39:26',	1,	'2023-07-07 06:39:26',	'2023-07-07 06:39:26'),
(341,	'UIC allocation',	'facility',	3,	'{\"NlLnz\":\"yes\",\"OftDS\":\"no\"}',	'radio_opt',	0,	32,	'2023-07-07 10:39:26',	1,	'2023-07-07 06:39:26',	'2023-07-07 06:39:26'),
(342,	'RDQA guide',	'facility',	3,	'{\"NiRHj\":\"yes\",\"xpTkC\":\"no\"}',	'radio_opt',	0,	32,	'2023-07-07 10:39:26',	1,	'2023-07-07 06:39:26',	'2023-07-07 06:39:26'),
(343,	'M&E tool guide',	'facility',	3,	'{\"VlNWz\":\"yes\",\"aCKPH\":\"no\"}',	'radio_opt',	0,	32,	'2023-07-07 10:39:26',	1,	'2023-07-07 06:39:26',	'2023-07-07 06:39:26'),
(344,	'Filling and data storage',	'facility',	3,	'{\"JiIhO\":\"yes\",\"gXydn\":\"no\"}',	'radio_opt',	0,	32,	'2023-07-07 10:39:26',	1,	'2023-07-07 06:39:26',	'2023-07-07 06:39:26'),
(345,	'Are Data review meeting reports available and signed?',	'individual',	1,	'{\"KIbVl\":\"yes\",\"PDbGv\":\"no\"}',	'radio_opt',	0,	33,	'2023-07-07 10:41:45',	1,	'2023-07-07 06:41:45',	'2023-07-07 06:41:45'),
(346,	'Are Activity reports (Outreach)available?',	'individual',	1,	'{\"vASQV\":\"yes\",\"lTNIW\":\"no\"}',	'radio_opt',	0,	33,	'2023-07-07 10:41:45',	1,	'2023-07-07 06:41:45',	'2023-07-07 06:41:45'),
(347,	'Are Monthly reports (Data and narrative) avilable?',	'individual',	1,	'{\"Wizob\":\"yes\",\"LgrZR\":\"no\"}',	'radio_opt',	0,	33,	'2023-07-07 10:41:45',	1,	'2023-07-07 06:41:45',	'2023-07-07 06:41:45'),
(348,	'QA/QI Activities ( QI workplan, QI Run Chart, DQA Summary )? Check for gaps and interventions',	'facility',	3,	'',	'textfield_s',	0,	33,	'2023-07-07 10:41:45',	1,	'2023-07-07 06:41:45',	'2023-07-07 06:41:45'),
(349,	'Are Site Supervision Reports available?',	'facility',	3,	'{\"mUuaw\":\"yes\",\"GiLbB\":\"no\"}',	'radio_opt',	0,	33,	'2023-07-07 10:41:45',	1,	'2023-07-07 06:41:45',	'2023-07-07 06:41:45'),
(350,	'Are Staff Meeting minutes available?',	'facility',	3,	'{\"GSyqY\":\"yes\",\"fshRE\":\"no\"}',	'radio_opt',	0,	33,	'2023-07-07 10:41:45',	1,	'2023-07-07 06:41:45',	'2023-07-07 06:41:45'),
(351,	'Are Internal RDQA reports available?',	'facility',	3,	'{\"GPknD\":\"yes\",\"IgRwd\":\"no\"}',	'radio_opt',	0,	33,	'2023-07-07 10:41:45',	1,	'2023-07-07 06:41:45',	'2023-07-07 06:41:45'),
(352,	'Are there Training reports/Training Log available at the facility?',	'facility',	3,	'{\"SonCW\":\"yes\",\"tWupo\":\"no\"}',	'radio_opt',	0,	33,	'2023-07-07 10:41:45',	1,	'2023-07-07 06:41:45',	'2023-07-07 06:41:45'),
(388,	'Does the facility have Peer Educator Outreach Calendars available and correctly filled?',	'individual',	1,	'{\"ngrCi\":\"yes\",\"qVhFu\":\"no\"}',	'radio_opt',	0,	34,	'2023-07-07 11:07:18',	1,	'2023-07-07 07:07:18',	'2023-07-07 07:07:18'),
(389,	'Does the facility have an updated  Outreach Workers Summary Sheet available and correctly filled?',	'individual',	1,	'{\"bGMLY\":\"yes\",\"iUyRS\":\"no\"}',	'radio_opt',	0,	34,	'2023-07-07 11:07:18',	1,	'2023-07-07 07:07:18',	'2023-07-07 07:07:18'),
(390,	'Does the facility have Violence Reporting Forms and are they being used?',	'individual',	1,	'{\"UOlZu\":\"yes\",\"yRglx\":\"no\"}',	'radio_opt',	0,	34,	'2023-07-07 11:07:18',	1,	'2023-07-07 07:07:18',	'2023-07-07 07:07:18'),
(391,	'Does the facility have and updated Condom and lube register?',	'facility',	1,	'{\"rcOBf\":\"yes\",\"rujqc\":\"no\"}',	'radio_opt',	0,	34,	'2023-07-07 11:07:18',	1,	'2023-07-07 07:07:18',	'2023-07-07 07:07:18'),
(392,	'Are there  Contact Forms in patient files? (Sample 10 files)',	'individual',	1,	'',	'number_opt',	0,	34,	'2023-07-07 11:07:18',	1,	'2023-07-07 07:07:18',	'2023-07-07 07:07:18'),
(393,	'Is Clinic Enrolment Form in use ?(sample 10 files assess for completeness)',	'individual',	1,	'',	'number_opt',	0,	34,	'2023-07-07 11:07:18',	1,	'2023-07-07 07:07:18',	'2023-07-07 07:07:18'),
(394,	'Is Clinic Visit Form in use? (sample 10 files assess for completeness)',	'individual',	1,	'',	'number_opt',	0,	34,	'2023-07-07 11:07:18',	1,	'2023-07-07 07:07:18',	'2023-07-07 07:07:18'),
(395,	'Green card_ sample 10 files; WHO staging, BMI, PHDP, STI, TPT, DCM, VL, CD4, Appt Booking( green card and webADT concordance) ',	'individual',	1,	'',	'number_opt',	0,	34,	'2023-07-07 11:07:18',	1,	'2023-07-07 07:07:18',	'2023-07-07 07:07:18'),
(396,	'Is there evidence of AHD follow up ( CRAG and TB LAM) -abstract 5 of newly enrolled KPLHIV with CD4< 200/ WHO 3 & 4?',	'individual',	1,	'',	'number_opt',	0,	34,	'2023-07-07 11:07:18',	1,	'2023-07-07 07:07:18',	'2023-07-07 07:07:18'),
(397,	'Is STI Treatment Data Collection Form in use? ( abstract 5 files of patients treated for STI)',	'individual',	1,	'',	'number_opt',	0,	34,	'2023-07-07 11:07:18',	1,	'2023-07-07 07:07:18',	'2023-07-07 07:07:18'),
(398,	'Alcohol Abuse Screening Tool ( Chart abstraction)',	'individual',	1,	'',	'number_opt',	0,	34,	'2023-07-07 11:07:18',	1,	'2023-07-07 07:07:18',	'2023-07-07 07:07:18'),
(399,	'Patient Health Questionnaire-9 (PHQ-9) for Depression Screening (Chart Abstraction)',	'individual',	1,	'',	'number_opt',	0,	34,	'2023-07-07 11:07:18',	1,	'2023-07-07 07:07:18',	'2023-07-07 07:07:18'),
(400,	'Does the facility have HTS Lab & Linkage Register(MOH362)',	'facility',	1,	'{\"FdXfb\":\"yes\",\"Newdb\":\"no\"}',	'radio_opt',	0,	34,	'2023-07-07 11:07:18',	1,	'2023-07-07 07:07:18',	'2023-07-07 07:07:18'),
(401,	'Does the facility have HIVST Tracking Log ',	'facility',	1,	'{\"EwryZ\":\"yes\",\"UpFqQ\":\"no\"}',	'radio_opt',	0,	34,	'2023-07-07 11:07:18',	1,	'2023-07-07 07:07:18',	'2023-07-07 07:07:18'),
(402,	'Does the facility have recency Tracking Log',	'facility',	3,	'{\"JPwxs\":\"yes\",\"MDbds\":\"no\"}',	'radio_opt',	0,	34,	'2023-07-07 11:07:18',	1,	'2023-07-07 07:07:18',	'2023-07-07 07:07:18'),
(403,	'Does the faility have Partner Notification Tracking Log',	'facility',	1,	'{\"hpyiW\":\"yes\",\"MoBhC\":\"no\"}',	'radio_opt',	0,	34,	'2023-07-07 11:07:18',	1,	'2023-07-07 07:07:18',	'2023-07-07 07:07:18'),
(404,	'Does the dacility have an updated  NASCOP Enrolment PLHIV Tracker for Offsite patients',	'facility',	1,	'{\"qFPtT\":\"yes\",\"yrHWb\":\"no\"}',	'radio_opt',	0,	34,	'2023-07-07 11:07:18',	1,	'2023-07-07 07:07:18',	'2023-07-07 07:07:18'),
(405,	'Does the facility have an updated Case Management register ?',	'facility',	1,	'{\"dnkyq\":\"yes\",\"xYFNp\":\"no\"}',	'radio_opt',	0,	34,	'2023-07-07 11:07:18',	1,	'2023-07-07 07:07:18',	'2023-07-07 07:07:18'),
(406,	'Does the facility have Post Exposure Prophylaxis Register?',	'facility',	1,	'{\"vWOay\":\"yes\",\"VuisE\":\"no\"}',	'radio_opt',	0,	34,	'2023-07-07 11:07:18',	1,	'2023-07-07 07:07:18',	'2023-07-07 07:07:18'),
(407,	'Is there a filling and data storage system in place?',	'facility',	3,	'{\"sSvND\":\"yes\",\"BAWZK\":\"no\"}',	'radio_opt',	0,	34,	'2023-07-07 11:07:18',	1,	'2023-07-07 07:07:18',	'2023-07-07 07:07:18'),
(408,	'Does the facility have a PrEP DAR, that is correctly filled and used for reporting?',	'facility',	1,	'{\"OnqwH\":\"yes\",\"QRPkX\":\"no\"}',	'radio_opt',	0,	34,	'2023-07-07 11:07:18',	1,	'2023-07-07 07:07:18',	'2023-07-07 07:07:18'),
(409,	'Does the facility have a Cervical cancer screening register, that is correctly filled ?',	'facility',	1,	'{\"ZvMnu\":\"yes\",\"UTilJ\":\"no\"}',	'radio_opt',	0,	34,	'2023-07-07 11:07:18',	1,	'2023-07-07 07:07:18',	'2023-07-07 07:07:18'),
(410,	'Does the facility have Violence Reporting Forms available and in use?',	'facility',	1,	'{\"psHEX\":\"yes\",\"rYjmO\":\"no\"}',	'radio_opt',	0,	34,	'2023-07-07 11:07:18',	1,	'2023-07-07 07:07:18',	'2023-07-07 07:07:18'),
(411,	'Does the facility have Sexual Gender Based Violence(SGBV) Register MOH 365, that is correctly filled?',	'facility',	1,	'{\"jkMhP\":\"yes\",\"dtzPG\":\"no\"}',	'radio_opt',	0,	34,	'2023-07-07 11:07:18',	1,	'2023-07-07 07:07:18',	'2023-07-07 07:07:18'),
(412,	'Does the facility have Referral Register for Social-Protection Services?',	'facility',	1,	'{\"topvG\":\"yes\",\"xhWmB\":\"no\"}',	'radio_opt',	0,	34,	'2023-07-07 11:07:18',	1,	'2023-07-07 07:07:18',	'2023-07-07 07:07:18'),
(413,	'Does the facility have KP Cohort Register (MoH 269)?',	'facility',	1,	'{\"KcpdV\":\"yes\",\"tQTlN\":\"no\"}',	'radio_opt',	0,	34,	'2023-07-07 11:07:18',	1,	'2023-07-07 07:07:18',	'2023-07-07 07:07:18'),
(414,	'Does the facility have DIC Registration Book/reception register?',	'facility',	1,	'{\"mAObz\":\"yes\",\"PXbwi\":\"no\"}',	'radio_opt',	0,	34,	'2023-07-07 11:07:18',	1,	'2023-07-07 07:07:18',	'2023-07-07 07:07:18'),
(415,	'Is there a Master KP Register(Soft/Hard Copy)at the facility?',	'facility',	1,	'{\"VQMmA\":\"yes\",\"nBvpJ\":\"no\"}',	'radio_opt',	0,	34,	'2023-07-07 11:07:18',	1,	'2023-07-07 07:07:18',	'2023-07-07 07:07:18'),
(416,	'Does the facility have Treatment Preparation Register? assess completeness',	'facility',	1,	'{\"rTKhp\":\"yes\",\"RxLXv\":\"no\"}',	'radio_opt',	0,	34,	'2023-07-07 11:07:18',	1,	'2023-07-07 07:07:18',	'2023-07-07 07:07:18'),
(417,	'Does the facility have an updated ART and Cohort Register?',	'facility',	1,	'{\"heVKq\":\"yes\",\"FUjka\":\"no\"}',	'radio_opt',	0,	34,	'2023-07-07 11:07:18',	1,	'2023-07-07 07:07:18',	'2023-07-07 07:07:18'),
(418,	'Does the facility have Viral Load log ? Check for completeness',	'facility',	1,	'{\"zEHXp\":\"yes\",\"EsYOJ\":\"no\"}',	'radio_opt',	0,	34,	'2023-07-07 11:07:18',	1,	'2023-07-07 07:07:18',	'2023-07-07 07:07:18'),
(419,	'Does the facility have an updated Viremia Register ? ( Compare linelist from EMR and VL Log)',	'facility',	1,	'{\"LIdJy\":\"yes\",\"EDNMV\":\"no\"}',	'radio_opt',	0,	34,	'2023-07-07 11:07:18',	1,	'2023-07-07 07:07:18',	'2023-07-07 07:07:18'),
(420,	'Does the facility have an HIV Daily Activity Register MOH366',	'facility',	1,	'{\"GHZNp\":\"yes\",\"gjTuS\":\"no\"}',	'radio_opt',	0,	34,	'2023-07-07 11:07:18',	1,	'2023-07-07 07:07:18',	'2023-07-07 07:07:18'),
(421,	'Does the facility have a correctly filled TB Register?',	'facility',	1,	'{\"mRnYv\":\"yes\",\"wIZEO\":\"no\"}',	'radio_opt',	0,	34,	'2023-07-07 11:07:18',	1,	'2023-07-07 07:07:18',	'2023-07-07 07:07:18'),
(422,	'Does the facility have a Presumptive TB register ? Assess for completeness',	'facility',	1,	'{\"CGDBV\":\"yes\",\"RmrYZ\":\"no\"}',	'radio_opt',	0,	34,	'2023-07-07 11:07:18',	1,	'2023-07-07 07:07:18',	'2023-07-07 07:07:18'),
(423,	'Does the facility have an updated TPT Register? 3/12 outcome, 6/12 and 12/12 follow up',	'individual',	1,	'{\"hoAaO\":\"yes\",\"uoFDM\":\"no\"}',	'radio_opt',	0,	34,	'2023-07-07 11:07:18',	1,	'2023-07-07 07:07:18',	'2023-07-07 07:07:18'),
(424,	'Does the facility have PEP Register?',	'facility',	1,	'{\"hMXPG\":\"yes\",\"xyDZA\":\"no\"}',	'radio_opt',	0,	34,	'2023-07-07 11:07:18',	1,	'2023-07-07 07:07:18',	'2023-07-07 07:07:18'),
(425,	'Does the facility have SNS Register, that is correctly filled? Assess for completeness',	'facility',	1,	'{\"GIBty\":\"yes\",\"bCkZA\":\"no\"}',	'radio_opt',	0,	34,	'2023-07-07 11:07:18',	1,	'2023-07-07 07:07:18',	'2023-07-07 07:07:18'),
(426,	'Does the facility have Missed appointment register? Assess for completeness',	'facility',	1,	'{\"CwRBz\":\"yes\",\"UAHQK\":\"no\"}',	'radio_opt',	0,	34,	'2023-07-07 11:07:18',	1,	'2023-07-07 07:07:18',	'2023-07-07 07:07:18'),
(427,	'Does the facility have an STI register that is in use? Assess for completeness and referral for SNS services',	'facility',	1,	'{\"aIOZA\":\"yes\",\"QnVis\":\"no\"}',	'radio_opt',	0,	34,	'2023-07-07 11:07:18',	1,	'2023-07-07 07:07:18',	'2023-07-07 07:07:18'),
(428,	'Does the facility have Key Populations Reporting Form (MOH 731 Plus)?',	'facility',	3,	'{\"qvioT\":\"yes\",\"oHjEf\":\"no\"}',	'radio_opt',	0,	34,	'2023-07-07 11:07:18',	1,	'2023-07-07 07:07:18',	'2023-07-07 07:07:18'),
(429,	'ART regimen',	'facility',	3,	'{\"ymfBW\":\"yes\",\"vaJwS\":\"no\"}',	'radio_opt',	0,	35,	'2023-07-07 11:09:34',	1,	'2023-07-07 07:09:34',	'2023-07-07 07:09:34'),
(430,	'Cervical cancer screening',	'facility',	3,	'{\"thyCL\":\"yes\",\"zfsZc\":\"no\"}',	'radio_opt',	0,	35,	'2023-07-07 11:09:34',	1,	'2023-07-07 07:09:34',	'2023-07-07 07:09:34'),
(431,	'Handwashing techniques (near all taps)',	'facility',	3,	'{\"QzyVa\":\"yes\",\"pxhYu\":\"no\"}',	'radio_opt',	0,	35,	'2023-07-07 11:09:34',	1,	'2023-07-07 07:09:34',	'2023-07-07 07:09:34'),
(432,	'HIV clinical staging',	'facility',	3,	'{\"lfyvq\":\"yes\",\"YhiFS\":\"no\"}',	'radio_opt',	0,	35,	'2023-07-07 11:09:34',	1,	'2023-07-07 07:09:34',	'2023-07-07 07:09:34'),
(433,	'TPT',	'facility',	3,	'{\"gLEKy\":\"yes\",\"uOvaq\":\"no\"}',	'radio_opt',	0,	35,	'2023-07-07 11:09:34',	1,	'2023-07-07 07:09:34',	'2023-07-07 07:09:34'),
(434,	'Post Exposure Prophylaxis ',	'facility',	3,	'{\"uNazx\":\"yes\",\"AlHXm\":\"no\"}',	'radio_opt',	0,	35,	'2023-07-07 11:09:34',	1,	'2023-07-07 07:09:34',	'2023-07-07 07:09:34'),
(435,	'Referral',	'facility',	3,	'{\"hJYTN\":\"yes\",\"rAVfT\":\"no\"}',	'radio_opt',	0,	35,	'2023-07-07 11:09:34',	1,	'2023-07-07 07:09:34',	'2023-07-07 07:09:34'),
(436,	'TB infection control (IPC) work plan',	'facility',	3,	'{\"sjzxP\":\"yes\",\"aPYKU\":\"no\"}',	'radio_opt',	0,	35,	'2023-07-07 11:09:34',	1,	'2023-07-07 07:09:34',	'2023-07-07 07:09:34'),
(437,	'Waste management (plus waste segregation chart above all dustbins)',	'facility',	3,	'{\"rTmNe\":\"yes\",\"fPAkD\":\"no\"}',	'radio_opt',	0,	35,	'2023-07-07 11:09:34',	1,	'2023-07-07 07:09:34',	'2023-07-07 07:09:34'),
(438,	'PNS GUIDE -Safe and Ethical Index Testing',	'facility',	3,	'{\"xzFDa\":\"yes\",\"npbZg\":\"no\"}',	'radio_opt',	0,	35,	'2023-07-07 11:09:34',	1,	'2023-07-07 07:09:34',	'2023-07-07 07:09:34'),
(439,	'STI Algorithm _ 2018 (in all clinical areas)',	'facility',	3,	'{\"LmcRN\":\"yes\",\"wNofc\":\"no\"}',	'radio_opt',	0,	35,	'2023-07-07 11:09:34',	1,	'2023-07-07 07:09:34',	'2023-07-07 07:09:34'),
(440,	'Sexual Gender Based Violence Clinical Care Algorithm',	'facility',	3,	'{\"WgrJP\":\"yes\",\"aXAGI\":\"no\"}',	'radio_opt',	0,	35,	'2023-07-07 11:09:34',	1,	'2023-07-07 07:09:34',	'2023-07-07 07:09:34'),
(441,	'Sexual Gender Based Violence Pathway',	'facility',	3,	'{\"kDbKX\":\"yes\",\"jNhuL\":\"no\"}',	'radio_opt',	0,	35,	'2023-07-07 11:09:34',	1,	'2023-07-07 07:09:34',	'2023-07-07 07:09:34'),
(442,	'SOP for conducting outreach(Community Mobilzation SOP)',	'facility',	3,	'{\"XZxBM\":\"yes\",\"xIale\":\"no\"}',	'radio_opt',	0,	35,	'2023-07-07 11:09:34',	1,	'2023-07-07 07:09:34',	'2023-07-07 07:09:34'),
(443,	'Are Testing algorithms available - on the walls of HTS service delivery points',	'facility',	3,	'{\"PSiuc\":\"yes\",\"PdhyG\":\"no\"}',	'radio_opt',	0,	36,	'2023-07-07 11:11:30',	1,	'2023-07-07 07:11:30',	'2023-07-07 07:11:30'),
(444,	'Have all HTS providers undertaken the proficiency testing? and are the results filed',	'facility',	3,	'{\"vMXKo\":\"\"}',	'check_opt',	0,	36,	'2023-07-07 11:11:30',	1,	'2023-07-07 07:11:30',	'2023-07-07 07:11:30'),
(445,	'Do all HTS providers have certifiation and are the documents filed at the facility?',	'facility',	3,	'{\"NZKWe\":\"\"}',	'check_opt',	0,	36,	'2023-07-07 11:11:30',	1,	'2023-07-07 07:11:30',	'2023-07-07 07:11:30'),
(446,	'Are the HTS registers well filled and compliant with national testing algorithm?',	'facility',	3,	'',	'textfield_s',	0,	36,	'2023-07-07 11:11:30',	1,	'2023-07-07 07:11:30',	'2023-07-07 07:11:30'),
(447,	'Are the RTKs in good supply with no shortage?',	'facility',	3,	'{\"HBNeA\":\"yes\",\"mnFoT\":\"no\"}',	'radio_opt',	0,	36,	'2023-07-07 11:11:30',	1,	'2023-07-07 07:11:30',	'2023-07-07 07:11:30'),
(448,	'Are the yellow and black bins with appropriate bin liners available in all HTS and clinical areas',	'facility',	1,	'{\"dELNj\":\"yes\",\"FDBuM\":\"no\"}',	'radio_opt',	0,	37,	'2023-07-07 11:13:08',	1,	'2023-07-07 07:13:08',	'2023-07-07 07:13:08'),
(449,	'Is there running water and soap at all clinical and HTS areas?',	'facility',	1,	'{\"Kczgo\":\"yes\",\"mZDUg\":\"no\"}',	'radio_opt',	0,	37,	'2023-07-07 11:13:08',	1,	'2023-07-07 07:13:08',	'2023-07-07 07:13:08'),
(450,	'Has the facility separated surfaces for HTS and documentation in clinical and HTS areas?',	'facility',	1,	'{\"PuMAw\":\"yes\",\"VspYq\":\"no\"}',	'radio_opt',	0,	37,	'2023-07-07 11:13:08',	1,	'2023-07-07 07:13:08',	'2023-07-07 07:13:08'),
(451,	'Does the facility have appropriate waste disposal arrangement with county and/or private institutions (documented)?',	'facility',	1,	'{\"JcLWF\":\"yes\",\"uZVSa\":\"no\"}',	'radio_opt',	0,	37,	'2023-07-07 11:13:08',	1,	'2023-07-07 07:13:08',	'2023-07-07 07:13:08'),
(452,	'Are there sharps containers in all HTS and clinical rooms?',	'facility',	1,	'{\"NKdLa\":\"yes\",\"QvOZY\":\"no\"}',	'radio_opt',	0,	37,	'2023-07-07 11:13:08',	1,	'2023-07-07 07:13:08',	'2023-07-07 07:13:08'),
(453,	'Are there appropriate lockable cabinets for clinical documents?',	'facility',	3,	'{\"WqJfd\":\"Yes\",\"LsvEk\":\"No\"}',	'radio_opt',	0,	38,	'2023-07-07 11:16:05',	1,	'2023-07-07 07:16:05',	'2023-07-07 07:16:05'),
(454,	'Does the facility have updated hot spot list, hotspot validation and micro planning reports?',	'facility',	3,	'{\"owrba\":\"yes\",\"qpXFJ\":\"no\"}',	'radio_opt',	0,	39,	'2023-07-07 11:17:07',	1,	'2023-07-07 07:17:07',	'2023-07-07 07:17:07'),
(455,	'Does the facility have size estimation on areas of coverage for both FSWs, MSM and TGs?',	'facility',	3,	'{\"tFBiy\":\"yes\",\"yJOkQ\":\"no\"}',	'radio_opt',	0,	39,	'2023-07-07 11:17:07',	1,	'2023-07-07 07:17:07',	'2023-07-07 07:17:07'),
(456,	'Does the facility have up-to-date data base with names of all peer educators, number of peers in their cohort, and their hot spots',	'facility',	3,	'{\"igQvU\":\"yes\",\"OJgct\":\"no\"}',	'radio_opt',	0,	39,	'2023-07-07 11:17:07',	1,	'2023-07-07 07:17:07',	'2023-07-07 07:17:07'),
(457,	'Have  all  clinical staff been trained on Gender & Sexual Diversity training within this financial year (check Certificate)',	'facility',	3,	'',	'number_opt',	0,	40,	'2023-07-07 11:18:03',	1,	'2023-07-07 07:18:03',	'2023-07-07 07:18:03'),
(458,	'Have  all non-clinical staff been trained on Gender & Sexual Diversity training within this financial year (check Certificate)?',	'facility',	3,	'',	'number_opt',	0,	40,	'2023-07-07 11:18:03',	1,	'2023-07-07 07:18:03',	'2023-07-07 07:18:03'),
(459,	'Have all clinical staff  completed health care workers KP Sensitivity Training this financial year?',	'facility',	3,	'',	'number_opt',	0,	40,	'2023-07-07 11:18:03',	1,	'2023-07-07 07:18:03',	'2023-07-07 07:18:03'),
(460,	'Have all non clinical staff completed health care workers KP Sensitivity Training this financial year?',	'facility',	3,	'',	'number_opt',	0,	40,	'2023-07-07 11:18:03',	1,	'2023-07-07 07:18:03',	'2023-07-07 07:18:03'),
(461,	'Have all peer educators undergone the annual peer educator refresher  training ?',	'facility',	3,	'',	'number_opt',	0,	40,	'2023-07-07 11:18:03',	1,	'2023-07-07 07:18:03',	'2023-07-07 07:18:03'),
(462,	'Are there up to date MAT SOPs in the facility?',	'facility',	5,	'{\"tNuQD\":\"yes\",\"gmxEk\":\"no\"}',	'radio_opt',	0,	41,	'2023-07-07 11:52:41',	1,	'2023-07-07 07:52:41',	'2023-07-07 07:52:41'),
(463,	'Does the facility have the most recent National Implementation Guidelines for Medically Assisted Therapy? (Rev. 2021)',	'facility',	5,	'{\"EfBSX\":\"yes\",\"byKej\":\"no\"}',	'radio_opt',	0,	41,	'2023-07-07 11:52:41',	1,	'2023-07-07 07:52:41',	'2023-07-07 07:52:41'),
(464,	'Are there MAT job aids in the facility?',	'facility',	5,	'{\"qOSGm\":\"yes\",\"JwIFj\":\"no\"}',	'radio_opt',	0,	41,	'2023-07-07 11:52:41',	1,	'2023-07-07 07:52:41',	'2023-07-07 07:52:41'),
(465,	'Does the facility have all requisite HTS job aids (refer to HTS SOP checklist)',	'facility',	5,	'{\"UzAnl\":\"yes\",\"PdaAE\":\"no\"}',	'radio_opt',	0,	41,	'2023-07-07 11:52:41',	1,	'2023-07-07 07:52:41',	'2023-07-07 07:52:41'),
(466,	'Does the facility have all requisite ARV guidelines and job aids (refer to Care and Treatment SOP checklist)',	'facility',	5,	'{\"Hnurc\":\"yes\",\"HcjXN\":\"no\"}',	'radio_opt',	0,	41,	'2023-07-07 11:52:41',	1,	'2023-07-07 07:52:41',	'2023-07-07 07:52:41'),
(467,	'Does the facility have all requisite laboratory SOPs (refer to laboratory SOP checklist)',	'facility',	5,	'{\"vMDZh\":\"yes\",\"tLzye\":\"no\"}',	'radio_opt',	0,	41,	'2023-07-07 11:52:41',	1,	'2023-07-07 07:52:41',	'2023-07-07 07:52:41'),
(468,	'Does the facility have all requisite pharmacy SOPs (refer to pharmacy SOP checklist)',	'facility',	5,	'{\"XidrG\":\"yes\",\"KvGmf\":\"no\"}',	'radio_opt',	0,	41,	'2023-07-07 11:52:41',	1,	'2023-07-07 07:52:41',	'2023-07-07 07:52:41'),
(469,	'Does the facility have mobile MAT SOPs in place',	'facility',	5,	'{\"sWGJp\":\"yes\",\"hCYUo\":\"no\"}',	'radio_opt',	0,	41,	'2023-07-07 11:52:41',	1,	'2023-07-07 07:52:41',	'2023-07-07 07:52:41'),
(470,	'Does the site have patient charter prominently posted on the walls?',	'facility',	5,	'{\"tMhyb\":\"yes\",\"YtxUh\":\"no\"}',	'radio_opt',	0,	41,	'2023-07-07 11:52:41',	1,	'2023-07-07 07:52:41',	'2023-07-07 07:52:41'),
(471,	'Are there up to date facility rules and regulations posted on facility walls?',	'facility',	5,	'{\"kSiZw\":\"yes\",\"AZxMp\":\"no\"}',	'radio_opt',	0,	41,	'2023-07-07 11:52:41',	1,	'2023-07-07 07:52:41',	'2023-07-07 07:52:41'),
(472,	'Observe screening of 10 clients by each security personnelle. Are they done in observance with the security SOP?',	'individual',	1,	'{\"sWjJT\":\"yes\",\"CSrJg\":\"no\"}',	'radio_opt',	0,	42,	'2023-07-07 11:54:50',	1,	'2023-07-07 07:54:50',	'2023-07-07 07:54:50'),
(473,	'Are there up to date incidence reports for the last one month',	'facility',	1,	'{\"NszSi\":\"yes\",\"hPAwR\":\"no\"}',	'radio_opt',	0,	42,	'2023-07-07 11:54:50',	1,	'2023-07-07 07:54:50',	'2023-07-07 07:54:50'),
(474,	'Is preventative monitoring of security cameras being done?',	'facility',	1,	'{\"jitPs\":\"yes\",\"mgphH\":\"no\"}',	'radio_opt',	0,	42,	'2023-07-07 11:54:50',	1,	'2023-07-07 07:54:50',	'2023-07-07 07:54:50'),
(475,	'Are talking walls correctly and completely filled based on the last reporting period?',	'facility',	2,	'{\"QJnvq\":\"yes\",\"umbWP\":\"no\"}',	'radio_opt',	0,	43,	'2023-07-07 11:56:36',	1,	'2023-07-07 07:56:36',	'2023-07-07 07:56:36'),
(476,	'Did the data officer submit national and county reports submitted by the 5th working day of the new month?',	'individual',	2,	'{\"gNxeB\":\"yes\",\"hRUFT\":\"no\"}',	'radio_opt',	0,	43,	'2023-07-07 11:56:36',	1,	'2023-07-07 07:56:36',	'2023-07-07 07:56:36'),
(477,	'Has a DQA been conducted within the last quarter?',	'facility',	3,	'{\"ceKPB\":\"yes\",\"dqiLm\":\"no\"}',	'radio_opt',	0,	43,	'2023-07-07 11:56:36',	1,	'2023-07-07 07:56:36',	'2023-07-07 07:56:36'),
(478,	'If yes, what were the findings and % score of the DQA?',	'facility',	3,	'',	'textfield_s',	0,	43,	'2023-07-07 11:56:36',	1,	'2023-07-07 07:56:36',	'2023-07-07 07:56:36'),
(479,	'Have the remedial actions from the DQA been implemented and documented?',	'individual',	1,	'',	'textfield_s',	0,	43,	'2023-07-07 11:56:36',	1,	'2023-07-07 07:56:36',	'2023-07-07 07:56:36'),
(480,	'Did the data officer conduct a data review meeting for the last reporting period?',	'individual',	2,	'{\"sXSHN\":\"yes\",\"pSuhB\":\"no\"}',	'radio_opt',	0,	43,	'2023-07-07 11:56:36',	1,	'2023-07-07 07:56:36',	'2023-07-07 07:56:36'),
(481,	'Are there up to date minutes for data review minutes for the financial year to date? (Oct-Sept)',	'facility',	2,	'{\"ZKNBd\":\"yes\",\"OSDJT\":\"no\"}',	'radio_opt',	0,	43,	'2023-07-07 11:56:36',	1,	'2023-07-07 07:56:36',	'2023-07-07 07:56:36'),
(482,	'Have findings from the data rveiew meeting been implemented and documented?',	'facility',	1,	'',	'textfield_s',	0,	43,	'2023-07-07 11:56:36',	1,	'2023-07-07 07:56:36',	'2023-07-07 07:56:36'),
(483,	'How many of the clients enrolled/re-inducted in the reporting period have clinical intake form filled? Look for complete documentation)',	'facility',	1,	'',	'number_opt',	0,	44,	'2023-07-07 11:57:43',	1,	'2023-07-07 07:57:43',	'2023-07-07 07:57:43'),
(484,	'What proportion of who made the last clinical visit were triaged before clinical review? Review 10 charts to verify',	'facility',	1,	'',	'number_opt',	0,	44,	'2023-07-07 11:57:43',	1,	'2023-07-07 07:57:43',	'2023-07-07 07:57:43'),
(485,	'What proportion of who made the last clinical visit were screened for TB? Review 10 charts to verify',	'sdp',	1,	'',	'number_opt',	0,	44,	'2023-07-07 11:57:43',	1,	'2023-07-07 07:57:43',	'2023-07-07 07:57:43'),
(486,	'Are all presumptives documented in the presumptive TB register? ',	'sdp',	1,	'{\"syNSC\":\"yes\",\"VFLPx\":\"no\"}',	'radio_opt',	0,	44,	'2023-07-07 11:57:43',	1,	'2023-07-07 07:57:43',	'2023-07-07 07:57:43'),
(487,	'Of the clients positive for TB what proportion are captured in the TB register? Review 10 charts for those tested positive for TB',	'sdp',	1,	'',	'number_opt',	0,	44,	'2023-07-07 11:57:43',	1,	'2023-07-07 07:57:43',	'2023-07-07 07:57:43'),
(488,	'What proportion of who made the last clinical visit were screened for STI\'s? Review 10 charts to verify',	'sdp',	1,	'{\"rkoRb\":\"yes\",\"WtScu\":\"no\"}',	'radio_opt',	0,	44,	'2023-07-07 11:57:43',	1,	'2023-07-07 07:57:43',	'2023-07-07 07:57:43'),
(489,	'How many of those who tested positive have been initiated on treatment? ',	'sdp',	1,	'',	'number_opt',	0,	44,	'2023-07-07 11:57:43',	1,	'2023-07-07 07:57:43',	'2023-07-07 07:57:43'),
(490,	'Were all those who tested positive documented in the STI register? Verify on STI register',	'sdp',	1,	'',	'number_opt',	0,	44,	'2023-07-07 11:57:43',	1,	'2023-07-07 07:57:43',	'2023-07-07 07:57:43'),
(491,	'Were all newly tested HIV+ initiated for treatment? (test and start)',	'facility',	1,	'{\"UYjDn\":\"yes\",\"pAPnk\":\"no\"}',	'radio_opt',	0,	44,	'2023-07-07 11:57:43',	1,	'2023-07-07 07:57:43',	'2023-07-07 07:57:43'),
(492,	'What proportion of eligible for viral load have been bled? Review cohort register for eligible and compare with EID/VL register',	'facility',	1,	'',	'number_opt',	0,	44,	'2023-07-07 11:57:43',	1,	'2023-07-07 07:57:43',	'2023-07-07 07:57:43'),
(493,	'What proportion of eligible for viral load have documented viral load results? ',	'facility',	1,	'',	'number_opt',	0,	44,	'2023-07-07 11:57:43',	1,	'2023-07-07 07:57:43',	'2023-07-07 07:57:43'),
(494,	'How many clients with VL>200 copies  received timely EACs? ',	'facility',	1,	'',	'number_opt',	0,	44,	'2023-07-07 11:57:43',	1,	'2023-07-07 07:57:43',	'2023-07-07 07:57:43'),
(495,	'Do all chart files have a documented methadone dose?',	'facility',	1,	'',	'number_opt',	0,	44,	'2023-07-07 11:57:43',	1,	'2023-07-07 07:57:43',	'2023-07-07 07:57:43'),
(496,	'Was a mortality audit conducted for clients who died within the rerporting period?',	'facility',	1,	'',	'number_opt',	0,	44,	'2023-07-07 11:57:43',	1,	'2023-07-07 07:57:43',	'2023-07-07 07:57:43'),
(497,	'Do all charts have a documented TCA?',	'facility',	1,	'',	'number_opt',	0,	44,	'2023-07-07 11:57:43',	1,	'2023-07-07 07:57:43',	'2023-07-07 07:57:43'),
(498,	'How many of the clients enrolled in the reporting period have psychosocial intake form filled? Look for complete documentation)',	'facility',	1,	'',	'number_opt',	0,	45,	'2023-07-07 12:01:51',	1,	'2023-07-07 08:01:51',	'2023-07-07 08:01:51'),
(499,	'For newly enrolled clients, do all files have a documented psychosocial follow-up form (form 2b) within 6 months of treatment initiation?',	'facility',	1,	'',	'number_opt',	0,	45,	'2023-07-07 12:01:51',	1,	'2023-07-07 08:01:51',	'2023-07-07 08:01:51'),
(500,	'What proportion of the active clients have had a psychosocial visit in the last 3 months?',	'facility',	1,	'',	'number_opt',	0,	45,	'2023-07-07 12:01:51',	1,	'2023-07-07 08:01:51',	'2023-07-07 08:01:51'),
(501,	'What proportion of the active clients have had a reviewed treatment plan in the last 3 months?',	'facility',	1,	'',	'number_opt',	0,	45,	'2023-07-07 12:01:51',	1,	'2023-07-07 08:01:51',	'2023-07-07 08:01:51'),
(502,	'Has defaulter tracing in respective counsellor cohorts been done for all clients lost within the reporting period? Use total IIT as the denominator to arrive at proportion traced',	'facility',	1,	'',	'number_opt',	0,	45,	'2023-07-07 12:01:51',	1,	'2023-07-07 08:01:51',	'2023-07-07 08:01:51'),
(503,	'Are there documented tracing outcomes all IIT',	'facility',	1,	'{\"pzbyx\":\"yes\",\"sLlzn\":\"no\"}',	'radio_opt',	0,	45,	'2023-07-07 12:01:51',	1,	'2023-07-07 08:01:51',	'2023-07-07 08:01:51'),
(504,	'Are all IIT documented in the care-ending and tracking form as well as the MAT tracing register? Assess for concordance',	'facility',	1,	'{\"YQUvF\":\"yes\",\"SbGRx\":\"no\"}',	'radio_opt',	0,	45,	'2023-07-07 12:01:51',	1,	'2023-07-07 08:01:51',	'2023-07-07 08:01:51'),
(505,	'Have at least 2 psychosocial group therapy sessions/support groups been conducted within month?',	'facility',	1,	'{\"FaKRL\":\"yes\",\"yRXGz\":\"no\"}',	'radio_opt',	0,	45,	'2023-07-07 12:01:51',	1,	'2023-07-07 08:01:51',	'2023-07-07 08:01:51'),
(506,	'Do all active cohorts have documented on psychosocial outcomes as per their most recent psychosocial visit? Review 10 charts per counsellor',	'individual',	1,	'{\"sfNxv\":\"\"}',	'check_opt',	0,	45,	'2023-07-07 12:01:51',	1,	'2023-07-07 08:01:51',	'2023-07-07 08:01:51'),
(507,	'Do all clients who have began cessation in cohorts have a documented assessment for eligibility of cessation?',	'individual',	1,	'{\"MvzUq\":\"yes\",\"pQMtO\":\"no\"}',	'radio_opt',	0,	45,	'2023-07-07 12:01:51',	1,	'2023-07-07 08:01:51',	'2023-07-07 08:01:51'),
(508,	'Do all active clients have a documented TCA for their next session?',	'facility',	1,	'',	'number_opt',	0,	45,	'2023-07-07 12:01:51',	1,	'2023-07-07 08:01:51',	'2023-07-07 08:01:51'),
(509,	'Of the clients with a documented TCA, what is the missed appointment rate?',	'facility',	1,	'',	'number_opt',	0,	45,	'2023-07-07 12:01:51',	1,	'2023-07-07 08:01:51',	'2023-07-07 08:01:51'),
(510,	'Are talking walls on laboratory services up to date?',	'facility',	1,	'{\"PhQNG\":\"yes\",\"iqHsK\":\"no\"}',	'radio_opt',	0,	46,	'2023-07-07 12:19:47',	1,	'2023-07-07 08:19:47',	'2023-07-07 08:19:47'),
(511,	'Did everyone inducted/re-inducted within the reporting period receivee all requisite baseline tests (urine drug screen, VDRL, Hepatitis B and C screening)? Use inducted/re-inducted as the denominator',	'facility',	1,	'',	'textfield_s',	0,	46,	'2023-07-07 12:19:47',	1,	'2023-07-07 08:19:47',	'2023-07-07 08:19:47'),
(512,	'What proportion of eligible for urine drug screening have had a toxicology done?',	'facility',	1,	'',	'number_opt',	0,	46,	'2023-07-07 12:19:47',	1,	'2023-07-07 08:19:47',	'2023-07-07 08:19:47'),
(513,	'Have all laboratory tests done in the reporting period been documented in the laboratory register?',	'individual',	1,	'{\"tLmVe\":\"\"}',	'check_opt',	0,	46,	'2023-07-07 12:19:47',	1,	'2023-07-07 08:19:47',	'2023-07-07 08:19:47'),
(514,	'What is the concordance between the laboratory register and IQCare?',	'facility',	1,	'',	'number_opt',	0,	46,	'2023-07-07 12:19:47',	1,	'2023-07-07 08:19:47',	'2023-07-07 08:19:47'),
(515,	'Have all presumptives been investigated as per the national algorithms? Use denominator from presumptive TB register',	'facility',	1,	'',	'number_opt',	0,	46,	'2023-07-07 12:19:47',	1,	'2023-07-07 08:19:47',	'2023-07-07 08:19:47'),
(516,	'Does the store meet ideal conditions? Lockable? Ventilated? Temperature monitored? Job Aids? Pallets? Free from dust and rodents?',	'facility',	3,	'',	'textfield_s',	0,	47,	'2023-07-07 12:21:43',	1,	'2023-07-07 08:21:43',	'2023-07-07 08:21:43'),
(517,	'Did the pharmacy team conduct active surveillance for adverse drug reactions?',	'individual',	1,	'{\"RYJdl\":\"yes\",\"NGlpz\":\"no\"}',	'radio_opt',	0,	47,	'2023-07-07 12:21:43',	1,	'2023-07-07 08:21:43',	'2023-07-07 08:21:43'),
(518,	'Are bin cards up to date?',	'facility',	1,	'{\"Ochjo\":\"yes\",\"fZbAG\":\"no\"}',	'radio_opt',	0,	47,	'2023-07-07 12:21:43',	1,	'2023-07-07 08:21:43',	'2023-07-07 08:21:43'),
(519,	'Does the physical stock tally with the methameasure stock?',	'facility',	1,	'{\"uCFVZ\":\"yes\",\"qVcZQ\":\"no\"}',	'radio_opt',	0,	47,	'2023-07-07 12:21:43',	1,	'2023-07-07 08:21:43',	'2023-07-07 08:21:43'),
(520,	'In the last 3 months, have there been any commodities in low or completely stocked out?',	'facility',	3,	'',	'textfield_s',	0,	47,	'2023-07-07 12:21:43',	1,	'2023-07-07 08:21:43',	'2023-07-07 08:21:43'),
(521,	'Were any adverse drug reactions reported in a timely manner using the national reporting template?',	'facility',	3,	'{\"qepcY\":\"yes\",\"YTprV\":\"no\"}',	'radio_opt',	0,	47,	'2023-07-07 12:21:43',	1,	'2023-07-07 08:21:43',	'2023-07-07 08:21:43'),
(522,	'Did the pharmacy personelle submit national and county reports submitted by the 5th working day of the new month?',	'individual',	2,	'{\"psLYd\":\"yes\",\"vyCrn\":\"no\"}',	'radio_opt',	0,	47,	'2023-07-07 12:21:43',	1,	'2023-07-07 08:21:43',	'2023-07-07 08:21:43'),
(524,	'Did the healthcare provider screen all eligible clients have been screened for risk prior to testing? (Indicate numerator and denominator in response)',	'individual',	1,	'',	'textfield_s',	0,	48,	'2023-07-07 12:26:09',	1,	'2023-07-07 08:26:09',	'2023-07-07 08:26:09'),
(525,	'What proportion of those at risk were tested as per the national MAT guidelines (Indicate numerator, denominator and percentage score in response)',	'facility',	1,	'',	'textfield_s',	0,	48,	'2023-07-07 12:26:09',	1,	'2023-07-07 08:26:09',	'2023-07-07 08:26:09'),
(526,	'Are all tested documented both on IQ Care and in the HTS Register/e-HTS? Document concordance as a percentage',	'facility',	1,	'',	'number_opt',	0,	48,	'2023-07-07 12:26:09',	1,	'2023-07-07 08:26:09',	'2023-07-07 08:26:09'),
(527,	'What proportion of the eligible clients reviewed for HTS were screened for PrEP eligibility based on risk?',	'individual',	1,	'',	'number_opt',	0,	48,	'2023-07-07 12:26:09',	1,	'2023-07-07 08:26:09',	'2023-07-07 08:26:09'),
(528,	'How many clients on PrEP in the reporting received follow-up testing as per the national guidelines',	'facility',	1,	'',	'textfield_s',	0,	48,	'2023-07-07 12:26:09',	1,	'2023-07-07 08:26:09',	'2023-07-07 08:26:09'),
(529,	'Have all clients who were eligible for PEP been initiated? (Indicate numerator and denominator in response)',	'facility',	3,	'',	'number_opt',	0,	48,	'2023-07-07 12:26:09',	1,	'2023-07-07 08:26:09',	'2023-07-07 08:26:09'),
(530,	'How mant clients initiated on PEP received follow-up testing after one month of completing treatment?',	'facility',	3,	'',	'number_opt',	0,	48,	'2023-07-07 12:26:09',	1,	'2023-07-07 08:26:09',	'2023-07-07 08:26:09'),
(531,	'Is daily documentation of dispensing activities being done using national MAT tool?',	'individual',	1,	'{\"SgxPQ\":\"yes\",\"QmipD\":\"no\"}',	'radio_opt',	0,	49,	'2023-07-07 12:27:53',	1,	'2023-07-07 08:27:53',	'2023-07-07 08:27:53'),
(532,	'Is there proper stock balance between dispensed and missed doses?',	'facility',	1,	'{\"KXjam\":\"yes\",\"EHMqK\":\"no\"}',	'radio_opt',	0,	49,	'2023-07-07 12:27:53',	1,	'2023-07-07 08:27:53',	'2023-07-07 08:27:53'),
(533,	'Is there daily documentation of clinical services? Review charts and compare with ',	'facility',	1,	'{\"OLVCe\":\"yes\",\"xRzZF\":\"no\"}',	'radio_opt',	0,	49,	'2023-07-07 12:27:53',	1,	'2023-07-07 08:27:53',	'2023-07-07 08:27:53'),
(534,	'Is there follow-up of clients referred back to the facility to ensure that they returned?',	'individual',	1,	'{\"pdKAG\":\"yes\",\"CMJoG\":\"no\"}',	'radio_opt',	0,	49,	'2023-07-07 12:27:53',	1,	'2023-07-07 08:27:53',	'2023-07-07 08:27:53');

DROP TABLE IF EXISTS `responses`;
CREATE TABLE `responses` (
  `id` int(11) NOT NULL AUTO_INCREMENT,
  `visit_id` int(11) NOT NULL,
  `question_id` int(11) NOT NULL,
  `answer` text NOT NULL,
  `created_by` int(11) NOT NULL,
  `created_at` timestamp NULL DEFAULT current_timestamp(),
  `updated_at` timestamp NULL DEFAULT current_timestamp() ON UPDATE current_timestamp(),
  PRIMARY KEY (`id`),
  KEY `fk_answer_visit` (`visit_id`),
  KEY `fk_answer_question` (`question_id`),
  KEY `fk_answer_created_by` (`created_by`),
  CONSTRAINT `fk_answer_created_by` FOREIGN KEY (`created_by`) REFERENCES `users` (`id`) ON UPDATE CASCADE,
  CONSTRAINT `fk_answer_question` FOREIGN KEY (`question_id`) REFERENCES `questions` (`id`) ON UPDATE CASCADE,
  CONSTRAINT `fk_answer_visit` FOREIGN KEY (`visit_id`) REFERENCES `facility_visits` (`id`) ON UPDATE CASCADE
) ENGINE=InnoDB DEFAULT CHARSET=utf8mb4 COLLATE=utf8mb4_general_ci;

INSERT INTO `responses` (`id`, `visit_id`, `question_id`, `answer`, `created_by`, `created_at`, `updated_at`) VALUES
(41,	9,	95,	'nZaCI,juoap',	1,	'2023-05-02 14:56:19',	'2023-05-02 14:56:19'),
(42,	9,	96,	'GOyvR,ziqFa,TYHrA',	1,	'2023-05-02 14:56:19',	'2023-05-02 14:56:19'),
(43,	9,	97,	'skyZL',	1,	'2023-05-02 14:56:19',	'2023-05-02 14:56:19'),
(44,	9,	98,	'IvHoD',	1,	'2023-05-02 14:56:19',	'2023-05-02 14:56:19'),
(45,	9,	99,	'pfAJK',	1,	'2023-05-02 14:56:19',	'2023-05-02 14:56:19'),
(46,	9,	100,	'klySX',	1,	'2023-05-02 14:56:19',	'2023-05-02 14:56:19'),
(47,	9,	101,	'LBNdH,IKmbD,AwKWP,IWoTL',	1,	'2023-05-02 14:56:19',	'2023-05-02 14:56:19'),
(48,	9,	102,	'VbFSZ',	1,	'2023-05-02 14:56:19',	'2023-05-02 14:56:19'),
(49,	9,	103,	'tLcpX',	1,	'2023-05-02 14:56:19',	'2023-05-02 14:56:19'),
(50,	9,	104,	'axKpf',	1,	'2023-05-02 14:56:19',	'2023-05-02 14:56:19'),
(51,	9,	105,	'Yrpaz,JOaSp',	1,	'2023-05-02 14:56:19',	'2023-05-02 14:56:19'),
(52,	9,	106,	'UdXaP,nWObv',	1,	'2023-05-02 14:56:19',	'2023-05-02 14:56:19'),
(53,	9,	107,	'hIFgK',	1,	'2023-05-02 14:56:19',	'2023-05-02 14:56:19'),
(54,	9,	108,	'mWrqK,ZECGA',	1,	'2023-05-02 14:56:19',	'2023-05-02 14:56:19'),
(55,	9,	109,	'BqAbI',	1,	'2023-05-02 14:56:19',	'2023-05-02 14:56:19'),
(56,	9,	110,	'AVKei',	1,	'2023-05-02 14:56:19',	'2023-05-02 14:56:19'),
(57,	9,	111,	'iNsyu',	1,	'2023-05-02 15:10:42',	'2023-05-02 15:10:42'),
(58,	9,	112,	'vIKlu',	1,	'2023-05-02 15:10:42',	'2023-05-02 15:10:42'),
(63,	10,	95,	'nZaCI,juoap,mvGxe',	1,	'2023-05-02 15:16:16',	'2023-05-02 15:16:16'),
(64,	10,	96,	'GOyvR',	1,	'2023-05-02 15:16:16',	'2023-05-02 15:16:16'),
(65,	10,	97,	'zgfnJ',	1,	'2023-05-02 15:16:16',	'2023-05-02 15:16:16'),
(66,	10,	98,	'IvHoD',	1,	'2023-05-02 15:16:16',	'2023-05-02 15:16:16'),
(67,	10,	99,	'uiHrP',	1,	'2023-05-02 15:16:16',	'2023-05-02 15:16:16'),
(68,	10,	100,	'klySX',	1,	'2023-05-02 15:16:16',	'2023-05-02 15:16:16'),
(69,	10,	101,	'LBNdH,IKmbD,AwKWP,gDoHw,KkzXq',	1,	'2023-05-02 15:16:16',	'2023-05-02 15:16:16'),
(70,	10,	102,	'MXQPl',	1,	'2023-05-02 15:16:16',	'2023-05-02 15:16:16'),
(71,	10,	103,	'SNQji',	1,	'2023-05-02 15:16:16',	'2023-05-02 15:16:16'),
(72,	10,	104,	'AOCbq',	1,	'2023-05-02 15:16:16',	'2023-05-02 15:16:16'),
(73,	10,	105,	'JOaSp',	1,	'2023-05-02 15:16:16',	'2023-05-02 15:16:16'),
(74,	10,	106,	'nWObv',	1,	'2023-05-02 15:16:16',	'2023-05-02 15:16:16'),
(75,	10,	107,	'hIFgK',	1,	'2023-05-02 15:16:16',	'2023-05-02 15:16:16'),
(76,	10,	108,	'mWrqK,ZECGA,lDagJ,aJKyL',	1,	'2023-05-02 15:16:16',	'2023-05-02 15:16:16'),
(77,	10,	109,	'HPdCa',	1,	'2023-05-02 15:16:16',	'2023-05-02 15:16:16'),
(78,	10,	110,	'ZnksH',	1,	'2023-05-02 15:16:16',	'2023-05-02 15:16:16');

DROP TABLE IF EXISTS `sections`;
CREATE TABLE `sections` (
  `id` int(11) NOT NULL AUTO_INCREMENT,
  `title` varchar(199) NOT NULL,
  `abbr` varchar(10) NOT NULL COMMENT 'Abbreviation...',
  `checklist_id` int(11) NOT NULL,
  `created_by` int(11) NOT NULL,
  `created_at` timestamp NULL DEFAULT current_timestamp(),
  `updated_at` timestamp NULL DEFAULT current_timestamp() ON UPDATE current_timestamp(),
  PRIMARY KEY (`id`),
  KEY `fk_section_created_by` (`created_by`),
  KEY `fk_section_checklist` (`checklist_id`),
  CONSTRAINT `fk_section_checklist` FOREIGN KEY (`checklist_id`) REFERENCES `checklists` (`id`) ON UPDATE CASCADE,
  CONSTRAINT `fk_section_created_by` FOREIGN KEY (`created_by`) REFERENCES `users` (`id`) ON UPDATE CASCADE
) ENGINE=InnoDB DEFAULT CHARSET=utf8mb4 COLLATE=utf8mb4_general_ci;

INSERT INTO `sections` (`id`, `title`, `abbr`, `checklist_id`, `created_by`, `created_at`, `updated_at`) VALUES
(7,	'A: REQUIRED JOB AIDS',	'RJA',	5,	1,	'2023-04-07 11:30:07',	'2023-04-07 11:30:07'),
(8,	'B: HTS Eligibility screening',	'HES',	5,	1,	'2023-04-07 12:19:41',	'2023-04-07 12:19:41'),
(9,	'C: HTS OVERALL STRATEGY',	'HOS',	5,	1,	'2023-04-07 12:24:22',	'2023-04-07 12:24:22'),
(10,	'D: INDEX TESTING ',	'HIT',	5,	1,	'2023-04-07 12:37:09',	'2023-04-07 12:37:09'),
(11,	'E: SOCIAL NETWORK STRATEGY (SNS)',	'HSNS',	5,	1,	'2023-04-07 12:39:05',	'2023-04-07 12:39:05'),
(12,	'F: REFERRAL AND LINKAGE TO HIV TREATMENT AND PREVENTION',	'HRLHTP',	5,	1,	'2023-04-07 12:49:14',	'2023-04-07 12:49:14'),
(13,	'G: RECENCY SURVEILLANCE',	'HRS',	5,	1,	'2023-04-07 12:53:54',	'2023-04-07 12:53:54'),
(14,	'H: QUALITY OF HIV TESTING SERVICES',	'HQHTS',	5,	1,	'2023-04-07 12:57:25',	'2023-04-07 12:57:25'),
(15,	'I: HIV TESTING SERVICES COMMODITIES, EQUIPMENTS AND SAFETY',	'HTSCES',	5,	1,	'2023-04-07 13:25:21',	'2023-04-07 13:25:21'),
(16,	'J: TRAININGS',	'HT',	5,	1,	'2023-04-07 13:30:34',	'2023-04-07 13:30:34'),
(17,	'K: CONTINOUS QUALITY IMPROVEMENT',	'HCQI',	5,	1,	'2023-04-07 13:33:03',	'2023-04-07 13:33:03'),
(18,	'CLASSIFICATION',	'CL',	6,	1,	'2023-05-08 07:46:24',	'2023-05-08 07:46:24'),
(19,	'ACCOUNTABILITY',	'ACC',	6,	1,	'2023-05-08 07:54:20',	'2023-05-08 07:54:20'),
(20,	'C: STORAGE',	'ST',	6,	1,	'2023-06-09 04:29:15',	'2023-06-09 04:29:15'),
(21,	'D: MEDICATION DISPENSING',	'MD',	6,	1,	'2023-06-09 04:32:56',	'2023-06-09 04:32:56'),
(22,	'E: PHARMACOVIGILANCE',	'PC',	6,	1,	'2023-06-09 04:38:41',	'2023-06-09 04:38:41'),
(23,	'F: SUPPLY CHAIN RELIABILITY',	'SCR',	6,	1,	'2023-06-09 04:39:45',	'2023-06-09 04:39:45'),
(24,	'G: REQUIRED DOCUMENTS',	'RD',	6,	1,	'2023-06-09 04:40:44',	'2023-06-09 04:40:44'),
(25,	'A: REQUIRED JOB AIDS',	'RJA',	7,	1,	'2023-06-09 05:55:07',	'2023-06-09 05:55:07'),
(26,	'B. GUIDELNES',	'G',	7,	1,	'2023-06-09 06:01:16',	'2023-06-09 06:01:16'),
(27,	'C. CHART REVIEWS -I. Advanced HIV disease screening',	'CRAHD',	7,	1,	'2023-06-09 06:05:47',	'2023-06-09 07:16:09'),
(28,	'C. CHART REVIEWS -II. VL UPTAKE',	'CRVL',	7,	1,	'2023-06-09 06:15:43',	'2023-06-09 06:15:43'),
(29,	'NCD Screening',	'NCDS',	7,	1,	'2023-06-09 06:19:53',	'2023-06-09 06:19:53'),
(30,	'CQI',	'CQI',	7,	1,	'2023-06-09 06:22:34',	'2023-06-09 06:22:34'),
(31,	'Guidelines',	'GD',	8,	1,	'2023-06-09 07:15:42',	'2023-06-09 07:15:42'),
(32,	'M&E SOPs',	'M&ESOP',	8,	1,	'2023-06-09 07:18:21',	'2023-06-09 07:18:21'),
(33,	'Meeting minutes & Reports',	'MMR',	8,	1,	'2023-07-07 06:41:00',	'2023-07-07 06:41:00'),
(34,	'Availability Correct & Consistent use of national tools & reporting',	'ACC',	8,	1,	'2023-07-07 06:44:46',	'2023-07-07 06:44:46'),
(35,	'SOPs (should be Posted on the wall)',	'KPSOPs',	8,	1,	'2023-07-07 07:08:22',	'2023-07-07 07:08:22'),
(36,	'KP HTS',	'KPHTS',	8,	1,	'2023-07-07 07:10:00',	'2023-07-07 07:10:00'),
(37,	'Waste management & infection control measures',	'WMICM',	8,	1,	'2023-07-07 07:12:10',	'2023-07-07 07:12:10'),
(38,	'Storage',	'Storage',	8,	1,	'2023-07-07 07:14:28',	'2023-07-07 07:14:28'),
(39,	'Updated KP programming requirements',	'KPPR',	8,	1,	'2023-07-07 07:16:36',	'2023-07-07 07:16:36'),
(40,	'HRM',	'HRM',	8,	1,	'2023-07-07 07:17:31',	'2023-07-07 07:17:31'),
(41,	'A: REQUIRED SOPS AND JOB AIDS',	'SOPs_JOBAI',	9,	1,	'2023-07-07 07:52:27',	'2023-07-07 07:52:27'),
(42,	'B: SECURITY AND SCREENING CHECKS',	'SSC',	9,	1,	'2023-07-07 07:53:04',	'2023-07-07 07:53:04'),
(43,	'B1: DATA',	'DATA',	9,	1,	'2023-07-07 07:55:58',	'2023-07-07 07:55:58'),
(44,	'C: CLINICAL SERVICES',	'CS',	9,	1,	'2023-07-07 07:56:57',	'2023-07-07 07:56:57'),
(45,	'D: PSYCHOSOCIAL SERVICES',	'PS',	9,	1,	'2023-07-07 08:01:14',	'2023-07-07 08:01:14'),
(46,	'E: LABORATORY TESTING SERVICES',	'LTS',	9,	1,	'2023-07-07 08:02:20',	'2023-07-07 08:02:20'),
(47,	'F: PHARMACY SERVICES',	'PS',	9,	1,	'2023-07-07 08:20:28',	'2023-07-07 08:20:28'),
(48,	'G: HIV TESTING SERVICES',	'HTS',	9,	1,	'2023-07-07 08:22:27',	'2023-07-07 08:22:27'),
(49,	'H: MOBILE MAT SERVICES',	'MMATS',	9,	1,	'2023-07-07 08:26:41',	'2023-07-07 08:27:41');

DROP TABLE IF EXISTS `survey_set`;
CREATE TABLE `survey_set` (
  `id` int(11) NOT NULL AUTO_INCREMENT,
  `title` varchar(200) NOT NULL,
  `description` text NOT NULL,
  `user_id` int(11) NOT NULL,
  `start_date` date NOT NULL,
  `end_date` date NOT NULL,
  `date_created` datetime NOT NULL DEFAULT current_timestamp(),
  PRIMARY KEY (`id`)
) ENGINE=InnoDB DEFAULT CHARSET=utf8mb4 COLLATE=utf8mb4_general_ci;

INSERT INTO `survey_set` (`id`, `title`, `description`, `user_id`, `start_date`, `end_date`, `date_created`) VALUES
(1,	'Sample Survey',	'Sample Only',	0,	'2020-11-06',	'2020-12-10',	'2020-11-10 09:57:47'),
(2,	'Survey 1',	'Lorem ipsum dolor sit amet, consectetur adipiscing elit. Donec in tempus turpis, sed fermentum risus. Praesent vitae velit rutrum, dictum massa nec, pharetra felis. Phasellus enim augue, laoreet in accumsan dictum, mollis nec lectus. ',	0,	'2020-10-15',	'2020-12-30',	'2020-11-10 14:12:09'),
(3,	'Survey 2',	'Lorem ipsum dolor sit amet, consectetur adipiscing elit. Donec in tempus turpis, sed fermentum risus. Praesent vitae velit rutrum, dictum massa nec, pharetra felis. ',	0,	'2020-09-01',	'2020-11-27',	'2020-11-10 14:12:33'),
(4,	'Survey 23',	'Lorem ipsum dolor sit amet, consectetur adipiscing elit. Donec in tempus turpis, sed fermentum risus. Praesent vitae velit rutrum, dictum massa nec, pharetra felis. ',	0,	'2020-09-10',	'2020-11-27',	'2020-11-10 14:14:03'),
(5,	'Sample Survey 101',	'Sample only',	0,	'2020-10-01',	'2020-11-23',	'2020-11-10 14:14:29');

DROP TABLE IF EXISTS `teams`;
CREATE TABLE `teams` (
  `id` int(11) NOT NULL AUTO_INCREMENT,
  `name` varchar(100) NOT NULL,
  `team_lead` int(11) NOT NULL,
  `created_at` timestamp NULL DEFAULT current_timestamp(),
  `updated_at` timestamp NULL DEFAULT current_timestamp() ON UPDATE current_timestamp(),
  PRIMARY KEY (`id`),
  UNIQUE KEY `unique_team_name` (`name`),
  KEY `fk_team_lead` (`team_lead`),
  CONSTRAINT `fk_team_lead` FOREIGN KEY (`team_lead`) REFERENCES `users` (`id`) ON UPDATE CASCADE
) ENGINE=InnoDB DEFAULT CHARSET=utf8mb4 COLLATE=utf8mb4_general_ci;

INSERT INTO `teams` (`id`, `name`, `team_lead`, `created_at`, `updated_at`) VALUES
(1,	'Team One',	48,	'2023-03-27 10:11:25',	'2023-03-28 13:04:08'),
(2,	'Team Two',	23,	'2023-04-05 06:32:47',	'2023-04-05 06:32:47'),
(3,	'Team 3',	58,	'2023-04-05 06:33:04',	'2023-04-05 06:33:04'),
(4,	'COE',	52,	'2023-04-05 06:33:24',	'2023-04-05 06:33:24');

DROP TABLE IF EXISTS `users`;
CREATE TABLE `users` (
  `id` int(11) NOT NULL AUTO_INCREMENT,
  `category_id` int(11) DEFAULT NULL,
  `email` varchar(100) NOT NULL,
  `phone_number` char(50) NOT NULL DEFAULT '0',
  `first_name` varchar(100) NOT NULL,
  `last_name` varchar(100) NOT NULL,
  `middle_name` varchar(100) NOT NULL,
  `active` tinyint(1) NOT NULL DEFAULT 1,
  `facility_id` int(11) DEFAULT NULL,
  `password` varchar(500) NOT NULL DEFAULT '',
  `last_login` timestamp NULL DEFAULT NULL,
  `created_by` int(11) DEFAULT NULL,
  `created_at` timestamp NULL DEFAULT current_timestamp(),
  `updated_at` timestamp NULL DEFAULT NULL,
  PRIMARY KEY (`id`),
  KEY `index_email` (`email`),
  KEY `fk_user_facility_id` (`facility_id`),
  KEY `fk_user_creator` (`created_by`),
  KEY `fk_user_category` (`category_id`),
  CONSTRAINT `fk_user_category` FOREIGN KEY (`category_id`) REFERENCES `user_categories` (`id`) ON UPDATE CASCADE
) ENGINE=InnoDB DEFAULT CHARSET=utf8mb4 COLLATE=utf8mb4_general_ci;

INSERT INTO `users` (`id`, `category_id`, `email`, `phone_number`, `first_name`, `last_name`, `middle_name`, `active`, `facility_id`, `password`, `last_login`, `created_by`, `created_at`, `updated_at`) VALUES
(1,	1,	'admin@admin.com',	'0735377609',	'Admin',	'Admin',	'K',	1,	NULL,	'0192023a7bbd73250516f069df18b500',	'2023-07-14 08:33:59',	1,	'2022-05-17 13:21:00',	'2023-07-14 08:33:59'),
(2,	NULL,	'kimjose@gmail.com',	'0789123123',	'hts',	's',	'',	1,	NULL,	'0192023a7bbd73250516f069df18b500',	'2022-05-25 06:11:48',	1,	'2022-05-23 12:35:21',	'2022-08-23 05:08:29'),
(3,	NULL,	'jnmwende693@gmail.com',	'0789123154',	'Jackline',	'Mwende',	'',	1,	NULL,	'0192023a7bbd73250516f069df18b500',	'2022-05-25 06:23:27',	1,	'2022-05-24 07:18:45',	'2022-05-25 06:23:27'),
(4,	NULL,	'kimjose693@gmail.com',	'0717894567',	'Jamp',	'Jumper',	'',	1,	28,	'0192023a7bbd73250516f069df18b500',	'2022-05-26 05:47:42',	1,	'2022-05-24 11:48:27',	'2022-06-06 03:45:40'),
(11,	NULL,	'prarriw@cihebkenya.org',	'0701125676',	'Patricia',	'Rarriw',	'',	1,	NULL,	'0192023a7bbd73250516f069df18b500',	'2022-09-29 00:05:25',	1,	'2022-05-31 06:13:28',	'2022-09-29 12:05:25'),
(12,	NULL,	'jorawo@cihebkenya.org',	'0789123123',	'Joshua',	'Orawo',	'',	1,	NULL,	'0192023a7bbd73250516f069df18b500',	'2022-09-29 09:02:23',	1,	'2022-06-06 05:54:36',	'2022-09-29 09:02:23'),
(13,	NULL,	'POmwoma@cihebkenya.org',	'0721656327',	'Priscilla',	'Omwoma',	'',	1,	NULL,	'0192023a7bbd73250516f069df18b500',	'2022-09-22 08:39:14',	1,	'2022-06-06 06:06:24',	'2022-09-22 08:39:14'),
(14,	NULL,	'emutiso@cihebkenya.org',	'0736216207',	'Esther',	'Mutiso',	'',	1,	NULL,	'0192023a7bbd73250516f069df18b500',	'2022-09-26 09:50:35',	1,	'2022-06-06 13:21:08',	'2022-09-26 09:50:35'),
(15,	NULL,	'Omunyao@cihebkenya.org',	'0735111154',	'Oscar',	'Munyao',	'',	1,	NULL,	'0192023a7bbd73250516f069df18b500',	'2022-09-28 05:55:01',	1,	'2022-06-09 08:32:44',	'2022-09-28 05:55:01'),
(16,	NULL,	'dpaul@cihebkenya.org',	'0725518149',	'Desmond',	'Mwania',	'',	1,	NULL,	'0192023a7bbd73250516f069df18b500',	'2022-09-29 09:04:14',	1,	'2022-06-09 08:58:27',	'2022-09-29 09:04:14'),
(17,	NULL,	'eketer@cihebkenya.org',	'0777166267',	'EMILY',	'KETER',	'',	1,	NULL,	'0192023a7bbd73250516f069df18b500',	NULL,	1,	'2022-06-11 13:13:04',	'2022-06-11 13:13:04'),
(18,	NULL,	'gwangari@cihebkenya.org',	'0788753904',	'GERALD',	'WANGARI',	'',	1,	NULL,	'0192023a7bbd73250516f069df18b500',	'2022-09-27 06:47:41',	1,	'2022-06-11 13:13:04',	'2022-09-27 06:47:41'),
(20,	NULL,	'amunyalo@cihebkenya.org',	'0778846071',	'AGNES',	'MUNYALO',	'',	1,	NULL,	'0192023a7bbd73250516f069df18b500',	'2022-09-28 06:45:50',	1,	'2022-06-11 13:13:05',	'2022-09-28 06:45:50'),
(21,	NULL,	'jmashala@cihebkenya.org',	'0713301129',	'JUMA',	'MASHALA',	'',	1,	NULL,	'0192023a7bbd73250516f069df18b500',	'2022-09-21 23:50:13',	1,	'2022-06-11 13:13:05',	'2022-09-22 11:50:13'),
(22,	NULL,	'kowino@cihebkenya.org',	'0770424076',	'KENNEDY',	'OWINO',	'',	1,	NULL,	'0192023a7bbd73250516f069df18b500',	NULL,	1,	'2022-06-11 13:13:05',	'2022-06-11 13:13:05'),
(23,	NULL,	'wkariuki@cihebkenya.org',	'0733777465',	'Wilson',	'Kariuki',	'',	1,	NULL,	'0192023a7bbd73250516f069df18b500',	'2022-09-28 22:32:28',	1,	'2022-06-11 13:13:05',	'2022-09-29 10:32:28'),
(24,	NULL,	'rmotogwa@cihebkenya.org',	'0733012688',	'RICHARD',	'MOTOGWA',	'',	1,	NULL,	'0192023a7bbd73250516f069df18b500',	NULL,	1,	'2022-06-11 13:13:05',	'2022-06-11 13:13:05'),
(25,	NULL,	'aomanya@cihebkenya.org',	'0738124375',	'ANGELA',	'OMANYA',	'',	1,	NULL,	'0192023a7bbd73250516f069df18b500',	'2022-09-26 06:32:15',	1,	'2022-06-11 13:13:05',	'2022-09-26 06:32:15'),
(26,	NULL,	'claibon@cihebkenya.org',	'0704708626',	'CAROLINE',	'LAIBON',	'',	1,	NULL,	'0192023a7bbd73250516f069df18b500',	'2022-09-08 09:06:23',	1,	'2022-06-11 13:13:05',	'2022-09-08 09:06:23'),
(27,	NULL,	'dmuriungi@cihebkenya.org',	'0769362836',	'DORIS',	'MURIUNGI',	'',	1,	NULL,	'0192023a7bbd73250516f069df18b500',	NULL,	1,	'2022-06-11 13:13:05',	'2022-06-11 13:13:05'),
(28,	NULL,	'emomanyi@cihebkenya.org',	'0701698084',	'EMMAH',	'MOMANYI',	'',	1,	NULL,	'0192023a7bbd73250516f069df18b500',	'2022-08-25 08:40:28',	1,	'2022-06-11 13:13:05',	'2022-08-25 08:40:28'),
(29,	NULL,	'ekadenge@cihebkenya.org',	'0742617927',	'EUNICE',	'KADENGE',	'',	1,	NULL,	'0192023a7bbd73250516f069df18b500',	NULL,	1,	'2022-06-11 13:13:06',	'2022-06-11 13:13:06'),
(30,	NULL,	'gnganga@cihebkenya.org',	'0764414398',	'GEOFREY',	'NGANGA',	'',	1,	NULL,	'0192023a7bbd73250516f069df18b500',	NULL,	1,	'2022-06-11 13:13:06',	'2022-06-11 13:13:06'),
(31,	NULL,	'jngui@cihebkenya.org',	'0710820603',	'JAVIES',	'NGUI',	'',	1,	NULL,	'0192023a7bbd73250516f069df18b500',	'2022-09-28 07:12:23',	1,	'2022-06-11 13:13:06',	'2022-09-28 07:12:23'),
(32,	NULL,	'jmaingi@cihebkenya.org',	'0721068368',	'JAMES',	'MAINGI',	'',	1,	NULL,	'0192023a7bbd73250516f069df18b500',	'2022-06-30 01:35:59',	1,	'2022-06-11 13:13:06',	'2022-06-30 13:35:59'),
(33,	NULL,	'jnganga@cihebkenya.org',	'0762338976',	'JEWEL',	'NGANGA',	'',	1,	NULL,	'0192023a7bbd73250516f069df18b500',	NULL,	1,	'2022-06-11 13:13:06',	'2022-06-11 13:13:06'),
(34,	NULL,	'jmosago@cihebkenya.org',	'0790606837',	'JOEL',	'MOSAGO',	'',	1,	NULL,	'0192023a7bbd73250516f069df18b500',	NULL,	1,	'2022-06-11 13:13:06',	'2022-06-11 13:13:06'),
(35,	NULL,	'jonyango@cihebkenya.org',	'0771456926',	'JOSHUA',	'ONYANGO',	'',	1,	NULL,	'0192023a7bbd73250516f069df18b500',	NULL,	1,	'2022-06-11 13:13:06',	'2022-06-11 13:13:06'),
(36,	NULL,	'mnjoroge@cihebkenya.org',	'0762996236',	'MATTHEW',	'NJOROGE',	'',	1,	NULL,	'0192023a7bbd73250516f069df18b500',	NULL,	1,	'2022-06-11 13:13:06',	'2022-06-11 13:13:06'),
(38,	NULL,	'rwangusi@cihebkenya.org',	'0718788820',	'REBECCA',	'WANGUSI',	'',	1,	NULL,	'0192023a7bbd73250516f069df18b500',	NULL,	1,	'2022-06-11 13:13:06',	'2022-06-11 13:13:06'),
(39,	NULL,	'yamondi@cihebkenya.org',	'0764061752',	'YUVINE',	'AMONDI',	'',	1,	NULL,	'0192023a7bbd73250516f069df18b500',	NULL,	1,	'2022-06-11 13:13:07',	'2022-06-11 13:13:07'),
(40,	NULL,	'botieno@cihebkenya.org',	'0776163174',	'BERNARD',	'OTIENO',	'',	1,	NULL,	'0192023a7bbd73250516f069df18b500',	'2022-09-09 06:52:36',	1,	'2022-06-11 13:13:07',	'2022-09-09 06:52:36'),
(41,	NULL,	'mchege@cihebkenya.org',	'0765771370',	'MOURINE',	'CHEGE',	'',	1,	NULL,	'0192023a7bbd73250516f069df18b500',	NULL,	1,	'2022-06-11 13:13:07',	'2022-06-11 13:13:07'),
(42,	NULL,	'cmunguti@cihebkenya.org',	'0708644379',	'CATHERINE',	'MUNGUTI',	'',	1,	NULL,	'0192023a7bbd73250516f069df18b500',	'2022-06-28 09:13:29',	1,	'2022-06-11 13:13:07',	'2022-06-28 09:13:29'),
(43,	NULL,	'jkarumba@cihebkenya.org',	'0749344531',	'JOSEPH',	'KARUMBA',	'',	1,	NULL,	'0192023a7bbd73250516f069df18b500',	NULL,	1,	'2022-06-11 13:13:07',	'2022-06-11 13:13:07'),
(44,	NULL,	'jmakau@cihebkenya.org',	'0760758327',	'JOSEPH',	'MAKAU',	'',	1,	NULL,	'0192023a7bbd73250516f069df18b500',	NULL,	1,	'2022-06-11 13:13:07',	'2022-06-11 13:13:07'),
(45,	NULL,	'lkuria@cihebkenya.org',	'0722025612',	'LYDIA',	'KURIA',	'',	1,	NULL,	'0192023a7bbd73250516f069df18b500',	'2022-09-28 09:39:19',	1,	'2022-06-11 13:13:07',	'2022-09-28 09:39:19'),
(46,	NULL,	'nkipkorir@cihebkenya.org',	'0724042484',	'NICHOLAS',	'KIPKORIR',	'',	1,	NULL,	'0192023a7bbd73250516f069df18b500',	NULL,	1,	'2022-06-11 13:13:07',	'2022-06-11 13:13:07'),
(47,	NULL,	'pmutele@cihebkenya.org',	'0780583512',	'PETER',	'MUTELE',	'',	1,	NULL,	'0192023a7bbd73250516f069df18b500',	NULL,	1,	'2022-06-11 13:13:07',	'2022-06-11 13:13:07'),
(48,	NULL,	'ekaro@cihebkenya.org',	'0796959068',	'ESTHER',	'KARO',	'',	1,	NULL,	'0192023a7bbd73250516f069df18b500',	'2022-09-29 08:31:29',	1,	'2022-06-11 13:13:08',	'2022-09-29 08:31:29'),
(49,	NULL,	'akiarie@cihebkenya.org',	'0758947670',	'ABSOLOM',	'KIARIE',	'',	1,	NULL,	'0192023a7bbd73250516f069df18b500',	'2022-09-21 06:35:50',	1,	'2022-06-11 13:13:08',	'2022-09-21 06:35:50'),
(50,	NULL,	'dmutai@cihebkenya.org',	'0753005161',	'DEDAN',	'MUTAI',	'',	1,	NULL,	'0192023a7bbd73250516f069df18b500',	NULL,	1,	'2022-06-11 13:13:08',	'2022-06-11 13:13:08'),
(51,	NULL,	'gnduta@cihebkenya.org',	'0727455313',	'GLADYS',	'NDUTA',	'',	1,	NULL,	'0192023a7bbd73250516f069df18b500',	NULL,	1,	'2022-06-11 13:13:08',	'2022-06-11 13:13:08'),
(52,	NULL,	'jmwaniki@cihebkenya.org',	'0798134274',	'JOSEPH',	'MWANIKI',	'',	1,	NULL,	'0192023a7bbd73250516f069df18b500',	'2022-08-30 00:15:44',	1,	'2022-06-11 13:13:08',	'2022-08-30 12:15:44'),
(54,	NULL,	'bmuturi@cihebkenya.org',	'0799302672',	'BERNARD',	'MUTURI',	'',	1,	NULL,	'0192023a7bbd73250516f069df18b500',	NULL,	1,	'2022-06-11 13:13:08',	'2022-06-11 13:13:08'),
(55,	NULL,	'lwanjeri@cihebkenya.org',	'0718182311',	'LUDOVIC',	'WANJERI',	'',	1,	NULL,	'0192023a7bbd73250516f069df18b500',	'2022-09-29 08:10:43',	1,	'2022-06-11 13:13:08',	'2022-09-29 08:10:43'),
(56,	NULL,	'dpaul@cihebkenya.org',	'0763608212',	'DESMOND',	'PAUL',	'',	1,	NULL,	'0192023a7bbd73250516f069df18b500',	'2022-08-09 05:35:42',	1,	'2022-06-11 13:13:08',	'2022-08-09 17:35:42'),
(57,	NULL,	'dodhiambo@cihebkenya.org',	'0721231557',	'DUNCAN',	'ODHIAMBO',	'',	1,	NULL,	'0192023a7bbd73250516f069df18b500',	'2022-06-20 06:39:48',	1,	'2022-06-11 13:13:09',	'2022-06-20 06:39:48'),
(58,	NULL,	'jmuema@cihebkenya.org',	'0706790550',	'JANET',	'MUEMA',	'',	1,	NULL,	'0192023a7bbd73250516f069df18b500',	'2022-09-21 07:19:10',	1,	'2022-06-11 13:13:09',	'2022-09-21 07:19:10'),
(59,	NULL,	'orotich@cihebkenya.org',	'0751240537',	'OBADIAH',	'ROTICH',	'',	1,	NULL,	'0192023a7bbd73250516f069df18b500',	NULL,	1,	'2022-06-11 13:13:09',	'2022-06-11 13:13:09'),
(60,	NULL,	'rrotich@cihebkenya.org',	'0700888344',	'ROBERT',	'ROTICH',	'',	1,	NULL,	'0192023a7bbd73250516f069df18b500',	NULL,	1,	'2022-06-11 13:13:09',	'2022-06-11 13:13:09'),
(61,	NULL,	'sobala@cihebkenya.org',	'0755135638',	'STEPHEN',	'OBALA',	'',	1,	NULL,	'0192023a7bbd73250516f069df18b500',	NULL,	1,	'2022-06-11 13:13:09',	'2022-06-11 13:13:09'),
(62,	NULL,	'sthumbi@cihebkenya.org',	'0743763288',	'SUSAN',	'THUMBI',	'',	1,	NULL,	'0192023a7bbd73250516f069df18b500',	NULL,	1,	'2022-06-11 13:13:09',	'2022-06-11 13:13:09'),
(63,	NULL,	'dnganga@cihebkenya.org',	'0737409060',	'DAMARIS',	'NGANGA',	'',	1,	NULL,	'0192023a7bbd73250516f069df18b500',	'2022-09-05 04:36:28',	1,	'2022-06-11 13:13:09',	'2022-09-05 04:36:28'),
(64,	NULL,	'dtobon@cihebkenya.org',	'0793738767',	'DAMARIS',	'TOBON',	'',	1,	NULL,	'0192023a7bbd73250516f069df18b500',	NULL,	1,	'2022-06-11 13:13:09',	'2022-06-11 13:13:09'),
(65,	NULL,	'gochieng@cihebkenya.org',	'0784854136',	'GADAFI',	'OCHIENG',	'',	1,	NULL,	'0192023a7bbd73250516f069df18b500',	NULL,	1,	'2022-06-11 13:13:09',	'2022-06-11 13:13:09'),
(66,	NULL,	'emwangi@cihebkenya.org',	'0792145794',	'EMMAH',	'MWANGI',	'',	1,	NULL,	'0192023a7bbd73250516f069df18b500',	NULL,	1,	'2022-06-11 13:13:10',	'2022-06-11 13:13:10'),
(67,	NULL,	'fwachira@cihebkenya.org',	'0727723873',	'FRANCIS',	'WACHIRA',	'',	1,	NULL,	'0192023a7bbd73250516f069df18b500',	NULL,	1,	'2022-06-11 13:13:10',	'2022-06-11 13:13:10'),
(68,	NULL,	'pawuor@cihebkenya.org',	'0779040971',	'PATRICK',	'AWUOR',	'',	1,	NULL,	'0192023a7bbd73250516f069df18b500',	'2022-09-09 09:42:51',	1,	'2022-06-11 13:13:10',	'2022-09-09 09:42:51'),
(69,	NULL,	'snzyoka@cihebkenya.org',	'0797273938',	'SARAH',	'NZYOKA',	'',	1,	NULL,	'0192023a7bbd73250516f069df18b500',	'2022-09-15 07:23:10',	1,	'2022-06-11 13:13:10',	'2022-09-15 07:23:10'),
(70,	NULL,	'ronsomu@cihebkenya.org',	'0729234631',	'ROSE',	'ONSOMU',	'',	1,	NULL,	'0192023a7bbd73250516f069df18b500',	NULL,	1,	'2022-06-11 13:13:10',	'2022-06-11 13:13:10'),
(71,	NULL,	'cmichura@cihebkenya.org',	'0722444231',	'CHRISTINE',	'MICHURA',	'',	1,	NULL,	'0192023a7bbd73250516f069df18b500',	'2022-08-26 07:24:32',	1,	'2022-06-11 13:13:10',	'2022-08-26 07:24:32'),
(72,	NULL,	'smuhamed@cihebkenya.org',	'0767324587',	'SULEIMAN',	'MUHAMED',	'',	1,	NULL,	'0192023a7bbd73250516f069df18b500',	NULL,	1,	'2022-06-11 13:13:10',	'2022-06-11 13:13:10'),
(73,	NULL,	'aolela@cihebkenya.org',	'0729363476',	'ANNETE',	'OLELA',	'',	1,	NULL,	'0192023a7bbd73250516f069df18b500',	'2022-08-04 04:37:41',	1,	'2022-06-11 13:13:10',	'2022-08-04 04:37:41'),
(74,	NULL,	'wmungai@cihebkenya.org',	'0749244260',	'WALLACE',	'MUNGAI',	'',	1,	NULL,	'0192023a7bbd73250516f069df18b500',	NULL,	1,	'2022-06-11 13:13:10',	'2022-06-11 13:13:10'),
(75,	NULL,	'jkado@cihebkenya.org',	'0778283050',	'JAVAN',	'KADO',	'',	1,	NULL,	'0192023a7bbd73250516f069df18b500',	'2022-09-29 07:53:42',	1,	'2022-06-11 13:13:11',	'2022-09-29 07:53:42'),
(76,	NULL,	'rkasivu@cihebkenya.org',	'0708825179',	'ROBERT',	'KASIVU',	'',	1,	NULL,	'0192023a7bbd73250516f069df18b500',	NULL,	1,	'2022-06-11 13:13:11',	'2022-06-11 13:13:11'),
(77,	NULL,	'injagi@cihebkenya.org',	'0722587540',	'ISAAC',	'NJAGI',	'',	1,	NULL,	'0192023a7bbd73250516f069df18b500',	NULL,	1,	'2022-06-11 13:13:11',	'2022-06-11 13:13:11'),
(78,	NULL,	'wouko@cihebkenya.org',	'0733097862',	'WILLIAM',	'OUKO',	'',	1,	NULL,	'0192023a7bbd73250516f069df18b500',	NULL,	1,	'2022-06-11 13:13:11',	'2022-06-11 13:13:11'),
(79,	NULL,	'domiti@cihebkenya.org',	'0749112852',	'DORIS',	'OMITI',	'',	1,	NULL,	'0192023a7bbd73250516f069df18b500',	'2022-09-08 22:59:46',	1,	'2022-06-11 13:13:11',	'2022-09-09 10:59:46'),
(80,	NULL,	'vachieng@cihebkenya.org',	'0112528491',	'VERITY',	'ACHIENG',	'',	1,	NULL,	'0192023a7bbd73250516f069df18b500',	'2022-09-29 06:59:50',	1,	'2022-06-11 13:13:11',	'2022-09-29 06:59:50'),
(81,	NULL,	'awughanga@cihebkenya.org',	'0796316019',	'ANNE',	'WUGHANGA',	'',	1,	NULL,	'0192023a7bbd73250516f069df18b500',	NULL,	1,	'2022-06-11 13:13:11',	'2022-06-11 13:13:11'),
(82,	NULL,	'sndaba@mgic.umaryland.edu',	'0772875985',	'Sospeter',	'Ndaba',	'',	1,	NULL,	'0192023a7bbd73250516f069df18b500',	NULL,	1,	'2022-06-11 13:13:11',	'2022-06-11 13:13:11'),
(83,	NULL,	'vmakhoha@mgic.umaryland.edu',	'0763886425',	'Violet',	'Makhoha',	'',	1,	NULL,	'0192023a7bbd73250516f069df18b500',	NULL,	1,	'2022-06-11 13:13:11',	'2022-06-11 13:13:11'),
(84,	NULL,	'cochola@mgic.umaryland.edu',	'0791542335',	'Cornelia',	'Ochola',	'',	1,	NULL,	'0192023a7bbd73250516f069df18b500',	NULL,	1,	'2022-06-11 13:13:12',	'2022-06-11 13:13:12'),
(85,	NULL,	'fkimonye@mgic.umaryland.edu',	'0704959101',	'Francis',	'Kimonye',	'',	1,	NULL,	'0192023a7bbd73250516f069df18b500',	NULL,	1,	'2022-06-11 13:13:12',	'2022-06-11 13:13:12'),
(86,	NULL,	'tmasai@mgic.umaryland.edu',	'0710279142',	'Tina',	'Masai',	'',	1,	NULL,	'0192023a7bbd73250516f069df18b500',	'2022-09-25 22:10:11',	1,	'2022-06-11 13:13:12',	'2022-09-26 10:10:11'),
(87,	NULL,	'skoech@mgic.umaryland.edu',	'0710529985',	'Sylvia',	'Koech',	'',	1,	NULL,	'0192023a7bbd73250516f069df18b500',	'2022-09-06 22:20:58',	1,	'2022-06-11 13:13:12',	'2022-09-07 10:20:58'),
(88,	NULL,	'cmuthamia@mgic.umaryland.edu',	'0726821277',	'Carolyne',	'Muthamia',	'',	1,	NULL,	'0192023a7bbd73250516f069df18b500',	'2022-06-15 07:02:58',	1,	'2022-06-11 13:13:12',	'2022-06-15 07:02:58'),
(89,	NULL,	'jkirigha@mgic.umaryland.edu',	'0793510214',	'Jardine',	'Kirigha',	'',	1,	NULL,	'0192023a7bbd73250516f069df18b500',	'2022-09-26 02:07:50',	1,	'2022-06-11 13:13:12',	'2022-09-26 14:07:50'),
(90,	NULL,	'jkimani@mgic.umaryland.edu',	'0786982307',	'Joseph',	'Kimani',	'',	1,	NULL,	'0192023a7bbd73250516f069df18b500',	'2022-09-09 06:51:49',	1,	'2022-06-11 13:13:12',	'2022-09-09 06:51:49'),
(91,	NULL,	'ootieno.@mgic.umaryland.edu',	'0725714204',	'Oscar',	'Otieno',	'',	1,	NULL,	'0192023a7bbd73250516f069df18b500',	'2022-09-20 01:45:17',	1,	'2022-06-11 13:13:12',	'2022-09-20 13:45:17'),
(92,	NULL,	'cngeno@mgic.umaryland.edu',	'0728773890',	'Caroline',	'Ngeno',	'',	1,	NULL,	'0192023a7bbd73250516f069df18b500',	NULL,	1,	'2022-06-11 13:13:12',	'2022-06-11 13:13:12'),
(93,	NULL,	'egichora@mgic.umaryland.edu',	'0713048656',	'Elijah',	'Gichora',	'',	1,	NULL,	'0192023a7bbd73250516f069df18b500',	'2022-09-27 07:23:40',	1,	'2022-06-11 13:13:12',	'2022-09-27 19:23:40'),
(94,	NULL,	'bawiti@mgic.umaryland.edu',	'0743853641',	'Brian',	'Awiti',	'',	1,	NULL,	'0192023a7bbd73250516f069df18b500',	'2022-09-19 22:39:31',	1,	'2022-06-11 13:13:13',	'2022-09-20 10:39:31'),
(95,	NULL,	'rmwaura@mgic.umaryland.edu',	'0712051758',	'Ruth',	'Mwaura',	'',	1,	NULL,	'0192023a7bbd73250516f069df18b500',	'2022-08-03 08:31:56',	1,	'2022-06-11 13:13:13',	'2022-08-03 08:31:56'),
(96,	NULL,	'cngomo@mgic.umaryland.edu',	'0782245133',	'Caroline',	'Ngomo',	'',	1,	NULL,	'0192023a7bbd73250516f069df18b500',	NULL,	1,	'2022-06-11 13:13:13',	'2022-06-11 13:13:13'),
(97,	NULL,	'lomondi@mgic.umaryland.edu',	'0765085231',	'Linda',	'Omondi',	'',	1,	NULL,	'0192023a7bbd73250516f069df18b500',	NULL,	1,	'2022-06-11 13:13:13',	'2022-06-11 13:13:13'),
(98,	NULL,	'dkaruga@mgic.umaryland.edu',	'0741062777',	'Daniel',	'Karuga',	'',	1,	NULL,	'0192023a7bbd73250516f069df18b500',	NULL,	1,	'2022-06-11 13:13:13',	'2022-06-11 13:13:13'),
(99,	NULL,	'hngetich@cihebkenya.org',	'0708050965',	'Herbert',	'Ngetich',	'',	1,	NULL,	'0192023a7bbd73250516f069df18b500',	'2022-07-22 08:09:13',	1,	'2022-06-14 06:02:56',	'2022-07-22 08:09:13'),
(100,	NULL,	'rmulwa@cihebkenya.org',	'0799086957',	'Robert',	'Mulwa',	'',	1,	NULL,	'0192023a7bbd73250516f069df18b500',	'2022-09-27 23:10:42',	1,	'2022-06-15 06:31:23',	'2022-09-28 11:10:42'),
(101,	NULL,	'jmwangi@cihebkenya.org',	'0722998587',	'Joseph',	'Mwangi',	'',	1,	NULL,	'0192023a7bbd73250516f069df18b500',	'2022-09-29 08:12:26',	1,	'2022-06-15 06:33:49',	'2022-09-29 08:12:26'),
(102,	NULL,	'rnyaboke@cihebkenya.org',	'0735100284',	'Rose',	'Nyaboke',	'',	1,	NULL,	'0192023a7bbd73250516f069df18b500',	'2022-09-27 05:31:33',	1,	'2022-06-15 06:37:01',	'2022-09-27 05:31:33'),
(103,	NULL,	'bodhiambo@cihebkenya.org',	'0721952214',	'Benard',	'Odhiambo',	'',	1,	NULL,	'0192023a7bbd73250516f069df18b500',	'2022-09-26 06:16:44',	1,	'2022-06-20 12:03:59',	'2022-09-26 06:16:44'),
(104,	NULL,	'oduncan@cihebkenya.org',	'0721231557',	'Duncan',	'Owino',	'',	1,	NULL,	'0192023a7bbd73250516f069df18b500',	'2022-09-11 22:48:22',	1,	'2022-06-27 05:53:29',	'2022-09-12 10:48:22'),
(105,	NULL,	'smuli@gmail.com',	'0701641048',	'Susan',	'Muli',	'',	1,	NULL,	'0192023a7bbd73250516f069df18b500',	NULL,	1,	'2022-06-28 09:37:51',	'2022-06-28 09:37:51'),
(106,	NULL,	'hchimaleni@gmail.com',	'0794132521',	'Hilda',	'Chimaleni',	'',	1,	NULL,	'0192023a7bbd73250516f069df18b500',	NULL,	1,	'2022-06-28 09:37:51',	'2022-06-28 09:37:51'),
(107,	NULL,	'dnyambok@gmail.com',	'0710619496',	'Dotty',	'Nyambok',	'',	1,	NULL,	'0192023a7bbd73250516f069df18b500',	NULL,	1,	'2022-06-28 09:37:51',	'2022-06-28 09:37:51'),
(108,	NULL,	'jiguri@gmail.com',	'0750805516',	'Jane',	'Iguri',	'',	1,	NULL,	'0192023a7bbd73250516f069df18b500',	NULL,	1,	'2022-06-28 09:37:51',	'2022-06-28 09:37:51'),
(109,	NULL,	'lchialo@gmail.com',	'0779653781',	'Leonard',	'Chialo',	'',	1,	NULL,	'0192023a7bbd73250516f069df18b500',	NULL,	1,	'2022-06-28 09:37:51',	'2022-06-28 09:37:51'),
(110,	NULL,	'eoino@gmail.com',	'0769468159',	'Emma',	'Oino',	'',	1,	NULL,	'0192023a7bbd73250516f069df18b500',	NULL,	1,	'2022-06-28 09:37:51',	'2022-06-28 09:37:51'),
(111,	NULL,	'wwairimu@cihebkenya.org',	'0710000000',	'Winfred',	'Kariuki',	'',	1,	NULL,	'0192023a7bbd73250516f069df18b500',	'2022-09-29 08:42:36',	1,	'2022-07-04 06:58:18',	'2022-09-29 08:42:36'),
(112,	NULL,	'dgathecha@mgic.umaryland.edu',	'0704254679',	'Dennis',	'Gathecha',	'',	1,	NULL,	'0192023a7bbd73250516f069df18b500',	'2022-09-28 07:05:14',	1,	'2022-07-25 09:40:15',	'2022-09-28 07:05:14'),
(126,	NULL,	'test@test.com',	'0790392945',	'Test',	'Twin',	'One',	1,	53,	'e10adc3949ba59abbe56e057f20f883e',	NULL,	1,	'2023-02-28 08:00:00',	'2023-02-28 08:03:19'),
(128,	2,	'jnkimani693@gmail.com',	'0717890231',	'Joseph',	'Kimani',	'Ngima',	1,	NULL,	'e10adc3949ba59abbe56e057f20f883e',	NULL,	1,	'2023-04-01 04:49:47',	'2023-04-01 04:49:47');

DROP TABLE IF EXISTS `user_categories`;
CREATE TABLE `user_categories` (
  `id` int(11) NOT NULL AUTO_INCREMENT,
  `access_level` enum('Program','Facility') NOT NULL,
  `name` varchar(50) NOT NULL,
  `description` varchar(100) DEFAULT '',
  `permissions` text NOT NULL,
  `created_by` int(11) NOT NULL,
  `created_at` timestamp NULL DEFAULT current_timestamp(),
  `updated_at` timestamp NULL DEFAULT current_timestamp() ON UPDATE current_timestamp(),
  PRIMARY KEY (`id`),
  KEY `fk_category_creator` (`created_by`),
  CONSTRAINT `fk_category_creator` FOREIGN KEY (`created_by`) REFERENCES `users` (`id`) ON UPDATE CASCADE
) ENGINE=InnoDB DEFAULT CHARSET=utf8mb4 COLLATE=utf8mb4_general_ci;

INSERT INTO `user_categories` (`id`, `access_level`, `name`, `description`, `permissions`, `created_by`, `created_at`, `updated_at`) VALUES
(1,	'Program',	'System Administrator',	'Test',	'1,2,3,4,5',	1,	'2023-03-31 07:56:52',	'2023-04-01 04:25:09'),
(2,	'Program',	'Program Administrator',	'This is the program admin',	'2,3,4,5',	1,	'2023-03-31 10:19:10',	'2023-03-31 10:19:10'),
(3,	'Facility',	'Facility Admin',	'Admin for facility',	'2,4,6',	1,	'2023-04-01 04:02:12',	'2023-04-05 06:34:59');

DROP TABLE IF EXISTS `user_permissions`;
CREATE TABLE `user_permissions` (
  `id` int(11) NOT NULL AUTO_INCREMENT,
  `name` varchar(50) NOT NULL,
  `description` varchar(120) NOT NULL DEFAULT '',
  PRIMARY KEY (`id`)
) ENGINE=InnoDB DEFAULT CHARSET=utf8mb4 COLLATE=utf8mb4_general_ci;

INSERT INTO `user_permissions` (`id`, `name`, `description`) VALUES
(1,	'System administration',	'Manage system. includes teams and facility creation'),
(2,	'Users Management',	'Manage users, create update delete'),
(3,	'Checklist management',	'Create checklists, sections and questions'),
(4,	'Access Reports',	'Access to reports module'),
(5,	'Create Visits & Action points',	'Able to create visits and action points'),
(6,	'All Action Points',	'Can view and comment on all action points');

DROP TABLE IF EXISTS `visit_findings`;
CREATE TABLE `visit_findings` (
  `id` int(11) NOT NULL AUTO_INCREMENT,
  `visit_id` int(11) NOT NULL,
  `description` varchar(300) NOT NULL DEFAULT '',
  `ap_ids` text DEFAULT NULL,
  `created_by` int(11) NOT NULL,
  `created_at` timestamp NULL DEFAULT current_timestamp(),
  `updated_at` timestamp NULL DEFAULT current_timestamp() ON UPDATE current_timestamp(),
  PRIMARY KEY (`id`),
  KEY `fk_finding_visit` (`visit_id`),
  KEY `fk_finding_user` (`created_by`),
  CONSTRAINT `fk_finding_user` FOREIGN KEY (`created_by`) REFERENCES `users` (`id`) ON UPDATE CASCADE,
  CONSTRAINT `fk_finding_visit` FOREIGN KEY (`visit_id`) REFERENCES `facility_visits` (`id`) ON UPDATE CASCADE
) ENGINE=InnoDB DEFAULT CHARSET=utf8mb4 COLLATE=utf8mb4_general_ci;

INSERT INTO `visit_findings` (`id`, `visit_id`, `description`, `ap_ids`, `created_by`, `created_at`, `updated_at`) VALUES
(1,	9,	'Incomplete documentation of patient records',	NULL,	1,	'2023-05-02 15:05:32',	'2023-05-02 15:05:32');

DROP TABLE IF EXISTS `visit_sections`;
CREATE TABLE `visit_sections` (
  `visit_id` int(11) NOT NULL,
  `section_id` int(11) NOT NULL,
  `user_id` int(11) NOT NULL,
  `submitted` tinyint(4) NOT NULL DEFAULT 0,
  `created_at` timestamp NULL DEFAULT current_timestamp(),
  `updated_at` timestamp NULL DEFAULT current_timestamp() ON UPDATE current_timestamp(),
  PRIMARY KEY (`visit_id`,`section_id`),
  KEY `fk_visit_section_user` (`user_id`),
  KEY `fk_visit_section_section` (`section_id`),
  CONSTRAINT `fk_visit_section_section` FOREIGN KEY (`section_id`) REFERENCES `sections` (`id`) ON UPDATE CASCADE,
  CONSTRAINT `fk_visit_section_user` FOREIGN KEY (`user_id`) REFERENCES `users` (`id`) ON UPDATE CASCADE,
  CONSTRAINT `fk_visit_section_visit` FOREIGN KEY (`visit_id`) REFERENCES `facility_visits` (`id`) ON UPDATE CASCADE
) ENGINE=InnoDB DEFAULT CHARSET=utf8mb4 COLLATE=utf8mb4_general_ci;

INSERT INTO `visit_sections` (`visit_id`, `section_id`, `user_id`, `submitted`, `created_at`, `updated_at`) VALUES
(9,	7,	1,	1,	'2023-05-02 14:52:29',	'2023-05-02 15:56:19'),
(9,	8,	1,	1,	'2023-05-02 15:06:01',	'2023-05-02 16:10:54'),
(9,	9,	1,	0,	'2023-05-03 09:03:30',	'2023-05-03 09:03:30'),
(10,	7,	1,	1,	'2023-05-02 15:12:30',	'2023-05-02 16:16:16'),
(10,	8,	1,	0,	'2023-05-03 09:03:46',	'2023-05-03 09:03:46'),
(12,	7,	1,	0,	'2023-07-07 09:18:29',	'2023-07-07 09:18:29');

-- 2023-07-18 06:04:35
