-- Adminer 4.8.1 MySQL 10.4.27-MariaDB dump

SET NAMES utf8;
SET time_zone = '+00:00';
SET foreign_key_checks = 0;
SET sql_mode = 'NO_AUTO_VALUE_ON_ZERO';

DELIMITER ;;

DROP EVENT IF EXISTS `ess_midnight_tasks`;;
CREATE EVENT `ess_midnight_tasks` ON SCHEDULE EVERY 1 DAY STARTS '2024-01-14 00:01:10' ON COMPLETION PRESERVE ENABLE DO BEGIN
 
    UPDATE facility_visits SET closed = 0 WHERE closed = 1;
END;;

DROP EVENT IF EXISTS `ev_midnight_tasks`;;
CREATE EVENT `ev_midnight_tasks` ON SCHEDULE EVERY 1 DAY STARTS '2022-06-21 00:10:10' ON COMPLETION PRESERVE ENABLE DO BEGIN
	 -- Update passcode for events
    UPDATE events SET pass_code = FLOOR(1000 + RAND()*(8999)) WHERE CURDATE() BETWEEN start_date AND end_date;
    -- Close all oprn events
    UPDATE events SET is_open = 0 WHERE is_open = 1;
END;;

DELIMITER ;

SET NAMES utf8mb4;

DROP TABLE IF EXISTS `action_points`;
CREATE TABLE `action_points` (
  `id` int(11) NOT NULL AUTO_INCREMENT,
  `visit_id` int(11) DEFAULT NULL,
  `facility_id` int(11) DEFAULT NULL,
  `question_id` int(11) DEFAULT NULL,
  `title` varchar(121) NOT NULL,
  `description` varchar(255) NOT NULL DEFAULT '',
  `due_date` date NOT NULL,
  `assign_to` text DEFAULT NULL,
  `status` enum('Pending','Done') NOT NULL DEFAULT 'Pending',
  `created_by` int(11) NOT NULL,
  `created_at` timestamp NULL DEFAULT current_timestamp(),
  `updated_at` timestamp NULL DEFAULT current_timestamp() ON UPDATE current_timestamp(),
  PRIMARY KEY (`id`),
  KEY `fk_ap_visit` (`visit_id`),
  KEY `fk_ap_creator` (`created_by`),
  KEY `fk_ap_question` (`question_id`),
  KEY `index_ap_title` (`title`) USING BTREE,
  KEY `fk_action_facility` (`facility_id`),
  CONSTRAINT `fk_action_facility` FOREIGN KEY (`facility_id`) REFERENCES `facilities` (`id`) ON DELETE SET NULL ON UPDATE CASCADE,
  CONSTRAINT `fk_ap_creator` FOREIGN KEY (`created_by`) REFERENCES `users` (`id`) ON UPDATE CASCADE,
  CONSTRAINT `fk_ap_question` FOREIGN KEY (`question_id`) REFERENCES `questions` (`id`) ON UPDATE CASCADE,
  CONSTRAINT `fk_ap_visit` FOREIGN KEY (`visit_id`) REFERENCES `facility_visits` (`id`) ON UPDATE CASCADE
) ENGINE=InnoDB DEFAULT CHARSET=utf8mb4 COLLATE=utf8mb4_general_ci;

INSERT INTO `action_points` (`id`, `visit_id`, `facility_id`, `question_id`, `title`, `description`, `due_date`, `assign_to`, `status`, `created_by`, `created_at`, `updated_at`) VALUES
(21,	9,	NULL,	97,	'Missing Algorithm',	'',	'2023-05-05',	'1,31',	'Pending',	1,	'2023-05-02 14:53:26',	'2023-05-02 14:53:26'),
(22,	9,	NULL,	108,	'Test Kits Missing',	'Deliver Dual Kits.',	'2023-05-05',	'1,31',	'Pending',	1,	'2023-05-02 14:56:08',	'2023-05-02 14:56:08'),
(23,	9,	NULL,	113,	'Provide  OPD/IPD line listing register',	'Facility using old version OPD/IPD line listing register ',	'2023-05-04',	'1,2,31',	'Pending',	1,	'2023-05-02 15:10:36',	'2023-05-02 15:10:36'),
(24,	10,	NULL,	99,	'Provide HTS Protocol',	'MIssing HTS Protocol',	'2023-05-04',	'1,2',	'Pending',	1,	'2023-05-02 15:15:38',	'2023-05-02 15:15:38'),
(25,	9,	2,	NULL,	'document',	'test document',	'2023-07-28',	'28,38',	'Pending',	1,	'2023-07-27 05:08:52',	'2023-07-27 05:08:52'),
(26,	NULL,	39,	NULL,	'LTE not working',	'',	'2023-07-27',	'1,85',	'Pending',	1,	'2023-07-27 05:12:05',	'2023-07-27 05:12:05'),
(27,	9,	2,	NULL,	'EMR vs NDWH Discondant',	'Need for Patient level data chart abstraction.',	'2023-10-27',	'1,55,61',	'Pending',	1,	'2023-10-24 07:35:54',	'2023-10-24 07:35:54'),
(28,	14,	2,	95,	'MIssing GBV Register',	'MIssing GBV Register and data aggregate tools',	'2023-11-27',	'1,13,44,75',	'Pending',	1,	'2023-11-24 07:43:00',	'2023-11-24 07:43:00'),
(29,	14,	2,	112,	'Missing SDP intergrated eligibility screening for HTS',	'SDP intergrated eligibility screening for HTS. test ',	'2023-11-24',	'1,31,100',	'Pending',	1,	'2023-11-24 07:44:46',	'2023-11-24 07:44:46'),
(30,	14,	2,	137,	'Counselor not using PNS registers ',	'Counselor have the current version of PNS registers ',	'2023-11-30',	'1,31',	'Pending',	85,	'2023-11-24 07:52:24',	'2023-11-24 07:52:24'),
(31,	14,	2,	215,	'Missing access privileges to MOH 730B rights on KHIS',	'MOH 730B rights on KHIS',	'2023-11-27',	'31,101,103',	'Pending',	85,	'2023-11-24 07:54:53',	'2023-11-24 07:54:53'),
(32,	14,	2,	287,	'Lack of Job Aid for WHO staging ',	'Job Aid for WHO staging ',	'2023-11-24',	'1,3,23,28',	'Pending',	85,	'2023-11-24 09:08:59',	'2023-11-24 09:08:59'),
(33,	14,	2,	299,	'Distribute copy of OI manual',	'copy OI manual',	'2023-11-30',	'25',	'Pending',	85,	'2023-11-24 09:11:38',	'2023-11-24 09:11:38'),
(34,	14,	2,	322,	'Need for CQI project in the thematic areas',	'CQI project in the thematic area',	'2023-12-08',	'28,69',	'Pending',	85,	'2023-11-24 09:14:45',	'2023-11-24 09:14:45');

DROP TABLE IF EXISTS `analytics`;
CREATE TABLE `analytics` (
  `id` int(11) NOT NULL AUTO_INCREMENT,
  `name` varchar(100) NOT NULL,
  `description` varchar(150) NOT NULL DEFAULT '',
  `analytic_type` enum('Longitudinal','Across Sites') NOT NULL,
  `checklist_id` int(11) NOT NULL,
  `qn_type` enum('check_opt','radio_opt','number_opt') NOT NULL,
  `created_by` int(11) NOT NULL,
  `created_at` timestamp NULL DEFAULT current_timestamp(),
  `updated_at` timestamp NULL DEFAULT current_timestamp() ON UPDATE current_timestamp(),
  PRIMARY KEY (`id`),
  KEY `fk_analytics_creator` (`created_by`),
  KEY `fk_analytics_checklist` (`checklist_id`),
  CONSTRAINT `fk_analytics_checklist` FOREIGN KEY (`checklist_id`) REFERENCES `checklists` (`id`) ON UPDATE CASCADE,
  CONSTRAINT `fk_analytics_creator` FOREIGN KEY (`created_by`) REFERENCES `users` (`id`) ON UPDATE CASCADE
) ENGINE=InnoDB DEFAULT CHARSET=utf8mb4 COLLATE=utf8mb4_general_ci;

INSERT INTO `analytics` (`id`, `name`, `description`, `analytic_type`, `checklist_id`, `qn_type`, `created_by`, `created_at`, `updated_at`) VALUES
(1,	'HTS Single Answer Analysis',	'',	'Across Sites',	5,	'radio_opt',	1,	'2023-05-02 15:21:39',	'2023-05-02 15:21:39'),
(2,	'HTS Number Analysis',	'Facility analysis based on timeframe. ',	'Longitudinal',	5,	'number_opt',	1,	'2023-05-02 15:47:59',	'2023-05-02 15:47:59'),
(3,	'HTS Number Analysis',	'Number analysis',	'Longitudinal',	5,	'number_opt',	1,	'2023-05-03 08:56:48',	'2023-05-03 08:56:48');

DROP TABLE IF EXISTS `analytic_questions`;
CREATE TABLE `analytic_questions` (
  `analytic_id` int(11) NOT NULL,
  `question_id` int(11) NOT NULL,
  `order_by` int(11) NOT NULL,
  PRIMARY KEY (`analytic_id`,`question_id`)
) ENGINE=InnoDB DEFAULT CHARSET=utf8mb4 COLLATE=utf8mb4_general_ci;

INSERT INTO `analytic_questions` (`analytic_id`, `question_id`, `order_by`) VALUES
(2,	4,	1),
(3,	113,	1),
(3,	114,	2),
(3,	115,	3),
(3,	116,	4),
(3,	140,	5),
(3,	142,	6),
(3,	143,	7),
(4,	8,	1),
(4,	9,	2),
(4,	35,	3),
(4,	39,	4);

DROP TABLE IF EXISTS `analytic_runs`;
CREATE TABLE `analytic_runs` (
  `id` int(11) NOT NULL AUTO_INCREMENT,
  `analytic_id` int(11) NOT NULL,
  `created_by` int(11) NOT NULL,
  `start_date` date NOT NULL,
  `end_date` date NOT NULL,
  `facility_ids` text NOT NULL,
  `created_at` timestamp NULL DEFAULT current_timestamp(),
  `updated_at` timestamp NULL DEFAULT current_timestamp() ON UPDATE current_timestamp(),
  PRIMARY KEY (`id`),
  KEY `fk_analytic_run_creator` (`created_by`),
  KEY `fk_analytic_run_analytic` (`analytic_id`),
  CONSTRAINT `fk_analytic_run_analytic` FOREIGN KEY (`analytic_id`) REFERENCES `analytics` (`id`) ON UPDATE CASCADE,
  CONSTRAINT `fk_analytic_run_creator` FOREIGN KEY (`created_by`) REFERENCES `users` (`id`) ON UPDATE CASCADE
) ENGINE=InnoDB DEFAULT CHARSET=utf8mb4 COLLATE=utf8mb4_general_ci;

INSERT INTO `analytic_runs` (`id`, `analytic_id`, `created_by`, `start_date`, `end_date`, `facility_ids`, `created_at`, `updated_at`) VALUES
(29,	3,	1,	'2023-03-01',	'2023-05-03',	'2',	'2023-05-03 09:01:49',	'2023-05-03 09:01:49'),
(30,	1,	1,	'2023-03-28',	'2023-03-28',	'3',	'2023-05-08 09:17:34',	'2023-05-08 09:17:34'),
(31,	3,	1,	'2022-12-01',	'2023-07-27',	'2',	'2023-07-27 05:14:37',	'2023-07-27 05:14:37');

DROP TABLE IF EXISTS `analytic_run_lines`;
CREATE TABLE `analytic_run_lines` (
  `id` int(11) NOT NULL AUTO_INCREMENT,
  `analytic_run_id` int(11) NOT NULL,
  `facility_id` int(11) NOT NULL,
  `question_id` int(11) NOT NULL,
  `answer` varchar(255) NOT NULL,
  `answer_value` varchar(255) NOT NULL,
  `visit_date` date NOT NULL,
  PRIMARY KEY (`id`),
  KEY `fk_line_analytic_run` (`analytic_run_id`),
  KEY `fk_line_facility` (`facility_id`),
  KEY `fk_line_question` (`question_id`),
  CONSTRAINT `fk_line_analytic_run` FOREIGN KEY (`analytic_run_id`) REFERENCES `analytic_runs` (`id`) ON DELETE CASCADE ON UPDATE CASCADE,
  CONSTRAINT `fk_line_facility` FOREIGN KEY (`facility_id`) REFERENCES `facilities` (`id`) ON DELETE CASCADE ON UPDATE CASCADE,
  CONSTRAINT `fk_line_question` FOREIGN KEY (`question_id`) REFERENCES `questions` (`id`) ON DELETE CASCADE ON UPDATE CASCADE
) ENGINE=InnoDB DEFAULT CHARSET=utf8mb4 COLLATE=utf8mb4_general_ci;


DROP TABLE IF EXISTS `answers`;
CREATE TABLE `answers` (
  `id` int(11) NOT NULL AUTO_INCREMENT,
  `survey_id` int(11) NOT NULL,
  `user_id` int(11) NOT NULL,
  `answer` text NOT NULL,
  `question_id` int(11) NOT NULL,
  `date_created` datetime NOT NULL DEFAULT current_timestamp(),
  PRIMARY KEY (`id`)
) ENGINE=InnoDB DEFAULT CHARSET=utf8mb4 COLLATE=utf8mb4_general_ci;

INSERT INTO `answers` (`id`, `survey_id`, `user_id`, `answer`, `question_id`, `date_created`) VALUES
(1,	1,	2,	'Sample Only',	4,	'2020-11-10 14:46:07'),
(2,	1,	2,	'[JNmhW],[zZpTE]',	2,	'2020-11-10 14:46:07'),
(3,	1,	2,	'dAWTD',	1,	'2020-11-10 14:46:07'),
(4,	1,	3,	'Lorem ipsum dolor sit amet, consectetur adipiscing elit. Donec in tempus turpis, sed fermentum risus. Praesent vitae velit rutrum, dictum massa nec, pharetra felis. Phasellus enim augue, laoreet in accumsan dictum, mollis nec lectus. Aliquam id viverra nisl. Proin quis posuere nulla. Nullam suscipit eget leo ut suscipit.',	4,	'2020-11-10 15:59:43'),
(5,	1,	3,	'[qCMGO],[JNmhW]',	2,	'2020-11-10 15:59:43'),
(6,	1,	3,	'esNuP',	1,	'2020-11-10 15:59:43');

DROP TABLE IF EXISTS `ap_comments`;
CREATE TABLE `ap_comments` (
  `id` int(11) NOT NULL AUTO_INCREMENT,
  `ap_id` int(11) NOT NULL,
  `user_id` int(11) NOT NULL,
  `comment` varchar(200) NOT NULL DEFAULT '',
  `created_at` timestamp NULL DEFAULT current_timestamp(),
  `updated_at` timestamp NULL DEFAULT current_timestamp() ON UPDATE current_timestamp(),
  PRIMARY KEY (`id`),
  KEY `fk_comment_ap` (`ap_id`),
  KEY `fk_comment_user` (`user_id`),
  CONSTRAINT `fk_comment_ap` FOREIGN KEY (`ap_id`) REFERENCES `action_points` (`id`) ON DELETE CASCADE ON UPDATE CASCADE,
  CONSTRAINT `fk_comment_user` FOREIGN KEY (`user_id`) REFERENCES `users` (`id`) ON DELETE CASCADE ON UPDATE CASCADE
) ENGINE=InnoDB DEFAULT CHARSET=utf8mb4 COLLATE=utf8mb4_general_ci;

INSERT INTO `ap_comments` (`id`, `ap_id`, `user_id`, `comment`, `created_at`, `updated_at`) VALUES
(6,	21,	1,	'work in progress',	'2023-07-27 05:11:03',	'2023-07-27 05:11:03');

DROP TABLE IF EXISTS `chart_abstractions`;
CREATE TABLE `chart_abstractions` (
  `id` int(11) NOT NULL AUTO_INCREMENT,
  `visit_id` int(11) NOT NULL,
  `created_by` int(11) NOT NULL,
  `ccc_number` varchar(10) NOT NULL DEFAULT '',
  `age` double NOT NULL,
  `ap_ids` text DEFAULT NULL,
  `created_at` timestamp NULL DEFAULT current_timestamp(),
  `updated_at` timestamp NULL DEFAULT current_timestamp() ON UPDATE current_timestamp(),
  PRIMARY KEY (`id`),
  KEY `fk_abstraction_visit` (`visit_id`),
  KEY `fk_abstraction_creator` (`created_by`),
  CONSTRAINT `fk_abstraction_creator` FOREIGN KEY (`created_by`) REFERENCES `users` (`id`) ON UPDATE CASCADE,
  CONSTRAINT `fk_abstraction_visit` FOREIGN KEY (`visit_id`) REFERENCES `facility_visits` (`id`) ON UPDATE CASCADE
) ENGINE=InnoDB DEFAULT CHARSET=utf8mb4 COLLATE=utf8mb4_general_ci;

INSERT INTO `chart_abstractions` (`id`, `visit_id`, `created_by`, `ccc_number`, `age`, `ap_ids`, `created_at`, `updated_at`) VALUES
(1,	9,	1,	'00001',	15,	'25',	'2023-05-02 14:59:03',	'2023-07-27 05:08:52'),
(2,	9,	1,	'00010',	14,	NULL,	'2023-05-02 15:02:07',	'2023-05-02 15:02:07');

DROP TABLE IF EXISTS `chart_abstraction_gaps`;
CREATE TABLE `chart_abstraction_gaps` (
  `id` int(11) NOT NULL AUTO_INCREMENT,
  `abstraction_id` int(11) NOT NULL,
  `gap` varchar(199) NOT NULL DEFAULT '',
  PRIMARY KEY (`id`),
  KEY `fk_gap_abstraction` (`abstraction_id`),
  CONSTRAINT `fk_gap_abstraction` FOREIGN KEY (`abstraction_id`) REFERENCES `chart_abstractions` (`id`) ON DELETE CASCADE ON UPDATE CASCADE
) ENGINE=InnoDB DEFAULT CHARSET=utf8mb4 COLLATE=utf8mb4_general_ci;

INSERT INTO `chart_abstraction_gaps` (`id`, `abstraction_id`, `gap`) VALUES
(1,	1,	'Missing ARTStartDate'),
(2,	1,	'Missing WHO stage'),
(3,	1,	'Not screened for TB'),
(4,	2,	'Missing ARTStartDate'),
(5,	2,	'Incomplete documentation of clinical notes'),
(6,	2,	'Missing HIVDiagnosisDate');

DROP TABLE IF EXISTS `checklists`;
CREATE TABLE `checklists` (
  `id` int(11) NOT NULL AUTO_INCREMENT,
  `title` varchar(199) NOT NULL,
  `abbr` varchar(10) NOT NULL COMMENT 'Abbreviation...',
  `description` varchar(250) NOT NULL DEFAULT '',
  `created_by` int(11) NOT NULL,
  `status` enum('draft','published','retired') NOT NULL DEFAULT 'draft',
  `published_at` timestamp NULL DEFAULT NULL,
  `published_by` int(11) DEFAULT NULL,
  `retired_at` timestamp NULL DEFAULT NULL,
  `retired_by` int(11) DEFAULT NULL,
  `created_at` timestamp NULL DEFAULT current_timestamp(),
  `updated_at` timestamp NULL DEFAULT current_timestamp() ON UPDATE current_timestamp(),
  PRIMARY KEY (`id`),
  KEY `fk_checklist_created_by` (`created_by`),
  CONSTRAINT `fk_checklist_created_by` FOREIGN KEY (`created_by`) REFERENCES `users` (`id`) ON UPDATE CASCADE
) ENGINE=InnoDB DEFAULT CHARSET=utf8mb4 COLLATE=utf8mb4_general_ci;

INSERT INTO `checklists` (`id`, `title`, `abbr`, `description`, `created_by`, `status`, `published_at`, `published_by`, `retired_at`, `retired_by`, `created_at`, `updated_at`) VALUES
(5,	'HIV TESTING SERVICES',	'HTS',	'HTS Electronic and/or Paper',	1,	'published',	'2023-05-02 14:52:11',	1,	NULL,	NULL,	'2023-04-07 11:28:44',	'2023-05-02 14:52:11'),
(6,	'HEALTH PRODUCTS AND TECHNOLOGIES',	'HPT',	'Pharmacy Department',	1,	'published',	'2023-11-24 07:41:22',	1,	NULL,	NULL,	'2023-05-08 07:45:03',	'2023-11-24 07:41:22'),
(7,	'ADULTS C&T PROGRAM',	'AC&T',	'Adults Care & Treatment',	1,	'published',	'2023-11-24 08:47:08',	1,	NULL,	NULL,	'2023-06-09 05:49:45',	'2023-11-24 08:47:08'),
(8,	'KEY POPULATION',	'KP',	'Key Population',	1,	'draft',	NULL,	NULL,	NULL,	NULL,	'2023-06-09 07:15:19',	'2023-06-09 07:15:19'),
(9,	'MEDICALLY ASSISTED TREATMENT',	'MAT',	'Medically Assisted Treatment',	1,	'draft',	NULL,	NULL,	NULL,	NULL,	'2023-07-07 07:51:37',	'2023-07-07 07:51:37'),
(10,	'PEDS ADOLESCENTS',	'PA',	'Peds Adolescents',	1,	'draft',	NULL,	NULL,	NULL,	NULL,	'2023-07-25 02:28:57',	'2023-07-25 02:28:57'),
(11,	'CONTINUITY OF CARE AND TREATMENT	',	'COT',	'CONTINUITY OF CARE AND TREATMENT',	1,	'draft',	NULL,	NULL,	NULL,	NULL,	'2023-07-25 02:30:37',	'2023-07-25 02:30:37'),
(12,	'GENDER BASED VIOLENCE',	'GBV',	'GENDER BASED VIOLENCE',	1,	'draft',	NULL,	NULL,	NULL,	NULL,	'2023-07-25 03:22:36',	'2023-07-25 03:22:36'),
(13,	'PREVENTION OF MOTHER TO CHILD TRANSMISSION',	'PMTCT',	'Prevention of Mother to Child Transmission',	1,	'draft',	NULL,	NULL,	NULL,	NULL,	'2024-01-09 18:18:31',	'2024-01-09 18:20:20'),
(14,	'LABORATOTY CHECKLIST',	'LAB',	'The Laboratory Checklist',	1,	'draft',	NULL,	NULL,	NULL,	NULL,	'2024-01-12 04:11:11',	'2024-01-12 04:11:11'),
(15,	'INFECTION PREVENTION AND CONTROL CHECKLIST',	'TB IPC',	'Infection Prevention and Control',	1,	'draft',	NULL,	NULL,	NULL,	NULL,	'2024-01-12 04:30:27',	'2024-01-12 04:30:27'),
(16,	'REPRODUCTIVE HEALTH CHECKLIST',	'RH ',	'Reproductive Health',	1,	'draft',	NULL,	NULL,	NULL,	NULL,	'2024-01-12 04:52:17',	'2024-01-12 04:52:17'),
(17,	'PrEP CHECKLIST',	'prEP',	'PrEP ',	1,	'draft',	NULL,	NULL,	NULL,	NULL,	'2024-01-12 05:30:01',	'2024-01-12 05:30:01'),
(18,	'DREAMS CHECKLIST',	'DREAMS ',	'DREAMS Program',	1,	'draft',	NULL,	NULL,	NULL,	NULL,	'2024-01-12 06:05:18',	'2024-01-12 06:05:18'),
(19,	'PMTCT, HEI and  RH  PROGRAM ASSESSMENT CHECKLIST',	'PMTCT-HEI-',	'PMTCT, HEI and  RH  PROGRAM ',	1,	'draft',	NULL,	NULL,	NULL,	NULL,	'2024-01-15 11:06:48',	'2024-01-15 11:06:48');

DROP TABLE IF EXISTS `counties`;
CREATE TABLE `counties` (
  `id` int(11) NOT NULL AUTO_INCREMENT,
  `name` varchar(20) NOT NULL,
  `code` int(11) NOT NULL,
  `capital` varchar(20) NOT NULL,
  `created_at` timestamp NOT NULL DEFAULT current_timestamp() ON UPDATE current_timestamp(),
  `updated_at` timestamp NULL DEFAULT NULL,
  PRIMARY KEY (`id`),
  UNIQUE KEY `code` (`code`)
) ENGINE=InnoDB DEFAULT CHARSET=utf8mb4 COLLATE=utf8mb4_general_ci;

INSERT INTO `counties` (`id`, `name`, `code`, `capital`, `created_at`, `updated_at`) VALUES
(1,	'Baringo',	30,	'Kabarnet',	'2021-02-22 08:02:16',	'2021-02-22 08:02:16'),
(2,	'Bomet',	36,	'Bomet',	'2021-02-22 08:02:16',	'2021-02-22 08:02:16'),
(3,	'Bungoma',	39,	'Bungoma',	'2021-02-22 08:02:16',	'2021-02-22 08:02:16'),
(4,	'Busia',	40,	'Busia',	'2021-02-22 08:02:16',	'2021-02-22 08:02:16'),
(5,	'Elgeyo-Marakwet',	28,	'Iten',	'2021-02-22 08:02:16',	'2021-02-22 08:02:16'),
(6,	'Embu',	14,	'Embu',	'2021-02-22 08:02:16',	'2021-02-22 08:02:16'),
(7,	'Garissa',	7,	'Garissa',	'2021-02-22 08:02:16',	'2021-02-22 08:02:16'),
(8,	'Homa Bay',	43,	'Homa Bay',	'2021-02-22 08:02:16',	'2021-02-22 08:02:16'),
(9,	'Isiolo',	11,	'Isiolo',	'2021-02-22 08:02:17',	'2021-02-22 08:02:17'),
(10,	'Kajiado',	34,	'Kajiado',	'2021-02-22 08:02:17',	'2021-02-22 08:02:17'),
(11,	'Kakamega',	37,	'Kakamega',	'2021-02-22 08:02:17',	'2021-02-22 08:02:17'),
(12,	'Kericho',	35,	'Kericho',	'2021-02-22 08:02:17',	'2021-02-22 08:02:17'),
(13,	'Kiambu',	22,	'Kiambu',	'2021-02-22 08:02:17',	'2021-02-22 08:02:17'),
(14,	'Kilifi',	3,	'Kilifi',	'2021-02-22 08:02:17',	'2021-02-22 08:02:17'),
(15,	'Kirinyaga',	20,	'Kerugoya/Kutus',	'2021-02-22 08:02:17',	'2021-02-22 08:02:17'),
(16,	'Kisii',	45,	'Kisii',	'2021-02-22 08:02:17',	'2021-02-22 08:02:17'),
(17,	'Kisumu',	42,	'Kisumu',	'2021-02-22 08:02:17',	'2021-02-22 08:02:17'),
(18,	'Kitui',	15,	'Kitui',	'2021-02-22 08:02:17',	'2021-02-22 08:02:17'),
(19,	'Kwale',	2,	'Kwale',	'2021-02-22 08:02:17',	'2021-02-22 08:02:17'),
(20,	'Laikipia',	31,	'Rumuruti',	'2021-02-22 08:02:17',	'2021-02-22 08:02:17'),
(21,	'Lamu',	5,	'Lamu',	'2021-02-22 08:02:17',	'2021-02-22 08:02:17'),
(22,	'Machakos',	16,	'Machakos',	'2021-02-22 08:02:17',	'2021-02-22 08:02:17'),
(23,	'Makueni',	17,	'Wote',	'2021-02-22 08:02:18',	'2021-02-22 08:02:18'),
(24,	'Mandera',	9,	'Mandera',	'2021-02-22 08:02:18',	'2021-02-22 08:02:18'),
(25,	'Marsabit',	10,	'Marsabit',	'2021-02-22 08:02:18',	'2021-02-22 08:02:18'),
(26,	'Meru',	12,	'Meru',	'2021-02-22 08:02:18',	'2021-02-22 08:02:18'),
(27,	'Migori',	44,	'Migori',	'2021-02-22 08:02:18',	'2021-02-22 08:02:18'),
(28,	'Mombasa',	1,	'Mombasa City',	'2021-02-22 08:02:18',	'2021-02-22 08:02:18'),
(29,	'Murang\'a',	21,	'Murang\'a',	'2021-02-22 08:02:18',	'2021-02-22 08:02:18'),
(30,	'Nairobi',	47,	'Nairobi City',	'2021-02-22 08:02:18',	'2021-02-22 08:02:18'),
(31,	'Nakuru',	32,	'Nakuru',	'2021-02-22 08:02:18',	'2021-02-22 08:02:18'),
(32,	'Nandi',	29,	'Kapsabet',	'2021-02-22 08:02:18',	'2021-02-22 08:02:18'),
(33,	'Narok',	33,	'Narok',	'2021-02-22 08:02:18',	'2021-02-22 08:02:18'),
(34,	'Nyamira',	46,	'Nyamira',	'2021-02-22 08:02:18',	'2021-02-22 08:02:18'),
(35,	'Nyandarua',	18,	'Ol Kalou',	'2021-02-22 08:02:18',	'2021-02-22 08:02:18'),
(36,	'Nyeri',	19,	'Nyeri',	'2021-02-22 08:02:18',	'2021-02-22 08:02:18'),
(37,	'Samburu',	25,	'Maralal',	'2021-02-22 08:02:19',	'2021-02-22 08:02:19'),
(38,	'Siaya',	41,	'Siaya',	'2021-02-22 08:02:19',	'2021-02-22 08:02:19'),
(39,	'Taita-Taveta',	6,	'Voi',	'2021-02-22 08:02:19',	'2021-02-22 08:02:19'),
(40,	'Tana River',	4,	'Hola',	'2021-02-22 08:02:19',	'2021-02-22 08:02:19'),
(41,	'Tharaka-Nithi',	13,	'Chuka',	'2021-02-22 08:02:19',	'2021-02-22 08:02:19'),
(42,	'Trans-Nzoia',	26,	'Kitale',	'2021-02-22 08:02:19',	'2021-02-22 08:02:19'),
(43,	'Turkana',	23,	'Lodwar',	'2021-02-22 08:02:19',	'2021-02-22 08:02:19'),
(44,	'Uasin Gishu',	27,	'Eldoret',	'2021-02-22 08:02:19',	'2021-02-22 08:02:19'),
(45,	'Vihiga',	38,	'Vihiga',	'2021-02-22 08:02:19',	'2021-02-22 08:02:19'),
(46,	'Wajir',	8,	'Wajir',	'2021-02-22 08:02:19',	'2021-02-22 08:02:19'),
(47,	'West Pokot',	24,	'Kapenguria',	'2021-02-22 08:02:19',	'2021-02-22 08:02:19');

DROP TABLE IF EXISTS `facilities`;
CREATE TABLE `facilities` (
  `id` int(11) NOT NULL AUTO_INCREMENT,
  `mfl_code` char(50) NOT NULL DEFAULT '0',
  `name` varchar(190) NOT NULL DEFAULT '',
  `county_code` int(11) NOT NULL,
  `team_id` int(11) DEFAULT NULL,
  `active` tinyint(4) DEFAULT 0,
  `latitude` double DEFAULT NULL,
  `longitude` double DEFAULT NULL,
  `created_at` timestamp NULL DEFAULT current_timestamp(),
  `updated_at` timestamp NULL DEFAULT NULL,
  PRIMARY KEY (`id`),
  UNIQUE KEY `Index_mfl_code` (`mfl_code`) USING BTREE,
  KEY `FK_facility_county` (`county_code`),
  KEY `Index _name` (`name`) USING BTREE,
  KEY `fk_facility_team` (`team_id`),
  CONSTRAINT `FK_facility_county` FOREIGN KEY (`county_code`) REFERENCES `counties` (`code`) ON UPDATE CASCADE,
  CONSTRAINT `fk_facility_team` FOREIGN KEY (`team_id`) REFERENCES `teams` (`id`) ON DELETE SET NULL ON UPDATE CASCADE
) ENGINE=InnoDB DEFAULT CHARSET=utf8mb4 COLLATE=utf8mb4_general_ci;

INSERT INTO `facilities` (`id`, `mfl_code`, `name`, `county_code`, `team_id`, `active`, `latitude`, `longitude`, `created_at`, `updated_at`) VALUES
(2,	'12935',	'Embakasi Health Centre',	47,	1,	1,	23.23,	0.09,	'2022-05-16 10:55:01',	'2023-03-28 09:09:56'),
(3,	'12974',	'Huruma Lions Dispensary',	47,	NULL,	1,	NULL,	NULL,	'2022-05-16 10:55:01',	'2022-10-12 11:44:37'),
(4,	'18176',	'Sex Workers Outreach Program (Kibra)',	47,	1,	1,	NULL,	NULL,	'2022-05-16 10:55:01',	'2023-03-28 09:10:44'),
(5,	'17684',	'Hope World Wide Kenya Mukuru Clinic',	47,	NULL,	1,	NULL,	NULL,	'2022-05-16 10:55:01',	'2022-06-30 08:53:10'),
(6,	'19504',	'Child Doctor Kenya',	47,	1,	1,	NULL,	NULL,	'2022-05-16 10:55:01',	'2023-03-28 14:02:55'),
(7,	'19429',	'SWOP Donholm',	47,	NULL,	1,	NULL,	NULL,	'2022-05-16 10:55:01',	NULL),
(8,	'28284',	'LVCT Health Dreams',	47,	1,	1,	NULL,	NULL,	'2022-05-16 10:55:01',	'2023-03-28 14:02:55'),
(9,	'13189',	'SOS Dispensary',	47,	NULL,	1,	NULL,	NULL,	'2022-05-16 10:55:01',	'2022-06-30 08:53:10'),
(10,	'12929',	'Dreams Centre Dispensary (Langata)',	47,	NULL,	1,	NULL,	NULL,	'2022-05-16 10:55:01',	'2022-06-28 09:40:36'),
(11,	'13249',	'Waithaka Health Centre',	47,	NULL,	1,	NULL,	NULL,	'2022-05-16 10:55:01',	'2022-06-28 09:40:36'),
(12,	'13240',	'Umoja Health Centre',	47,	NULL,	1,	NULL,	NULL,	'2022-05-16 10:55:01',	'2022-06-28 09:40:36'),
(13,	'13234',	'Tabitha Medical Clinic',	47,	NULL,	1,	NULL,	NULL,	'2022-05-16 10:55:01',	'2022-06-28 09:40:36'),
(14,	'13180',	'Sex Workers Operation Project (Swop)',	47,	NULL,	1,	NULL,	NULL,	'2022-05-16 10:55:01',	'2022-06-30 08:53:10'),
(15,	'23200',	'bar Hostess Empowerment & Support programme-Roysambu',	47,	NULL,	1,	NULL,	NULL,	'2022-05-16 10:55:01',	'2022-06-30 08:53:09'),
(16,	'18896',	'Swop Thika Road',	47,	NULL,	1,	NULL,	NULL,	'2022-05-16 10:55:01',	NULL),
(17,	'19271',	'Swop Korogocho',	47,	NULL,	1,	NULL,	NULL,	'2022-05-16 10:55:01',	NULL),
(18,	'19719',	'Swop Kawangware',	47,	NULL,	1,	NULL,	NULL,	'2022-05-16 10:55:01',	NULL),
(19,	'13210',	'St Joseph\'s Dispensary (Dagoretti)',	47,	NULL,	1,	NULL,	NULL,	'2022-05-16 10:55:01',	'2022-06-28 09:40:36'),
(20,	'13188',	'Sokoni Arcade VCT',	47,	NULL,	1,	NULL,	NULL,	'2022-05-16 10:55:01',	NULL),
(21,	'13186',	'Silanga (MSF Belgium) Dispensary',	47,	NULL,	1,	NULL,	NULL,	'2022-05-16 10:55:01',	'2022-06-28 09:40:36'),
(22,	'13171',	'Ruai Health Centre',	47,	NULL,	1,	NULL,	NULL,	'2022-05-16 10:55:01',	'2022-06-28 09:40:36'),
(23,	'13165',	'Riruta Health Centre',	47,	NULL,	1,	NULL,	NULL,	'2022-05-16 10:55:01',	'2022-06-28 09:40:36'),
(24,	'28592',	'LVCT Health (Ngando Dreams Site)',	47,	NULL,	1,	NULL,	NULL,	'2022-05-16 10:55:01',	'2022-06-30 08:53:08'),
(25,	'13156',	'Pumwani Maternity Hospital',	47,	4,	1,	NULL,	NULL,	'2022-05-16 10:55:01',	'2023-04-05 06:33:59'),
(26,	'13155',	'Pumwani Majengo Dispensary',	47,	NULL,	1,	NULL,	NULL,	'2022-05-16 10:55:01',	'2022-06-30 08:53:10'),
(27,	'13126',	'Njiru  Health Centre',	47,	NULL,	1,	NULL,	NULL,	'2022-05-16 10:55:01',	'2022-06-30 08:53:10'),
(28,	'12893',	'Chandaria Health Centre',	47,	NULL,	1,	NULL,	NULL,	'2022-05-16 10:55:01',	'2022-06-28 09:40:36'),
(29,	'13122',	'Ngara Health Centre (City Council of Nairobi)',	47,	4,	1,	NULL,	NULL,	'2022-05-16 10:55:01',	'2023-04-05 06:33:59'),
(30,	'13113',	'Nairobi South Clinic',	47,	NULL,	1,	NULL,	NULL,	'2022-05-16 10:55:01',	'2022-06-28 09:40:36'),
(31,	'13108',	'Nairobi Deaf (Liverpool)',	47,	NULL,	1,	NULL,	NULL,	'2022-05-16 10:55:01',	NULL),
(32,	'13105',	'Mutuini Sub-District Hospital',	47,	NULL,	1,	NULL,	NULL,	'2022-05-16 10:55:01',	'2022-06-28 09:40:36'),
(33,	'13076',	'Mathari Hospital',	47,	4,	1,	NULL,	NULL,	'2022-05-16 10:55:01',	'2023-04-05 06:33:59'),
(34,	'19308',	'Maisha House VCT (Noset)',	47,	NULL,	1,	NULL,	NULL,	'2022-05-16 10:55:01',	'2022-06-30 08:53:09'),
(35,	'13051',	'Loco Dispensary',	47,	NULL,	1,	NULL,	NULL,	'2022-05-16 10:55:01',	'2022-06-28 09:40:36'),
(36,	'13050',	'Liverpool VCT',	47,	NULL,	1,	NULL,	NULL,	'2022-05-16 10:55:01',	'2022-06-28 09:40:36'),
(37,	'13041',	'Langata Subcounty Hospital(Mugumoini)',	47,	NULL,	1,	NULL,	NULL,	'2022-05-16 10:55:01',	'2022-06-30 08:53:10'),
(38,	'23414',	'Kware Dispensary',	47,	NULL,	1,	NULL,	NULL,	'2022-05-16 10:55:01',	'2022-06-28 09:40:36'),
(39,	'13028',	'Kibera Community Health Centre - Amref',	47,	NULL,	1,	NULL,	NULL,	'2022-05-16 10:55:01',	'2022-06-28 09:40:36'),
(40,	'13023',	'Kenyatta National Hospital',	47,	4,	1,	NULL,	NULL,	'2022-05-16 10:55:01',	'2023-04-05 06:33:59'),
(41,	'13015',	'Kayole I Health Centre',	47,	NULL,	1,	NULL,	NULL,	'2022-05-16 10:55:01',	'2022-06-30 08:53:10'),
(42,	'12871',	'APTC Health Centre',	47,	NULL,	1,	NULL,	NULL,	'2022-05-16 10:55:01',	'2022-06-30 08:53:10'),
(43,	'12913',	'Dandora I Health Centre',	47,	NULL,	1,	NULL,	NULL,	'2022-05-16 10:55:01',	'2022-06-28 09:40:36'),
(44,	'12930',	'Eastleigh Health Centre',	47,	NULL,	1,	NULL,	NULL,	'2022-05-16 10:55:01',	'2022-06-28 09:40:36'),
(45,	'13029',	'Kibera D O Dispensary',	47,	NULL,	1,	NULL,	NULL,	'2022-05-16 10:55:01',	'2022-06-28 09:40:36'),
(46,	'13009',	'Karura Health Centre (Kiambu Rd)',	47,	NULL,	1,	NULL,	NULL,	'2022-05-16 10:55:01',	'2022-06-28 09:40:36'),
(47,	'13003',	'Karen Health Centre',	47,	NULL,	1,	NULL,	NULL,	'2022-05-16 10:55:01',	'2022-06-28 09:40:36'),
(48,	'12998',	'Kaloleni Dispensary',	47,	NULL,	1,	NULL,	NULL,	'2022-05-16 10:55:01',	'2022-06-28 09:40:36'),
(49,	'19471',	'Iom Wellness Clinic',	47,	NULL,	1,	NULL,	NULL,	'2022-05-16 10:55:01',	'2022-06-28 09:40:36'),
(50,	'13245',	'Ushirika Medical Clinic',	47,	NULL,	1,	NULL,	NULL,	'2022-05-16 10:55:01',	'2022-06-28 09:40:36'),
(51,	'13019',	'Kemri VCT',	47,	NULL,	1,	NULL,	NULL,	'2022-05-16 10:55:01',	'2022-06-30 08:53:10'),
(52,	'12889',	'Cana Family Life Clinic',	47,	NULL,	1,	NULL,	NULL,	'2022-05-16 10:55:01',	'2022-06-28 09:40:36'),
(53,	'12876',	'Babadogo Health Centre',	47,	NULL,	1,	NULL,	NULL,	'2022-05-16 10:55:01',	'2022-06-28 09:40:36'),
(54,	'20402',	'Support For Addiction Prevention & Treatment In Africa',	47,	NULL,	1,	NULL,	NULL,	'2022-06-13 10:03:01',	'2022-06-30 08:53:09'),
(55,	'23786',	'NGARA MAT CLINIC',	47,	NULL,	1,	NULL,	NULL,	'2022-06-13 10:05:58',	'2022-06-30 08:53:09'),
(56,	'13079',	'Mathari MAT',	47,	NULL,	1,	NULL,	NULL,	'2022-06-13 10:08:48',	'2022-06-13 10:08:48'),
(57,	'12883',	'Biafra Lions Clinic',	47,	NULL,	1,	NULL,	NULL,	'2022-06-20 12:46:18',	'2022-06-28 09:40:36'),
(58,	'12977',	'Patanisho Maternity and Nursing Home',	47,	NULL,	1,	NULL,	NULL,	'2022-06-20 12:46:57',	'2022-06-30 08:53:10'),
(59,	'12919',	'Dog Unit Dispensary (O P Kenya Police)',	47,	NULL,	1,	NULL,	NULL,	'2022-06-21 13:57:46',	'2022-06-30 08:53:10'),
(60,	'13138',	'Pangani Dispensary',	47,	NULL,	1,	NULL,	NULL,	'2022-06-22 13:07:06',	'2022-06-28 09:40:36'),
(61,	'13184',	'Shauri Moyo Clinic',	47,	NULL,	1,	NULL,	NULL,	'2022-06-22 13:07:59',	'2022-06-30 08:53:10'),
(62,	'13239',	'Uhuru Camp Dispensary (O P Admin Police)',	47,	NULL,	1,	NULL,	NULL,	'2022-06-22 13:08:42',	'2022-06-30 08:53:10'),
(66,	'13130',	'National Youth Service Hq Dispensary (Ruaraka)',	47,	NULL,	1,	NULL,	NULL,	'2022-06-22 13:59:28',	'2022-06-30 08:53:10'),
(68,	'28742',	'SWOP Majengo clinic',	47,	NULL,	1,	NULL,	NULL,	'2022-06-27 06:17:25',	'2022-06-27 06:17:25'),
(69,	'13078',	'Mathare Police Depot',	47,	NULL,	1,	NULL,	NULL,	'2022-06-27 10:28:47',	'2022-06-28 09:40:36'),
(70,	'13259',	'Woodley Clinic',	47,	NULL,	1,	NULL,	NULL,	'2022-06-28 06:57:58',	'2022-06-28 09:40:36'),
(71,	'12989',	'Jerusalem Clinic',	47,	NULL,	1,	NULL,	NULL,	'2022-06-28 07:07:58',	'2022-06-28 09:40:36'),
(72,	'12961',	'Gsu Dispensary (Nairobi West)',	47,	NULL,	1,	NULL,	NULL,	'2022-06-28 08:32:42',	'2022-06-28 09:40:36'),
(73,	'12963',	'Gsu Hq Dispensary (Ruaraka)',	47,	NULL,	1,	NULL,	NULL,	'2022-06-28 08:33:28',	'2022-06-28 09:40:36'),
(74,	'12962',	'GSUTraining School',	47,	NULL,	1,	NULL,	NULL,	'2022-06-28 08:33:54',	'2022-06-30 08:53:10'),
(75,	'18505',	'KEMRI Mimosa',	47,	NULL,	1,	NULL,	NULL,	'2022-06-28 08:37:22',	'2022-06-30 08:53:10'),
(76,	'13030',	'Kibera South Health Centre',	47,	NULL,	1,	NULL,	NULL,	'2022-06-28 08:40:14',	'2022-06-28 09:40:36'),
(77,	'26911',	'Noset Maisha House',	47,	NULL,	1,	NULL,	NULL,	'2022-06-28 08:44:32',	'2022-06-30 08:53:09'),
(78,	'13144',	'South B Police Band Dispensary',	47,	NULL,	1,	NULL,	NULL,	'2022-06-28 08:47:15',	'2022-06-28 09:40:36'),
(346,	'28885',	'Mama Margaret Uhuru Hospital',	47,	NULL,	1,	NULL,	NULL,	'2022-06-30 08:53:08',	'2022-06-30 08:53:08'),
(383,	'28552',	'Ngomongo Dispensary',	47,	NULL,	1,	NULL,	NULL,	'2022-06-30 08:53:08',	'2022-06-30 08:53:08'),
(408,	'27815',	'Tassia Health Centre',	47,	NULL,	1,	NULL,	NULL,	'2022-06-30 08:53:08',	'2022-06-30 08:53:08'),
(409,	'28373',	'Njenga Health Centre',	47,	NULL,	1,	NULL,	NULL,	'2022-06-30 08:53:08',	'2022-06-30 08:53:08'),
(441,	'27196',	'Gatina Dispensary(Dagoretti)',	47,	NULL,	1,	NULL,	NULL,	'2022-06-30 08:53:09',	'2022-06-30 08:53:09'),
(455,	'26913',	'Ushirika Dispensary (Dandora)',	47,	NULL,	1,	NULL,	NULL,	'2022-06-30 08:53:09',	'2022-06-30 08:53:09'),
(570,	'24979',	'Kenyatta University Teaching Refferal and Research Hospital',	47,	NULL,	1,	NULL,	NULL,	'2022-06-30 08:53:09',	'2022-06-30 08:53:09');

DROP TABLE IF EXISTS `facility_visits`;
CREATE TABLE `facility_visits` (
  `id` int(11) NOT NULL AUTO_INCREMENT,
  `facility_id` int(11) NOT NULL,
  `visit_date` date NOT NULL,
  `latitude` double DEFAULT NULL,
  `longitude` double DEFAULT NULL,
  `created_by` int(11) NOT NULL,
  `approved` tinyint(4) NOT NULL DEFAULT 0,
  `approved_by` int(11) DEFAULT NULL,
  `closed` tinyint(4) NOT NULL DEFAULT 0,
  `created_at` timestamp NULL DEFAULT current_timestamp(),
  `updated_at` timestamp NULL DEFAULT current_timestamp() ON UPDATE current_timestamp(),
  PRIMARY KEY (`id`),
  UNIQUE KEY `unique_facility_visit` (`facility_id`,`visit_date`),
  KEY `fk_visit_creator` (`created_by`),
  KEY `visit_approver` (`approved_by`),
  CONSTRAINT `fk_visit_creator` FOREIGN KEY (`created_by`) REFERENCES `users` (`id`) ON UPDATE CASCADE,
  CONSTRAINT `fk_visit_facility` FOREIGN KEY (`facility_id`) REFERENCES `facilities` (`id`) ON UPDATE CASCADE,
  CONSTRAINT `visit_approver` FOREIGN KEY (`approved_by`) REFERENCES `users` (`id`) ON UPDATE CASCADE
) ENGINE=InnoDB DEFAULT CHARSET=utf8mb4 COLLATE=utf8mb4_general_ci;

INSERT INTO `facility_visits` (`id`, `facility_id`, `visit_date`, `latitude`, `longitude`, `created_by`, `approved`, `approved_by`, `closed`, `created_at`, `updated_at`) VALUES
(9,	2,	'2023-04-06',	-1.0759715,	36.96405,	1,	0,	NULL,	0,	'2023-04-07 12:47:08',	'2023-04-07 12:47:08'),
(10,	3,	'2023-04-24',	-1.2833,	36.8166,	1,	0,	NULL,	0,	'2023-05-02 15:12:16',	'2023-05-02 15:12:16'),
(11,	4,	'2023-05-01',	-1.2905710207399839,	36.78589494910797,	1,	0,	NULL,	0,	'2023-05-08 09:13:40',	'2023-05-08 09:13:40'),
(12,	2,	'2023-07-07',	-1.2920659,	36.8219462,	1,	0,	NULL,	0,	'2023-07-07 09:18:18',	'2023-07-07 09:18:18'),
(13,	3,	'2023-07-27',	-1.076163,	36.96405,	1,	0,	NULL,	0,	'2023-07-27 05:06:29',	'2023-07-27 05:06:29'),
(14,	2,	'2023-11-24',	-0.6687197656951939,	37.19524121960855,	1,	0,	NULL,	0,	'2023-11-24 07:05:07',	'2023-11-24 07:05:07');

DROP TABLE IF EXISTS `frequencies`;
CREATE TABLE `frequencies` (
  `id` int(11) NOT NULL AUTO_INCREMENT,
  `name` varchar(98) NOT NULL,
  `days` int(11) NOT NULL,
  `created_at` timestamp NULL DEFAULT current_timestamp(),
  `updated_at` timestamp NULL DEFAULT current_timestamp() ON UPDATE current_timestamp(),
  PRIMARY KEY (`id`),
  UNIQUE KEY `unique_frequency_name` (`name`)
) ENGINE=InnoDB DEFAULT CHARSET=utf8mb4 COLLATE=utf8mb4_general_ci;

INSERT INTO `frequencies` (`id`, `name`, `days`, `created_at`, `updated_at`) VALUES
(1,	'Regular',	7,	'2023-02-28 11:56:43',	'2023-02-28 11:56:43'),
(2,	'Monthly',	30,	'2023-02-28 11:56:58',	'2023-02-28 11:56:58'),
(3,	'Quarterly',	90,	'2023-02-28 11:57:34',	'2023-02-28 11:57:34'),
(4,	'Semi-annual',	182,	'2023-02-28 11:58:03',	'2023-02-28 11:58:03'),
(5,	'Annual',	365,	'2023-02-28 11:58:20',	'2023-02-28 11:58:20');

DROP TABLE IF EXISTS `notifications`;
CREATE TABLE `notifications` (
  `id` int(11) NOT NULL AUTO_INCREMENT,
  `user_id` int(11) NOT NULL DEFAULT 0,
  `message` varchar(200) NOT NULL,
  `read` tinyint(1) NOT NULL DEFAULT 0,
  `mail_sent` tinyint(4) NOT NULL DEFAULT 0,
  `created_at` timestamp NULL DEFAULT current_timestamp(),
  `updated_at` timestamp NULL DEFAULT NULL,
  PRIMARY KEY (`id`),
  KEY `FK_notification_user` (`user_id`),
  CONSTRAINT `FK_notification_user` FOREIGN KEY (`user_id`) REFERENCES `users` (`id`) ON UPDATE CASCADE
) ENGINE=InnoDB DEFAULT CHARSET=utf8mb4 COLLATE=utf8mb4_general_ci;

INSERT INTO `notifications` (`id`, `user_id`, `message`, `read`, `mail_sent`, `created_at`, `updated_at`) VALUES
(676,	1,	'You have been assigned an action point(Test title)',	1,	0,	'2023-03-15 09:03:14',	'2023-04-05 06:34:34'),
(677,	1,	'You have been assigned an action point(Test two)',	0,	0,	'2023-03-15 09:11:54',	'2023-03-15 09:11:54'),
(678,	4,	'You have been assigned an action point(Test two)',	0,	0,	'2023-03-15 09:11:54',	'2023-03-15 09:11:54'),
(679,	1,	'You have been assigned an action point(This is test title)',	0,	0,	'2023-03-15 09:47:04',	'2023-03-15 09:47:04'),
(680,	3,	'You have been assigned an action point(This is test title)',	0,	0,	'2023-03-15 09:47:04',	'2023-03-15 09:47:04'),
(681,	34,	'You have been assigned an action point( Ting - Sex Workers Outreach Program (Kibra))',	0,	0,	'2023-04-03 11:47:05',	'2023-04-03 11:47:05'),
(682,	40,	'You have been assigned an action point( Ting - Sex Workers Outreach Program (Kibra))',	0,	0,	'2023-04-03 11:47:05',	'2023-04-03 11:47:05'),
(683,	11,	'You have been assigned an action point( Test  - Huruma Lions Dispensary)',	0,	0,	'2023-04-05 08:52:21',	'2023-04-05 08:52:21'),
(684,	3,	'You have been assigned an action point( Test2 - Huruma Lions Dispensary)',	0,	0,	'2023-04-05 08:53:03',	'2023-04-05 08:53:03'),
(685,	11,	'You have been assigned an action point( Baggot - Huruma Lions Dispensary)',	0,	0,	'2023-04-05 08:54:32',	'2023-04-05 08:54:32'),
(686,	22,	'You have been assigned an action point( Baggot - Huruma Lions Dispensary)',	0,	0,	'2023-04-05 08:54:32',	'2023-04-05 08:54:32'),
(687,	2,	'You have been assigned an action point( Bagg - Huruma Lions Dispensary)',	0,	0,	'2023-04-05 08:56:09',	'2023-04-05 08:56:09'),
(688,	4,	'You have been assigned an action point( Bagg - Huruma Lions Dispensary)',	0,	0,	'2023-04-05 08:56:09',	'2023-04-05 08:56:09'),
(689,	2,	'You have been assigned an action point( Bagg - Huruma Lions Dispensary)',	0,	0,	'2023-04-05 08:56:51',	'2023-04-05 08:56:51'),
(690,	4,	'You have been assigned an action point( Bagg - Huruma Lions Dispensary)',	0,	0,	'2023-04-05 08:56:51',	'2023-04-05 08:56:51'),
(691,	2,	'You have been assigned an action point( Bagg - Huruma Lions Dispensary)',	0,	0,	'2023-04-05 08:57:35',	'2023-04-05 08:57:35'),
(692,	4,	'You have been assigned an action point( Bagg - Huruma Lions Dispensary)',	0,	0,	'2023-04-05 08:57:35',	'2023-04-05 08:57:35'),
(693,	2,	'You have been assigned an action point( Bagg - Huruma Lions Dispensary)',	0,	0,	'2023-04-05 08:59:08',	'2023-04-05 08:59:08'),
(694,	4,	'You have been assigned an action point( Bagg - Huruma Lions Dispensary)',	0,	0,	'2023-04-05 08:59:08',	'2023-04-05 08:59:08'),
(695,	2,	'You have been assigned an action point( Bagg - Huruma Lions Dispensary)',	0,	0,	'2023-04-05 08:59:21',	'2023-04-05 08:59:21'),
(696,	4,	'You have been assigned an action point( Bagg - Huruma Lions Dispensary)',	0,	0,	'2023-04-05 08:59:21',	'2023-04-05 08:59:21'),
(697,	2,	'You have been assigned an action point( Bagg - Huruma Lions Dispensary)',	0,	0,	'2023-04-05 09:02:40',	'2023-04-05 09:02:40'),
(698,	4,	'You have been assigned an action point( Bagg - Huruma Lions Dispensary)',	0,	0,	'2023-04-05 09:02:40',	'2023-04-05 09:02:40'),
(699,	2,	'You have been assigned an action point( Bagg - Huruma Lions Dispensary)',	0,	0,	'2023-04-05 09:02:44',	'2023-04-05 09:02:44'),
(700,	4,	'You have been assigned an action point( Bagg - Huruma Lions Dispensary)',	0,	0,	'2023-04-05 09:02:44',	'2023-04-05 09:02:44'),
(701,	2,	'You have been assigned an action point( Bagg - Huruma Lions Dispensary)',	0,	0,	'2023-04-05 09:03:52',	'2023-04-05 09:03:52'),
(702,	4,	'You have been assigned an action point( Bagg - Huruma Lions Dispensary)',	0,	0,	'2023-04-05 09:03:52',	'2023-04-05 09:03:52'),
(703,	2,	'You have been assigned an action point( Bagg - Huruma Lions Dispensary)',	0,	0,	'2023-04-05 09:04:06',	'2023-04-05 09:04:06'),
(704,	4,	'You have been assigned an action point( Bagg - Huruma Lions Dispensary)',	0,	0,	'2023-04-05 09:04:06',	'2023-04-05 09:04:06'),
(705,	3,	'You have been assigned an action point( Do That - Embakasi Health Centre)',	0,	0,	'2023-04-06 12:23:15',	'2023-04-06 12:23:15'),
(706,	11,	'You have been assigned an action point( Do That - Embakasi Health Centre)',	0,	0,	'2023-04-06 12:23:15',	'2023-04-06 12:23:15'),
(707,	1,	'You have been assigned an action point( Missing Algorithm - Embakasi Health Centre)',	0,	0,	'2023-05-02 14:53:26',	'2023-05-02 14:53:26'),
(708,	31,	'You have been assigned an action point( Missing Algorithm - Embakasi Health Centre)',	0,	0,	'2023-05-02 14:53:26',	'2023-05-02 14:53:26'),
(709,	1,	'You have been assigned an action point( Test Kits Missing - Embakasi Health Centre)',	0,	0,	'2023-05-02 14:56:08',	'2023-05-02 14:56:08'),
(710,	31,	'You have been assigned an action point( Test Kits Missing - Embakasi Health Centre)',	0,	0,	'2023-05-02 14:56:08',	'2023-05-02 14:56:08'),
(711,	1,	'You have been assigned an action point( Provide  OPD/IPD line listing register - Embakasi Health Centre)',	0,	0,	'2023-05-02 15:10:36',	'2023-05-02 15:10:36'),
(712,	2,	'You have been assigned an action point( Provide  OPD/IPD line listing register - Embakasi Health Centre)',	0,	0,	'2023-05-02 15:10:36',	'2023-05-02 15:10:36'),
(713,	31,	'You have been assigned an action point( Provide  OPD/IPD line listing register - Embakasi Health Centre)',	0,	0,	'2023-05-02 15:10:36',	'2023-05-02 15:10:36'),
(714,	1,	'You have been assigned an action point( Provide HTS Protocol - Huruma Lions Dispensary)',	0,	0,	'2023-05-02 15:15:38',	'2023-05-02 15:15:38'),
(715,	2,	'You have been assigned an action point( Provide HTS Protocol - Huruma Lions Dispensary)',	0,	0,	'2023-05-02 15:15:38',	'2023-05-02 15:15:38'),
(716,	28,	'You have been assigned an action point( document - Embakasi Health Centre)',	0,	0,	'2023-07-27 05:08:52',	'2023-07-27 05:08:52'),
(717,	38,	'You have been assigned an action point( document - Embakasi Health Centre)',	0,	0,	'2023-07-27 05:08:52',	'2023-07-27 05:08:52'),
(718,	1,	'You have been assigned an action point( LTE not working - Kibera Community Health Centre - Amref)',	0,	0,	'2023-07-27 05:12:05',	'2023-07-27 05:12:05'),
(719,	85,	'You have been assigned an action point( LTE not working - Kibera Community Health Centre - Amref)',	0,	0,	'2023-07-27 05:12:05',	'2023-07-27 05:12:05'),
(720,	1,	'You have been assigned an action point( EMR vs NDWH Discondant - Embakasi Health Centre)',	0,	0,	'2023-10-24 07:35:54',	'2023-10-24 07:35:54'),
(721,	55,	'You have been assigned an action point( EMR vs NDWH Discondant - Embakasi Health Centre)',	0,	0,	'2023-10-24 07:35:54',	'2023-10-24 07:35:54'),
(722,	61,	'You have been assigned an action point( EMR vs NDWH Discondant - Embakasi Health Centre)',	0,	0,	'2023-10-24 07:35:54',	'2023-10-24 07:35:54'),
(723,	1,	'You have been assigned an action point( MIssing GBV Register - Embakasi Health Centre)',	0,	0,	'2023-11-24 07:43:00',	'2023-11-24 07:43:00'),
(724,	13,	'You have been assigned an action point( MIssing GBV Register - Embakasi Health Centre)',	0,	0,	'2023-11-24 07:43:00',	'2023-11-24 07:43:00'),
(725,	44,	'You have been assigned an action point( MIssing GBV Register - Embakasi Health Centre)',	0,	0,	'2023-11-24 07:43:00',	'2023-11-24 07:43:00'),
(726,	75,	'You have been assigned an action point( MIssing GBV Register - Embakasi Health Centre)',	0,	0,	'2023-11-24 07:43:00',	'2023-11-24 07:43:00'),
(727,	1,	'You have been assigned an action point( Missing SDP intergrated eligibility screening for HTS - Embakasi Health Centre)',	0,	0,	'2023-11-24 07:44:46',	'2023-11-24 07:44:46'),
(728,	31,	'You have been assigned an action point( Missing SDP intergrated eligibility screening for HTS - Embakasi Health Centre)',	0,	0,	'2023-11-24 07:44:46',	'2023-11-24 07:44:46'),
(729,	100,	'You have been assigned an action point( Missing SDP intergrated eligibility screening for HTS - Embakasi Health Centre)',	0,	0,	'2023-11-24 07:44:46',	'2023-11-24 07:44:46'),
(730,	1,	'You have been assigned an action point( Counselor not using PNS registers  - Embakasi Health Centre)',	0,	0,	'2023-11-24 07:52:24',	'2023-11-24 07:52:24'),
(731,	31,	'You have been assigned an action point( Counselor not using PNS registers  - Embakasi Health Centre)',	0,	0,	'2023-11-24 07:52:24',	'2023-11-24 07:52:24'),
(732,	31,	'You have been assigned an action point( Missing access privileges to MOH 730B rights on KHIS - Embakasi Health Centre)',	0,	0,	'2023-11-24 07:54:53',	'2023-11-24 07:54:53'),
(733,	101,	'You have been assigned an action point( Missing access privileges to MOH 730B rights on KHIS - Embakasi Health Centre)',	0,	0,	'2023-11-24 07:54:53',	'2023-11-24 07:54:53'),
(734,	103,	'You have been assigned an action point( Missing access privileges to MOH 730B rights on KHIS - Embakasi Health Centre)',	0,	0,	'2023-11-24 07:54:53',	'2023-11-24 07:54:53'),
(735,	1,	'You have been assigned an action point( Lack of Job Aid for WHO staging  - Embakasi Health Centre)',	0,	0,	'2023-11-24 09:08:59',	'2023-11-24 09:08:59'),
(736,	3,	'You have been assigned an action point( Lack of Job Aid for WHO staging  - Embakasi Health Centre)',	0,	0,	'2023-11-24 09:08:59',	'2023-11-24 09:08:59'),
(737,	23,	'You have been assigned an action point( Lack of Job Aid for WHO staging  - Embakasi Health Centre)',	0,	0,	'2023-11-24 09:08:59',	'2023-11-24 09:08:59'),
(738,	28,	'You have been assigned an action point( Lack of Job Aid for WHO staging  - Embakasi Health Centre)',	0,	0,	'2023-11-24 09:08:59',	'2023-11-24 09:08:59'),
(739,	25,	'You have been assigned an action point( Distribute copy of OI manual - Embakasi Health Centre)',	0,	0,	'2023-11-24 09:11:38',	'2023-11-24 09:11:38'),
(740,	28,	'You have been assigned an action point( Need for CQI project in the thematic areas - Embakasi Health Centre)',	0,	0,	'2023-11-24 09:14:45',	'2023-11-24 09:14:45'),
(741,	69,	'You have been assigned an action point( Need for CQI project in the thematic areas - Embakasi Health Centre)',	0,	0,	'2023-11-24 09:14:45',	'2023-11-24 09:14:45');

DROP TABLE IF EXISTS `password_resets`;
CREATE TABLE `password_resets` (
  `id` int(11) NOT NULL AUTO_INCREMENT,
  `user_id` int(11) NOT NULL,
  `token` varchar(200) NOT NULL,
  `is_used` tinyint(4) NOT NULL DEFAULT 0,
  `expires_at` timestamp NOT NULL DEFAULT current_timestamp() ON UPDATE current_timestamp(),
  `created_at` timestamp NULL DEFAULT current_timestamp(),
  `updated_at` timestamp NULL DEFAULT current_timestamp(),
  PRIMARY KEY (`id`),
  KEY `fk_reset_user` (`user_id`),
  CONSTRAINT `fk_reset_user` FOREIGN KEY (`user_id`) REFERENCES `users` (`id`) ON DELETE CASCADE ON UPDATE CASCADE
) ENGINE=InnoDB DEFAULT CHARSET=utf8mb4 COLLATE=utf8mb4_general_ci;


DROP TABLE IF EXISTS `programs`;
CREATE TABLE `programs` (
  `id` int(11) NOT NULL AUTO_INCREMENT,
  `name` varchar(100) NOT NULL,
  `logo` varchar(50) DEFAULT NULL,
  `created_by` int(11) NOT NULL,
  `created_at` timestamp NULL DEFAULT current_timestamp(),
  `updated_at` timestamp NULL DEFAULT NULL,
  PRIMARY KEY (`id`),
  UNIQUE KEY `Index 2` (`name`) USING BTREE,
  KEY `FK_program_creator` (`created_by`),
  CONSTRAINT `FK_program_creator` FOREIGN KEY (`created_by`) REFERENCES `users` (`id`) ON UPDATE CASCADE
) ENGINE=InnoDB DEFAULT CHARSET=utf8mb4 COLLATE=utf8mb4_general_ci;

INSERT INTO `programs` (`id`, `name`, `logo`, `created_by`, `created_at`, `updated_at`) VALUES
(4,	'CIHEB CONNECT',	'ciheb_logo.jpeg',	1,	'2022-06-02 10:26:31',	'2022-06-02 10:26:31'),
(5,	'UMB CONNECT',	'UMB CONNECT_logo.jpg',	1,	'2022-06-02 10:30:48',	'2022-06-14 12:22:48'),
(6,	'TRACK',	'TRACK_logo.jpg',	1,	'2022-06-17 06:59:20',	'2022-06-17 07:02:40'),
(7,	'MGIC-CIHEB Shared',	NULL,	1,	'2022-06-20 06:55:58',	'2022-06-20 06:55:58'),
(8,	'PACT IMARA',	NULL,	1,	'2022-09-05 09:47:34',	'2022-09-05 09:47:34'),
(9,	'UMB ENTRENCH',	NULL,	1,	'2022-09-15 06:18:00',	'2022-09-15 06:18:00');

DROP TABLE IF EXISTS `questions`;
CREATE TABLE `questions` (
  `id` int(11) NOT NULL AUTO_INCREMENT,
  `question` text NOT NULL,
  `category` enum('individual','facility','sdp') NOT NULL DEFAULT 'facility',
  `frequency_id` int(11) NOT NULL,
  `frm_option` text NOT NULL,
  `type` enum('check_opt','textfield_s','radio_opt','number_opt') NOT NULL,
  `order_by` int(11) NOT NULL DEFAULT 0,
  `section_id` int(11) NOT NULL,
  `date_created` datetime NOT NULL DEFAULT current_timestamp(),
  `created_by` int(11) NOT NULL,
  `created_at` timestamp NULL DEFAULT current_timestamp(),
  `updated_at` timestamp NULL DEFAULT current_timestamp() ON UPDATE current_timestamp(),
  PRIMARY KEY (`id`),
  KEY `fk_question_section` (`section_id`),
  KEY `fk_question_created_by` (`created_by`),
  KEY `fk_question_frequency` (`frequency_id`),
  CONSTRAINT `fk_question_created_by` FOREIGN KEY (`created_by`) REFERENCES `users` (`id`) ON UPDATE CASCADE,
  CONSTRAINT `fk_question_frequency` FOREIGN KEY (`frequency_id`) REFERENCES `frequencies` (`id`) ON UPDATE CASCADE,
  CONSTRAINT `fk_question_section` FOREIGN KEY (`section_id`) REFERENCES `sections` (`id`) ON DELETE CASCADE ON UPDATE CASCADE
) ENGINE=InnoDB DEFAULT CHARSET=utf8mb4 COLLATE=utf8mb4_general_ci;

INSERT INTO `questions` (`id`, `question`, `category`, `frequency_id`, `frm_option`, `type`, `order_by`, `section_id`, `date_created`, `created_by`, `created_at`, `updated_at`) VALUES
(95,	'Does this facility have the most current national HTS guidelines?',	'facility',	5,	'{\"nZaCI\":\"HTS2016\",\"juoap\":\"aPNS_HIVST\",\"mvGxe\":\"PrEP\",\"HZTAd\":\"GBV\"}',	'check_opt',	0,	7,	'2023-04-07 16:17:51',	1,	'2023-04-07 12:17:51',	'2023-04-07 12:17:51'),
(96,	'Does the facility have the current HTS eligibility screening algrorithms?',	'sdp',	5,	'{\"GOyvR\":\"Paediatric\",\"ziqFa\":\"Adolescent\",\"TYHrA\":\"Adult\"}',	'check_opt',	0,	7,	'2023-04-07 16:17:51',	1,	'2023-04-07 12:17:51',	'2023-04-07 12:17:51'),
(97,	'Does this facility have the most current national testing algorithm?',	'sdp',	5,	'{\"zgfnJ\":\"yes\",\"skyZL\":\"no\"}',	'radio_opt',	0,	7,	'2023-04-07 16:17:51',	1,	'2023-04-07 12:17:51',	'2023-04-07 12:17:51'),
(98,	'Does the facility have SOP for testing?',	'facility',	5,	'{\"IvHoD\":\"Adults\",\"QLVPR\":\"Children\",\"DlFqT\":\"Adolescents\"}',	'check_opt',	0,	7,	'2023-04-07 16:17:51',	1,	'2023-04-07 12:17:51',	'2023-04-07 12:17:51'),
(99,	'Does the facility have the updated HTS Protocols?',	'facility',	5,	'{\"pfAJK\":\"yes\",\"uiHrP\":\"no\"}',	'radio_opt',	0,	7,	'2023-04-07 16:17:51',	1,	'2023-04-07 12:17:51',	'2023-04-07 12:17:51'),
(100,	'Does the facility have HTC referral and treatment linkage job aid/Algorithm?',	'sdp',	5,	'{\"klySX\":\"yes\",\"nCcvG\":\"no\"}',	'radio_opt',	0,	7,	'2023-04-07 16:17:51',	1,	'2023-04-07 12:17:51',	'2023-04-07 12:17:51'),
(101,	'Does the Facility have the following Index testing SOPs?',	'facility',	5,	'{\"LBNdH\":\"6Cs\",\"IKmbD\":\"Principles of aPNS\",\"AwKWP\":\"aPNS algorithm\",\"IWoTL\":\"SEIT SOP\",\"YbemH\":\"IPV Screening & response\",\"gDoHw\":\"Adverse Events reporting and response\",\"KkzXq\":\"Reporting confidentiality Violation\",\"zfrJV\":\"Data sharing SOP\"}',	'check_opt',	0,	7,	'2023-04-07 16:17:51',	1,	'2023-04-07 12:17:51',	'2023-04-07 12:17:51'),
(102,	'Does the facility have waste segragation job aids?',	'sdp',	5,	'{\"MXQPl\":\"yes\",\"VbFSZ\":\"no\"}',	'radio_opt',	0,	7,	'2023-04-07 16:17:51',	1,	'2023-04-07 12:17:51',	'2023-04-07 12:17:51'),
(103,	'Does the facility have PITC protocal?',	'facility',	5,	'{\"SNQji\":\"yes\",\"tLcpX\":\"no\"}',	'radio_opt',	0,	7,	'2023-04-07 16:17:51',	1,	'2023-04-07 12:17:51',	'2023-04-07 12:17:51'),
(104,	'Does the facility have PEP protocal?',	'sdp',	3,	'{\"AOCbq\":\"yes\",\"axKpf\":\"no\"}',	'radio_opt',	0,	7,	'2023-04-07 16:17:51',	1,	'2023-04-07 12:17:51',	'2023-04-07 12:17:51'),
(105,	'Does the facilty have condom demonstration job aids?',	'sdp',	5,	'{\"Yrpaz\":\"Female Condom\",\"JOaSp\":\"Male Condom\"}',	'check_opt',	0,	7,	'2023-04-07 16:17:51',	1,	'2023-04-07 12:17:51',	'2023-04-07 12:17:51'),
(106,	'Does the facility have demonstration Models for Condoms?',	'sdp',	5,	'{\"UdXaP\":\"Female\",\"nWObv\":\"Male\"}',	'check_opt',	0,	7,	'2023-04-07 16:17:51',	1,	'2023-04-07 12:17:51',	'2023-04-07 12:17:51'),
(107,	'Does the facilty have safety SOP/Manual?',	'facility',	5,	'{\"hIFgK\":\"yes\",\"gAUzw\":\"no\"}',	'radio_opt',	0,	7,	'2023-04-07 16:17:51',	1,	'2023-04-07 12:17:51',	'2023-04-07 12:17:51'),
(108,	'Are there Test Kits interpretation Charts in this facility?',	'sdp',	5,	'{\"mWrqK\":\"Determine\",\"ZECGA\":\"First Response\",\"lDagJ\":\"Dual Kits\",\"aJKyL\":\"HIVST\"}',	'check_opt',	0,	7,	'2023-04-07 16:17:51',	1,	'2023-04-07 12:17:51',	'2023-04-07 12:17:51'),
(109,	'Does this site have confidentaiality Policy?',	'facility',	5,	'{\"HPdCa\":\"yes\",\"BqAbI\":\"no\"}',	'radio_opt',	0,	7,	'2023-04-07 16:17:51',	1,	'2023-04-07 12:17:51',	'2023-04-07 12:17:51'),
(110,	'Does this site have Stigma and Discrimination Policy?',	'sdp',	5,	'{\"ZnksH\":\"yes\",\"AVKei\":\"no\"}',	'radio_opt',	0,	7,	'2023-04-07 16:17:51',	1,	'2023-04-07 12:17:51',	'2023-04-07 12:17:51'),
(111,	'Is the HTS eligibility screening conducted in a space which provide the required confidentiality?',	'sdp',	5,	'{\"iNsyu\":\"yes\",\"pbozY\":\"no\"}',	'radio_opt',	0,	8,	'2023-04-07 16:22:46',	1,	'2023-04-07 12:22:46',	'2023-04-07 12:22:46'),
(112,	'Has the SDP intergrated eligibility screening for HTS, TB and Covid 19',	'sdp',	3,	'{\"vIKlu\":\"yes\",\"qGIiu\":\"no\"}',	'radio_opt',	0,	8,	'2023-04-07 16:22:46',	1,	'2023-04-07 12:22:46',	'2023-04-07 12:22:46'),
(113,	'Does the SDP have the current OPD/IPD linelisting register which capture HTS, TB and Covid 19 Screening (Calculate %- Num: Available/Total SDPs)',	'sdp',	3,	'',	'number_opt',	0,	8,	'2023-04-07 16:22:46',	1,	'2023-04-07 12:22:46',	'2023-04-07 12:22:46'),
(114,	'Review of the uptake of HTS eligibility screening in OPD Clinics/MCH (check OPD/IPD line listing register and  OPD/MNCH registers (Workload) to determine the proportion screened in the last 1 month)  (refer to MOH 717)',	'sdp',	1,	'',	'number_opt',	0,	8,	'2023-04-07 16:22:46',	1,	'2023-04-07 12:22:46',	'2023-04-07 12:22:46'),
(115,	'Using the OPD/IPD linelisting register review 20 eligible clients and confirm if they are tested using the MOH 362 (Calculate %)',	'individual',	1,	'',	'number_opt',	0,	8,	'2023-04-07 16:22:46',	1,	'2023-04-07 12:22:46',	'2023-04-07 12:22:46'),
(116,	'Using the OPD/IPD linelisting register review 10 clients with signs and symptoms of TB and check if they are documented in the presumptive TB register (Calculate %)',	'individual',	1,	'',	'number_opt',	0,	8,	'2023-04-07 16:22:46',	1,	'2023-04-07 12:22:46',	'2023-04-07 12:22:46'),
(133,	'Is the HTS register complete and properly populated? (Review the most recent positives in last 1 months)',	'individual',	2,	'{\"MZPWT\":\"week1\",\"cYSdt\":\"week2\",\"hqfuK\":\"week3\",\"rJYmN\":\"week4\"}',	'check_opt',	0,	9,	'2023-04-07 16:34:44',	1,	'2023-04-07 12:34:44',	'2023-04-07 12:34:44'),
(134,	'Is there evidence of retesting as per national guidelines?( Check if  the clients testing  HIV positive in the last 3 months  have been documented to be retested)',	'individual',	2,	'{\"cNPyR\":\"Month1\",\"SeVWy\":\"Month2\",\"GuCFl\":\"Month3\"}',	'check_opt',	0,	9,	'2023-04-07 16:34:44',	1,	'2023-04-07 12:34:44',	'2023-04-07 12:34:44'),
(135,	'Is there evidence of strategies specific to identification of Men?',	'facility',	1,	'{\"IKnST\":\"Extended hours\",\"WJZum\":\"Community outreaches\",\"oVBlz\":\"Multi dx screening\",\"tSPpQ\":\"Male champions\",\"Ktrkp\":\"Other (specify)\"}',	'check_opt',	0,	9,	'2023-04-07 16:34:44',	1,	'2023-04-07 12:34:44',	'2023-04-07 12:34:44'),
(136,	'Is there evidence of strategies specific to identification of AYP?',	'facility',	1,	'{\"KcSsE\":\"community\",\"lXeaJ\":\"youth friendly\",\"iIAOG\":\"SNS\",\"pQJna\":\"Champions\",\"hGHbp\":\"Other(Specify) \"}',	'check_opt',	0,	9,	'2023-04-07 16:34:44',	1,	'2023-04-07 12:34:44',	'2023-04-07 12:34:44'),
(137,	'Does the Facility/Counselor have the current version of PNS registers (2022)?',	'individual',	1,	'{\"wPztl\":\"yes\",\"toLum\":\"no\"}',	'radio_opt',	0,	10,	'2023-04-07 16:38:24',	1,	'2023-04-07 12:38:24',	'2023-04-07 12:38:24'),
(138,	'IS the PNS register completely and Accurately documented including summaries',	'individual',	1,	'{\"NJgOW\":\"yes\",\"ZCELz\":\"no\"}',	'radio_opt',	0,	10,	'2023-04-07 16:38:24',	1,	'2023-04-07 12:38:24',	'2023-04-07 12:38:24'),
(139,	'IS the PNS registers reviewed regularly (atleast monthly)',	'individual',	1,	'{\"hkFTB\":\"yes\",\"oLvOQ\":\"no\"}',	'radio_opt',	0,	10,	'2023-04-07 16:38:24',	1,	'2023-04-07 12:38:24',	'2023-04-07 12:38:24'),
(140,	'Review uptake of Index testing services by comparing  the new HTS POS >15years and clients screened for Index testing (Calculate Screening uptake: Num: Number screened/New POS 15yrs and above)',	'individual',	1,	'',	'number_opt',	0,	10,	'2023-04-07 16:38:24',	1,	'2023-04-07 12:38:24',	'2023-04-07 12:38:24'),
(141,	'Is the facility offering expanded aPNS (Review evidence for Screening beyond the new HIV POS)',	'individual',	1,	'{\"Jeiqt\":\"yes\",\"wJgkI\":\"no\"}',	'radio_opt',	0,	10,	'2023-04-07 16:38:24',	1,	'2023-04-07 12:38:24',	'2023-04-07 12:38:24'),
(142,	'Review the index client testing and calculate the elicitation ratio for Sexual partners (Elicitation=SPs elicited:Index screened) Ecpected 1:2',	'individual',	1,	'',	'number_opt',	0,	10,	'2023-04-07 16:38:24',	1,	'2023-04-07 12:38:24',	'2023-04-07 12:38:24'),
(143,	'Review the last 10 Women aged 20 above and children listed in the aPNS register- Calculate Percentage of women with Children listed (Num- No. Women aged 20yrs above with children listed/Den_Women 20yrs and above screened for Index testing)',	'individual',	1,	'',	'number_opt',	0,	10,	'2023-04-07 16:38:24',	1,	'2023-04-07 12:38:24',	'2023-04-07 12:38:24'),
(144,	'Review the Contacts elicited in the preceding 3 months and calculate the testing uptake (Number tested/Number elicited in the last 3 months)',	'individual',	1,	'',	'number_opt',	0,	10,	'2023-04-07 16:38:24',	1,	'2023-04-07 12:38:24',	'2023-04-07 12:38:24'),
(145,	'Review the clients offered Index testing in the last quarter and check what proportion have adverse Event monitoring outcome documented post the service (calculate %)',	'individual',	1,	'',	'number_opt',	0,	10,	'2023-04-07 16:38:24',	1,	'2023-04-07 12:38:24',	'2023-04-07 12:38:24'),
(146,	'Have all the adverse Events reported in the facility have been investigated and responded and necessary tools updated?',	'individual',	1,	'',	'number_opt',	0,	10,	'2023-04-07 16:38:24',	1,	'2023-04-07 12:38:24',	'2023-04-07 12:38:24'),
(147,	'Does the Counselor/Facility have SNS register',	'individual',	1,	'{\"jlADQ\":\"yes\",\"PlDwH\":\"no\"}',	'radio_opt',	0,	11,	'2023-04-07 16:43:39',	1,	'2023-04-07 12:43:39',	'2023-04-07 12:43:39'),
(148,	'Is the SNS register completely and Accuartely documented including Monthly summaries',	'individual',	1,	'{\"rbVhU\":\"yes\",\"AYrtS\":\"no\"}',	'radio_opt',	0,	11,	'2023-04-07 16:43:39',	1,	'2023-04-07 12:43:39',	'2023-04-07 12:43:39'),
(149,	'IS the SNS registers reviewed regularly (atleast Monthly)',	'individual',	1,	'{\"boGgv\":\"yes\",\"szJeL\":\"no\"}',	'radio_opt',	0,	11,	'2023-04-07 16:43:39',	1,	'2023-04-07 12:43:39',	'2023-04-07 12:43:39'),
(150,	'Review if SNS is offered for the 3 types of Seeds- Review the last 3 months and check if it has the three seed types have  (New Positive, High risk Negative, Peer Educator)',	'individual',	1,	'',	'number_opt',	0,	11,	'2023-04-07 16:43:39',	1,	'2023-04-07 12:43:39',	'2023-04-07 12:43:39'),
(151,	'Review the SNS register and check social network members listed in the preceding 3 months and calculate testing uptake (Testing uptake= SN Members tested/SN members listed in the last 3 months X 100)',	'individual',	1,	'',	'number_opt',	0,	11,	'2023-04-07 16:43:39',	1,	'2023-04-07 12:43:39',	'2023-04-07 12:43:39'),
(152,	'Is linkage and referral register complete and all actions documented?',	'individual',	1,	'{\"iDatX\":\"yes\",\"vlKVL\":\"no\"}',	'radio_opt',	0,	12,	'2023-04-07 16:50:27',	1,	'2023-04-07 12:50:27',	'2023-04-07 12:50:27'),
(153,	'Review the last 10 clients identified as HIV positives from the HTS register to determine the percentage who were successfully linked to treatment services (Evidence of CCC Number).',	'individual',	1,	'',	'number_opt',	0,	12,	'2023-04-07 16:50:27',	1,	'2023-04-07 12:50:27',	'2023-04-07 12:50:27'),
(154,	'Check the Last 5 clients not linked on same day or Reffered outside and review for tracking as per the Linkage Algorithm. (Calculate Percentage tracked as per the algorithm=Number tracked as per algorithm/Number not linked same day+number reffered outside for Linkage)',	'individual',	1,	'',	'number_opt',	0,	12,	'2023-04-07 16:50:27',	1,	'2023-04-07 12:50:27',	'2023-04-07 12:50:27'),
(155,	'Review the clients tested HIV Negative in the last 1 month from the HTS register and check for evidence of linkage to any form of prevention services. Calculate proportion offered the services (Prevention services: PrEP, PEP, Condoms, Counselling, VMMC etc) (calculation: =Number linked to prevention services/Number tested Negative 15 years above in the last 1 month)',	'individual',	1,	'',	'number_opt',	0,	12,	'2023-04-07 16:50:27',	1,	'2023-04-07 12:50:27',	'2023-04-07 12:50:27'),
(156,	'Were the HIV Positive clients linked to case management teams? (Calculate Linkage= Number Linked to CMTs/Number tested POS in the last 1 Month)',	'individual',	1,	'',	'number_opt',	0,	12,	'2023-04-07 16:50:27',	1,	'2023-04-07 12:50:27',	'2023-04-07 12:50:27'),
(157,	'Does the facility conduct RS?',	'facility',	1,	'{\"rmNsi\":\"yes\",\"AWjdy\":\"no\"}',	'radio_opt',	0,	13,	'2023-04-07 16:56:22',	1,	'2023-04-07 12:56:22',	'2023-04-07 12:56:22'),
(158,	'Does the facility have HTS RS Master file',	'facility',	1,	'{\"UWIMi\":\"yes\",\"oKzdn\":\"no\"}',	'radio_opt',	0,	13,	'2023-04-07 16:56:22',	1,	'2023-04-07 12:56:22',	'2023-04-07 12:56:22'),
(159,	'Does the SDP have a HTS SDP RS file?',	'sdp',	1,	'{\"SXqUP\":\"yes\",\"gBGQx\":\"no\"}',	'radio_opt',	0,	13,	'2023-04-07 16:56:22',	1,	'2023-04-07 12:56:22',	'2023-04-07 12:56:22'),
(160,	'Review the last 10 RSLRFs and check for accuracy and completeness',	'individual',	1,	'',	'number_opt',	0,	13,	'2023-04-07 16:56:22',	1,	'2023-04-07 12:56:22',	'2023-04-07 12:56:22'),
(161,	'Review the Last 10 HIV Postives 15 and above and calculate the percentage tested for RS (Calulate- No. tested for HIV RS/ No. HIV POS 15yrs and above)',	'individual',	1,	'',	'number_opt',	0,	13,	'2023-04-07 16:56:22',	1,	'2023-04-07 12:56:22',	'2023-04-07 12:56:22'),
(162,	'Check for RS data transmission to national dashboard- Review the RSLRFs for the last 3 months and confirm they have sent successfully in the ODK (calculate Percentage sent successfully)',	'facility',	1,	'',	'number_opt',	0,	13,	'2023-04-07 16:56:22',	1,	'2023-04-07 12:56:22',	'2023-04-07 12:56:22'),
(173,	'Review HTS counselor files and check if all the providers have undergone NASCOP certified HTS training',	'facility',	5,	'{\"diBRr\":\"yes\",\"TmyZb\":\"no\"}',	'radio_opt',	0,	14,	'2023-04-07 17:14:31',	1,	'2023-04-07 13:14:31',	'2023-04-07 13:14:31'),
(174,	'Do all the HTS providers have PT results for the most recent round and filed in the facility (Calculate the % of HTS providers with Valid PT results)',	'facility',	4,	'',	'number_opt',	0,	14,	'2023-04-07 17:14:31',	1,	'2023-04-07 13:14:31',	'2023-04-07 13:14:31'),
(175,	'Check What proportion have satisfactory results ',	'facility',	4,	'',	'number_opt',	0,	14,	'2023-04-07 17:14:31',	1,	'2023-04-07 13:14:31',	'2023-04-07 13:14:31'),
(176,	'Review the PT file and check How many HTS counselors with unsatisfactory results and have/undergoing corrective actions for unsatisfactory results? ',	'facility',	3,	'',	'number_opt',	0,	14,	'2023-04-07 17:14:31',	1,	'2023-04-07 13:14:31',	'2023-04-07 13:14:31'),
(177,	'Check if all the HTS providers have received atleast one observed practice in the last 3 months (Determine % of providers who have been observed)',	'facility',	3,	'',	'number_opt',	0,	14,	'2023-04-07 17:14:31',	1,	'2023-04-07 13:14:31',	'2023-04-07 13:14:31'),
(178,	'Review the HTS register and check for complete recording test kit names, expiry date and lot numbers for the last 10 pages. Indicate Yes if documented in all pages and No if missing ',	'individual',	3,	'{\"elitq\":\"yes\",\"jsEVG\":\"no\"}',	'radio_opt',	0,	14,	'2023-04-07 17:14:31',	1,	'2023-04-07 13:14:31',	'2023-04-07 13:14:31'),
(179,	'Have the counselor undergone HTS supervision/Debriefing in the last 3 months? Check Counselor supervision booklet',	'individual',	3,	'{\"hzQVw\":\"yes\",\"GYrgW\":\"no\"}',	'radio_opt',	0,	14,	'2023-04-07 17:14:31',	1,	'2023-04-07 13:14:31',	'2023-04-07 13:14:31'),
(180,	'Does the facility have stocks for HIV testing commodities to last for 3 months for the following Kits (Determine, First response, HIVST, Dual Kit)',	'facility',	3,	'{\"NqJvL\":\"yes\",\"dQJYo\":\"no\"}',	'radio_opt',	0,	15,	'2023-04-07 17:28:55',	1,	'2023-04-07 13:28:55',	'2023-04-07 13:28:55'),
(181,	'Does the SDP have Gloves for supporting HTS',	'sdp',	3,	'{\"zHFda\":\"yes\",\"wbyuG\":\"no\"}',	'radio_opt',	0,	15,	'2023-04-07 17:28:55',	1,	'2023-04-07 13:28:55',	'2023-04-07 13:28:55'),
(182,	'Does the SDP have the 3 waste segregation Bins (Black, Yellow, Red)?',	'sdp',	4,	'{\"TIwsu\":\"yes\",\"wkPaU\":\"no\"}',	'radio_opt',	0,	15,	'2023-04-07 17:28:55',	1,	'2023-04-07 13:28:55',	'2023-04-07 13:28:55'),
(183,	'Does the SDP have the WHO approved sharp containers?',	'sdp',	4,	'{\"PmWYs\":\"yes\",\"RYebi\":\"no\"}',	'radio_opt',	0,	15,	'2023-04-07 17:28:55',	1,	'2023-04-07 13:28:55',	'2023-04-07 13:28:55'),
(184,	'Does the SDP have timers for Conducting HTS?',	'sdp',	4,	'{\"dTyzi\":\"yes\",\"urHjs\":\"no\"}',	'radio_opt',	0,	15,	'2023-04-07 17:28:55',	1,	'2023-04-07 13:28:55',	'2023-04-07 13:28:55'),
(185,	'Does the SDP have Hand washing Equipment?',	'sdp',	4,	'{\"UOVCk\":\"yes\",\"nTidx\":\"no\"}',	'radio_opt',	0,	15,	'2023-04-07 17:28:55',	1,	'2023-04-07 13:28:55',	'2023-04-07 13:28:55'),
(186,	'Does the SDP have Lockable cabinets for storing client records?',	'sdp',	4,	'{\"aZIyM\":\"yes\",\"gqnDN\":\"no\"}',	'radio_opt',	0,	15,	'2023-04-07 17:28:55',	1,	'2023-04-07 13:28:55',	'2023-04-07 13:28:55'),
(187,	'Does the facility have a dedicated HTS Phone for patient follow up?',	'facility',	4,	'{\"LqwtR\":\"yes\",\"ziwjV\":\"no\"}',	'radio_opt',	0,	15,	'2023-04-07 17:28:55',	1,	'2023-04-07 13:28:55',	'2023-04-07 13:28:55'),
(188,	'Are phone Logs available at this facility?',	'facility',	5,	'{\"SFdUD\":\"yes\",\"FaUHc\":\"no\"}',	'radio_opt',	0,	15,	'2023-04-07 17:28:55',	1,	'2023-04-07 13:28:55',	'2023-04-07 13:28:55'),
(189,	'Does the facility have updated referral directories?',	'facility',	4,	'{\"YWJKu\":\"yes\",\"ixaeA\":\"no\"}',	'radio_opt',	0,	15,	'2023-04-07 17:28:55',	1,	'2023-04-07 13:28:55',	'2023-04-07 13:28:55'),
(190,	'Does the HTS counselor have a labcoat?',	'individual',	5,	'{\"OIVMx\":\"yes\",\"TjDhH\":\"no\"}',	'radio_opt',	0,	15,	'2023-04-07 17:28:55',	1,	'2023-04-07 13:28:55',	'2023-04-07 13:28:55'),
(191,	'Do facility staff have access to PEP at the facility?',	'facility',	4,	'{\"RbJuq\":\"yes\",\"QjTxV\":\"no\"}',	'radio_opt',	0,	15,	'2023-04-07 17:28:55',	1,	'2023-04-07 13:28:55',	'2023-04-07 13:28:55'),
(192,	'Does the SDP have a room thermometer?',	'facility',	4,	'{\"KsETS\":\"yes\",\"tExRh\":\"no\"}',	'radio_opt',	0,	15,	'2023-04-07 17:28:55',	1,	'2023-04-07 13:28:55',	'2023-04-07 13:28:55'),
(193,	'Has the HTS counselor signed a confidentiality agreement?',	'individual',	5,	'{\"nHuYC\":\"yes\",\"WsTta\":\"no\"}',	'radio_opt',	0,	16,	'2023-04-07 17:31:39',	1,	'2023-04-07 13:31:39',	'2023-04-07 13:31:39'),
(194,	'Has the HTS provider been trained on SEIT',	'individual',	5,	'{\"tXwgn\":\"yes\",\"FCdqf\":\"no\"}',	'radio_opt',	0,	16,	'2023-04-07 17:31:39',	1,	'2023-04-07 13:31:39',	'2023-04-07 13:31:39'),
(195,	'Has the HTS provider been trained on GBV lives',	'individual',	5,	'{\"RzpJT\":\"yes\",\"NTYEy\":\"no\"}',	'radio_opt',	0,	16,	'2023-04-07 17:31:39',	1,	'2023-04-07 13:31:39',	'2023-04-07 13:31:39'),
(196,	'Has the HTS provider been trained on RS',	'individual',	5,	'{\"uGnEO\":\"yes\",\"rscvl\":\"no\"}',	'radio_opt',	0,	16,	'2023-04-07 17:31:39',	1,	'2023-04-07 13:31:39',	'2023-04-07 13:31:39'),
(197,	'Has the HTS provider been trained on Safety in HTS',	'individual',	5,	'{\"xMLJy\":\"yes\",\"ELUWI\":\"no\"}',	'radio_opt',	0,	16,	'2023-04-07 17:31:39',	1,	'2023-04-07 13:31:39',	'2023-04-07 13:31:39'),
(198,	'Has the HTS provider been trained on RTCQI',	'individual',	5,	'{\"gleKw\":\"yes\",\"SchfX\":\"no\"}',	'radio_opt',	0,	16,	'2023-04-07 17:31:39',	1,	'2023-04-07 13:31:39',	'2023-04-07 13:31:39'),
(199,	'Has the HTS provider received refresher training within the last 12 months',	'individual',	5,	'{\"akiWI\":\"yes\",\"EUelT\":\"no\"}',	'radio_opt',	0,	16,	'2023-04-07 17:31:39',	1,	'2023-04-07 13:31:39',	'2023-04-07 13:31:39'),
(200,	'Has the HTS Eligibility screener trained on HTS eligibility screening',	'individual',	5,	'{\"FsPpY\":\"yes\",\"BYshp\":\"no\"}',	'radio_opt',	0,	16,	'2023-04-07 17:31:39',	1,	'2023-04-07 13:31:39',	'2023-04-07 13:31:39'),
(201,	'Has the HTS counselor undertaken any HTS relevant trainings? ',	'individual',	3,	'{\"Ylomp\":\"yes\",\"VkdmC\":\"no\"}',	'radio_opt',	0,	16,	'2023-04-07 17:31:39',	1,	'2023-04-07 13:31:39',	'2023-04-07 13:31:39'),
(202,	'Has the HTS counselor participated in other in service trainings? ',	'individual',	3,	'{\"wfAOZ\":\"yes\",\"ZDmEp\":\"no\"}',	'radio_opt',	0,	16,	'2023-04-07 17:31:39',	1,	'2023-04-07 13:31:39',	'2023-04-07 13:31:39'),
(203,	'Have all the trainnings undertaken above updated in the facility trainning  log? ',	'individual',	3,	'{\"IiBWQ\":\"yes\",\"IyXuz\":\"no\"}',	'radio_opt',	0,	16,	'2023-04-07 17:31:39',	1,	'2023-04-07 13:31:39',	'2023-04-07 13:31:39'),
(204,	'Does the facility have a HTS related CQI project',	'facility',	3,	'{\"LlVTF\":\"yes\",\"IGzls\":\"no\"}',	'radio_opt',	0,	17,	'2023-04-07 17:33:47',	1,	'2023-04-07 13:33:47',	'2023-04-07 13:33:47'),
(205,	'Has the HTS CQI project been uploaded and monitored through the CQI dashboard',	'facility',	3,	'{\"WPkRm\":\"yes\",\"pisoW\":\"no\"}',	'radio_opt',	0,	17,	'2023-04-07 17:33:47',	1,	'2023-04-07 13:33:47',	'2023-04-07 13:33:47'),
(206,	'Does the facility have minutes for the HTS CQI project within the  reporting period  ',	'facility',	3,	'{\"GevWp\":\"yes\",\"sTUet\":\"no\"}',	'radio_opt',	0,	17,	'2023-04-07 17:33:47',	1,	'2023-04-07 13:33:47',	'2023-04-07 13:33:47'),
(207,	'Is the HTS CQI Project on  course based on the implemtaiom timeline (Review minutes and runchart)',	'facility',	3,	'{\"yMzST\":\"yes\",\"ayKQZ\":\"no\"}',	'radio_opt',	0,	17,	'2023-04-07 17:33:47',	1,	'2023-04-07 13:33:47',	'2023-04-07 13:33:47'),
(208,	'IS the CQI project monitored frequently as per the CQI plan (Check for updated run Chart)',	'facility',	3,	'{\"aWtZq\":\"yes\",\"FdfpC\":\"no\"}',	'radio_opt',	0,	17,	'2023-04-07 17:33:47',	1,	'2023-04-07 13:33:47',	'2023-04-07 13:33:47'),
(209,	'Has the CQI meetings conducted as per the QI plan and meetings documented',	'facility',	3,	'{\"ZEHGx\":\"yes\",\"eqobV\":\"no\"}',	'radio_opt',	0,	17,	'2023-04-07 17:33:47',	1,	'2023-04-07 13:33:47',	'2023-04-07 13:33:47'),
(210,	'Which services are offered in this facility?',	'facility',	5,	'{\"IQnCA\":\"ART\",\"OEJmC\":\"GBV\",\"Pmvgu\":\"MAT\",\"qJVls\":\"KP PWUD\",\"OUeGb\":\"KP C&TTB\"}',	'check_opt',	0,	18,	'2023-05-08 11:50:46',	1,	'2023-05-08 07:50:46',	'2023-05-08 07:50:46'),
(211,	'Ordering site categorization - ART',	'facility',	5,	'{\"wjOBE\":\"SATELITE\",\"RLXyx\":\"STAND ALONE\",\"qIioh\":\"CENTRAL SITE\"}',	'radio_opt',	0,	18,	'2023-05-08 11:50:46',	1,	'2023-05-08 07:50:46',	'2023-05-08 07:50:46'),
(212,	'Ordering site categorization - TB',	'facility',	5,	'{\"puAOT\":\"SATELITE\",\"hMRXp\":\"STAND ALONE\",\"FzWyD\":\"CENTRAL SITE\"}',	'radio_opt',	0,	18,	'2023-05-08 11:50:46',	1,	'2023-05-08 07:50:46',	'2023-05-08 07:50:46'),
(213,	'Classify the pharmacy department',	'facility',	5,	'{\"WKOeP\":\"INTERGRATED\",\"zKShT\":\"CCC\",\"xecaq\":\"TB\",\"ylkLG\":\"SPECIALIZED\"}',	'radio_opt',	0,	18,	'2023-05-08 11:50:46',	1,	'2023-05-08 07:50:46',	'2023-05-08 07:50:46'),
(214,	'Does the site have MOH 729B rights on KHIS?',	'facility',	2,	'{\"aWPxY\":\"YES\",\"VYvuW\":\"NO\"}',	'radio_opt',	0,	19,	'2023-05-08 11:55:56',	1,	'2023-05-08 07:55:56',	'2023-05-08 07:55:56'),
(215,	'Does the site have MOH 730B rights on KHIS?',	'facility',	2,	'{\"KERHs\":\"YES\",\"byvZV\":\"NO\"}',	'radio_opt',	0,	19,	'2023-05-08 11:55:56',	1,	'2023-05-08 07:55:56',	'2023-05-08 07:55:56'),
(216,	'Was MOH 729B reported last month?',	'facility',	2,	'{\"ZsOai\":\"YES\",\"bhrzP\":\"NO\"}',	'radio_opt',	0,	19,	'2023-05-08 11:55:56',	1,	'2023-05-08 07:55:56',	'2023-05-08 07:55:56'),
(217,	'Was MOH 730reported last month?',	'facility',	2,	'{\"kElTN\":\"YES\",\"VkvuG\":\"NO\"}',	'radio_opt',	0,	19,	'2023-05-08 11:55:56',	1,	'2023-05-08 07:55:56',	'2023-05-08 07:55:56'),
(218,	'Is the facility incorporated on the commodity dashboard/allocation platform for ART?',	'facility',	2,	'{\"OugXM\":\"YES\",\"LkEft\":\"NO\"}',	'radio_opt',	0,	19,	'2023-05-08 11:55:56',	1,	'2023-05-08 07:55:56',	'2023-05-08 07:55:56'),
(219,	'Compare MOH 729B and MOH 731-3 for Tx Curr concordance',	'facility',	2,	'',	'textfield_s',	0,	19,	'2023-05-08 11:55:56',	1,	'2023-05-08 07:55:56',	'2023-05-08 07:55:56'),
(220,	'Compare overrall accountability accuracy of last month MOH 730B ((BB+REC)-DISP=SOH)',	'facility',	2,	'',	'textfield_s',	0,	19,	'2023-05-08 11:55:56',	1,	'2023-05-08 07:55:56',	'2023-05-08 07:55:56'),
(221,	'Does the site have TB FCDRR 2017 rights on KHIS?',	'facility',	2,	'{\"dxFWq\":\"YES\",\"HNlpE\":\"NO\"}',	'radio_opt',	0,	19,	'2023-05-08 11:55:56',	1,	'2023-05-08 07:55:56',	'2023-05-08 07:55:56'),
(222,	'Was TB FCDRR 2017 reported last month?',	'facility',	2,	'{\"DedKz\":\"YES\",\"uMEyR\":\"NO\"}',	'radio_opt',	0,	19,	'2023-05-08 11:55:56',	1,	'2023-05-08 07:55:56',	'2023-05-08 07:55:56'),
(223,	'Is the facility incorporated on the commodity dashboard/allocation platform for TB?',	'facility',	2,	'{\"wxUMy\":\"YES\",\"mDHMF\":\"NO\"}',	'radio_opt',	0,	19,	'2023-05-08 11:55:56',	1,	'2023-05-08 07:55:56',	'2023-05-08 07:55:56'),
(224,	'Does the site use inventory management tools (e.g., stock cards and S11s) to keep stock records',	'facility',	2,	'{\"CwUha\":\"YES\",\"buKdE\":\"NO\"}',	'radio_opt',	0,	19,	'2023-05-08 11:55:56',	1,	'2023-05-08 07:55:56',	'2023-05-08 07:55:56'),
(225,	'Compare the delivery notes from the central store with the stock control cards',	'facility',	2,	'',	'textfield_s',	0,	19,	'2023-05-08 11:55:56',	1,	'2023-05-08 07:55:56',	'2023-05-08 07:55:56'),
(226,	'Compare the positive and negative adjustments vouchers with stock control cards',	'facility',	2,	'',	'textfield_s',	0,	19,	'2023-05-08 11:55:56',	1,	'2023-05-08 07:55:56',	'2023-05-08 07:55:56'),
(227,	'Does the facility have a bulk store?',	'facility',	2,	'{\"FsUKp\":\"YES\",\"qNVHk\":\"NO\"}',	'radio_opt',	0,	20,	'2023-06-09 08:32:04',	1,	'2023-06-09 04:32:04',	'2023-06-09 04:32:04'),
(228,	'Is there adequate shelving to store products?',	'facility',	2,	'{\"hTEMU\":\"YES\",\"xsHjz\":\"NO\"}',	'radio_opt',	0,	20,	'2023-06-09 08:32:04',	1,	'2023-06-09 04:32:04',	'2023-06-09 04:32:04'),
(229,	'Are there enough pallets?',	'facility',	2,	'{\"krgcy\":\"YES\",\"rMwdP\":\"NO\"}',	'radio_opt',	0,	20,	'2023-06-09 08:32:04',	1,	'2023-06-09 04:32:04',	'2023-06-09 04:32:04'),
(230,	'Is there a track expiry chart?',	'facility',	2,	'{\"IqPTV\":\"YES\",\"FKqMm\":\"NO\"}',	'radio_opt',	0,	20,	'2023-06-09 08:32:04',	1,	'2023-06-09 04:32:04',	'2023-06-09 04:32:04'),
(231,	'Does the facility have a functional refrigerator?',	'facility',	2,	'{\"agqLt\":\"YES\",\"eJYrA\":\"NO\"}',	'radio_opt',	0,	20,	'2023-06-09 08:32:04',	1,	'2023-06-09 04:32:04',	'2023-06-09 04:32:04'),
(232,	'Does the bulk store have a functional room thermometer with a log?',	'facility',	2,	'{\"WLFTG\":\"YES\",\"acBZt\":\"NO\"}',	'radio_opt',	0,	20,	'2023-06-09 08:32:04',	1,	'2023-06-09 04:32:04',	'2023-06-09 04:32:04'),
(233,	'Does the facility have a functional refrigerator thermometer with a log?',	'facility',	2,	'{\"iLYaN\":\"YES\",\"NUdwD\":\"NO\"}',	'radio_opt',	0,	20,	'2023-06-09 08:32:04',	1,	'2023-06-09 04:32:04',	'2023-06-09 04:32:04'),
(234,	'Is there a file for delivery notes and vouchers?',	'facility',	2,	'{\"BGuhM\":\"YES\",\"QlsPx\":\"NO\"}',	'radio_opt',	0,	20,	'2023-06-09 08:32:04',	1,	'2023-06-09 04:32:04',	'2023-06-09 04:32:04'),
(235,	'Are stock cards updated on a transactional basis (i.e., whenever stock is sent from the storage site to another site or within the facility)',	'facility',	2,	'{\"sfmlg\":\"YES\",\"hVQvR\":\"NO\"}',	'radio_opt',	0,	20,	'2023-06-09 08:32:04',	1,	'2023-06-09 04:32:04',	'2023-06-09 04:32:04'),
(236,	'Consider the store, is it clean, free from evidence of pests or animals?',	'facility',	2,	'{\"vVgac\":\"YES\",\"nwXVv\":\"NO\"}',	'radio_opt',	0,	20,	'2023-06-09 08:32:04',	1,	'2023-06-09 04:32:04',	'2023-06-09 04:32:04'),
(237,	'Consider the store, is it well-ventilated and cool',	'facility',	2,	'{\"GLWTS\":\"YES\",\"iWVjf\":\"NO\"}',	'radio_opt',	0,	20,	'2023-06-09 08:32:04',	1,	'2023-06-09 04:32:04',	'2023-06-09 04:32:04'),
(238,	'Consider the store, is it equipped to store products on shelves/pallets/in cabinets and \nnot on the floor or crushing each other',	'facility',	2,	'{\"kOSyf\":\"YES\",\"EWpwM\":\"NO\"}',	'radio_opt',	0,	20,	'2023-06-09 08:32:04',	1,	'2023-06-09 04:32:04',	'2023-06-09 04:32:04'),
(239,	'Consider the store, is it designed to shield all products from direct sunlight',	'facility',	2,	'{\"imDOb\":\"YES\",\"SfZCz\":\"NO\"}',	'radio_opt',	0,	20,	'2023-06-09 08:32:04',	1,	'2023-06-09 04:32:04',	'2023-06-09 04:32:04'),
(240,	'Consider the store, is it  free from ceiling leaks',	'facility',	2,	'{\"uKnIO\":\"YES\",\"eEUZQ\":\"NO\"}',	'radio_opt',	0,	20,	'2023-06-09 08:32:04',	1,	'2023-06-09 04:32:04',	'2023-06-09 04:32:04'),
(241,	'Consider the store, is it able to separate expired products from usable products',	'facility',	2,	'{\"rmEpO\":\"YES\",\"mUpgc\":\"NO\"}',	'radio_opt',	0,	20,	'2023-06-09 08:32:04',	1,	'2023-06-09 04:32:04',	'2023-06-09 04:32:04'),
(242,	'Consider the store, is it a secure storage facility with a lock or the ability to lock away all \ncommodities and/or a security guard',	'facility',	2,	'{\"qAmYb\":\"YES\",\"wvqVR\":\"NO\"}',	'radio_opt',	0,	20,	'2023-06-09 08:32:04',	1,	'2023-06-09 04:32:04',	'2023-06-09 04:32:04'),
(243,	'Does the facility have a patient waiting area at the pharmacy?',	'facility',	2,	'{\"EFdMI\":\"YES\",\"znrXy\":\"NO\"}',	'radio_opt',	0,	21,	'2023-06-09 08:37:39',	1,	'2023-06-09 04:37:39',	'2023-06-09 04:37:39'),
(244,	'Are there dispensing tables/windows and chairs?',	'facility',	2,	'{\"NisoE\":\"YES\",\"UEPeK\":\"NO\"}',	'radio_opt',	0,	21,	'2023-06-09 08:37:39',	1,	'2023-06-09 04:37:39',	'2023-06-09 04:37:39'),
(245,	'Does the dispensing area allow for proper medication use counselling ensuring privacy?',	'facility',	2,	'{\"EPJzr\":\"YES\",\"jcSUg\":\"NO\"}',	'radio_opt',	0,	21,	'2023-06-09 08:37:39',	1,	'2023-06-09 04:37:39',	'2023-06-09 04:37:39'),
(246,	'Does the dispensing area have electricity?',	'facility',	2,	'{\"hwQkX\":\"YES\",\"PcsVd\":\"NO\"}',	'radio_opt',	0,	21,	'2023-06-09 08:37:39',	1,	'2023-06-09 04:37:39',	'2023-06-09 04:37:39'),
(247,	'Who does the dispensing of the medication?',	'facility',	2,	'{\"ZqaLc\":\"PHARMACIST\",\"kAaSz\":\"PHARM TECH\",\"kQKnV\":\"CLINICIAN\",\"NGuKs\":\"NURSE\",\"iyWcw\":\"PEER \"}',	'radio_opt',	0,	21,	'2023-06-09 08:37:39',	1,	'2023-06-09 04:37:39',	'2023-06-09 04:37:39'),
(248,	'What tools are used to record dispensing records? ',	'facility',	2,	'{\"XlciC\":\"DAR\",\"LClRd\":\"ADT\",\"tWOmu\":\"OTHER SOFTWARE\"}',	'check_opt',	0,	21,	'2023-06-09 08:37:39',	1,	'2023-06-09 04:37:39',	'2023-06-09 04:37:39'),
(249,	'Are there job aids on good dispensing practices available?',	'facility',	2,	'{\"HZYgP\":\"YES\",\"PeWgK\":\"NO\"}',	'radio_opt',	0,	21,	'2023-06-09 08:37:39',	1,	'2023-06-09 04:37:39',	'2023-06-09 04:37:39'),
(250,	'Are there records (or documentation) of dispensed medications AND written medication dispensing protocols?',	'facility',	2,	'{\"SiquL\":\"YES\",\"CAhIY\":\"NO\"}',	'radio_opt',	0,	21,	'2023-06-09 08:37:39',	1,	'2023-06-09 04:37:39',	'2023-06-09 04:37:39'),
(251,	'Does the dispensing area contain SOPS?',	'facility',	2,	'{\"vhHmD\":\"YES\",\"wuLDi\":\"NO\"}',	'radio_opt',	0,	21,	'2023-06-09 08:37:39',	1,	'2023-06-09 04:37:39',	'2023-06-09 04:37:39'),
(252,	'If using registers, are dispensing records legible, complete (i.e., all required information is provided) and up-to-date?',	'facility',	2,	'{\"Qhelv\":\"YES\",\"PyEpx\":\"NO\"}',	'radio_opt',	0,	21,	'2023-06-09 08:37:39',	1,	'2023-06-09 04:37:39',	'2023-06-09 04:37:39'),
(253,	'Has the staff been trained on vigilance activities?',	'facility',	2,	'{\"gjnMH\":\"YES\",\"YoLxv\":\"NO\"}',	'radio_opt',	0,	22,	'2023-06-09 08:39:22',	1,	'2023-06-09 04:39:22',	'2023-06-09 04:39:22'),
(254,	'Does the facility have PV guidelines available?',	'facility',	2,	'{\"hIWUj\":\"YES\",\"IFxQd\":\"NO\"}',	'radio_opt',	0,	22,	'2023-06-09 08:39:22',	1,	'2023-06-09 04:39:22',	'2023-06-09 04:39:22'),
(255,	'Does the facility have reporting tools?',	'facility',	2,	'{\"ITwxo\":\"YES\",\"MwvoP\":\"NO\"}',	'radio_opt',	0,	22,	'2023-06-09 08:39:22',	1,	'2023-06-09 04:39:22',	'2023-06-09 04:39:22'),
(256,	'Does the facility staff have PVERs login credentials?',	'facility',	2,	'{\"zlkVK\":\"YES\",\"MUiYX\":\"NO\"}',	'radio_opt',	0,	22,	'2023-06-09 08:39:22',	1,	'2023-06-09 04:39:22',	'2023-06-09 04:39:22'),
(257,	'Does the facility have a file on PV reports?',	'facility',	2,	'{\"xJfRh\":\"YES\",\"ztfKe\":\"NO\"}',	'radio_opt',	0,	22,	'2023-06-09 08:39:22',	1,	'2023-06-09 04:39:22',	'2023-06-09 04:39:22'),
(258,	'Is there evidence to show reporting to the IP level?',	'facility',	2,	'{\"vbiFu\":\"YES\",\"NToxm\":\"NO\"}',	'radio_opt',	0,	22,	'2023-06-09 08:39:22',	1,	'2023-06-09 04:39:22',	'2023-06-09 04:39:22'),
(259,	'Is there evidence to show reporting to the SC level?',	'facility',	2,	'{\"rWaLJ\":\"YES\",\"iUyOI\":\"NO\"}',	'radio_opt',	0,	22,	'2023-06-09 08:39:22',	1,	'2023-06-09 04:39:22',	'2023-06-09 04:39:22'),
(260,	'Is the CCC Clinic aware on how to report AEs via Kenya EMR?',	'facility',	2,	'{\"awfij\":\"YES\",\"FJStm\":\"NO\"}',	'radio_opt',	0,	22,	'2023-06-09 08:39:22',	1,	'2023-06-09 04:39:22',	'2023-06-09 04:39:22'),
(261,	'Is the TB clinic aware on how to report AEs on TIBU?',	'facility',	2,	'{\"YLsTe\":\"YES\",\"zeyDB\":\"NO\"}',	'radio_opt',	0,	22,	'2023-06-09 08:39:22',	1,	'2023-06-09 04:39:22',	'2023-06-09 04:39:22'),
(262,	'Has this facility failed to receive an ART product it ordered for and did note receive?',	'facility',	2,	'',	'textfield_s',	0,	23,	'2023-06-09 08:40:25',	1,	'2023-06-09 04:40:25',	'2023-06-09 04:40:25'),
(263,	'Has this facility failed to receive an OI product it ordered for and did note receive?',	'facility',	2,	'',	'textfield_s',	0,	23,	'2023-06-09 08:40:25',	1,	'2023-06-09 04:40:25',	'2023-06-09 04:40:25'),
(264,	'Has this facility failed to receive a TB product it ordered for and did note receive?',	'facility',	2,	'',	'textfield_s',	0,	23,	'2023-06-09 08:40:25',	1,	'2023-06-09 04:40:25',	'2023-06-09 04:40:25'),
(265,	'Is this facility currently experiencing low stocks of any HIV or TB product affecting service delivery?',	'facility',	2,	'',	'textfield_s',	0,	23,	'2023-06-09 08:40:25',	1,	'2023-06-09 04:40:25',	'2023-06-09 04:40:25'),
(266,	'Is this facility currently experiencing a stock out of any HIV or TB product affecting service delivery?',	'facility',	2,	'',	'textfield_s',	0,	23,	'2023-06-09 08:40:25',	1,	'2023-06-09 04:40:25',	'2023-06-09 04:40:25'),
(267,	'Temperature logs',	'facility',	2,	'{\"zOHBJ\":\"YES\",\"iKEtd\":\"NO\"}',	'radio_opt',	0,	24,	'2023-06-09 08:41:40',	1,	'2023-06-09 04:41:40',	'2023-06-09 04:41:40'),
(268,	'Organization chart',	'facility',	2,	'{\"RCfiB\":\"YES\",\"WxwXQ\":\"NO\"}',	'radio_opt',	0,	24,	'2023-06-09 08:41:40',	1,	'2023-06-09 04:41:40',	'2023-06-09 04:41:40'),
(269,	'Staff job descriptions',	'facility',	2,	'{\"TgqlO\":\"YES\",\"QpPBJ\":\"NO\"}',	'radio_opt',	0,	24,	'2023-06-09 08:41:40',	1,	'2023-06-09 04:41:40',	'2023-06-09 04:41:40'),
(270,	'Training logs',	'facility',	2,	'{\"zLRFj\":\"YES\",\"dJuGP\":\"NO\"}',	'radio_opt',	0,	24,	'2023-06-09 08:41:40',	1,	'2023-06-09 04:41:40',	'2023-06-09 04:41:40'),
(271,	'Orientation manual and policy',	'facility',	2,	'{\"uIJBh\":\"YES\",\"GqKhM\":\"NO\"}',	'radio_opt',	0,	24,	'2023-06-09 08:41:40',	1,	'2023-06-09 04:41:40',	'2023-06-09 04:41:40'),
(272,	'Staff performance plan and review',	'facility',	2,	'{\"HIPBD\":\"YES\",\"FKHnh\":\"NO\"}',	'radio_opt',	0,	24,	'2023-06-09 08:41:40',	1,	'2023-06-09 04:41:40',	'2023-06-09 04:41:40'),
(273,	'Stock control cards',	'facility',	2,	'{\"HpkvZ\":\"YES\",\"yiBcY\":\"NO\"}',	'radio_opt',	0,	24,	'2023-06-09 08:41:40',	1,	'2023-06-09 04:41:40',	'2023-06-09 04:41:40'),
(274,	'Delivery notes',	'facility',	2,	'{\"fPeUT\":\"YES\",\"SLibc\":\"NO\"}',	'radio_opt',	0,	24,	'2023-06-09 08:41:40',	1,	'2023-06-09 04:41:40',	'2023-06-09 04:41:40'),
(275,	'Issue and requistion booklets',	'facility',	2,	'{\"rIRtq\":\"YES\",\"SxZQe\":\"NO\"}',	'radio_opt',	0,	24,	'2023-06-09 08:41:40',	1,	'2023-06-09 04:41:40',	'2023-06-09 04:41:40'),
(276,	'Issue and requistion forms',	'facility',	2,	'{\"xpsyI\":\"YES\",\"FSxrf\":\"NO\"}',	'radio_opt',	0,	24,	'2023-06-09 08:41:40',	1,	'2023-06-09 04:41:40',	'2023-06-09 04:41:40'),
(277,	'Track expiry charts',	'facility',	2,	'{\"RzHrF\":\"YES\",\"tBgfj\":\"NO\"}',	'radio_opt',	0,	24,	'2023-06-09 08:41:40',	1,	'2023-06-09 04:41:40',	'2023-06-09 04:41:40'),
(278,	'Daily activity register - OPD',	'facility',	2,	'{\"GQsYO\":\"YES\",\"nOTcC\":\"NO\"}',	'radio_opt',	0,	24,	'2023-06-09 08:41:40',	1,	'2023-06-09 04:41:40',	'2023-06-09 04:41:40'),
(279,	'Daily activity register - MOH 367',	'facility',	2,	'{\"ciuAL\":\"YES\",\"MqrHz\":\"NO\"}',	'radio_opt',	0,	24,	'2023-06-09 08:41:40',	1,	'2023-06-09 04:41:40',	'2023-06-09 04:41:40'),
(280,	'PEP register',	'facility',	2,	'{\"udjWa\":\"YES\",\"cneTF\":\"NO\"}',	'radio_opt',	0,	24,	'2023-06-09 08:41:40',	1,	'2023-06-09 04:41:40',	'2023-06-09 04:41:40'),
(281,	'FMAPS and FCDRR',	'facility',	2,	'{\"fUMvx\":\"YES\",\"rkOKp\":\"NO\"}',	'radio_opt',	0,	24,	'2023-06-09 08:41:40',	1,	'2023-06-09 04:41:40',	'2023-06-09 04:41:40'),
(282,	'PV reporting tools (6)',	'facility',	2,	'{\"wtSJD\":\"YES\",\"MHSyD\":\"NO\"}',	'radio_opt',	0,	24,	'2023-06-09 08:41:40',	1,	'2023-06-09 04:41:40',	'2023-06-09 04:41:40'),
(283,	'SOPS',	'facility',	2,	'{\"OlDvE\":\"YES\",\"XDAQn\":\"NO\"}',	'radio_opt',	0,	24,	'2023-06-09 08:41:40',	1,	'2023-06-09 04:41:40',	'2023-06-09 04:41:40'),
(284,	'Standard treatment guidelines/ART/TB/ PV guidelines',	'facility',	2,	'{\"ovfsP\":\"YES\",\"eAuMJ\":\"NO\"}',	'radio_opt',	0,	24,	'2023-06-09 08:41:40',	1,	'2023-06-09 04:41:40',	'2023-06-09 04:41:40'),
(285,	'Dosing charts ART Peads and TB',	'facility',	2,	'{\"ZEXTB\":\"YES\",\"vdlMi\":\"NO\"}',	'radio_opt',	0,	24,	'2023-06-09 08:41:40',	1,	'2023-06-09 04:41:40',	'2023-06-09 04:41:40'),
(286,	'Does this facility have Job Aid for WHO staging adults and adolescents?',	'facility',	5,	'{\"flcag\":\"yes\",\"bsrwn\":\"no\"}',	'radio_opt',	0,	25,	'2023-06-09 10:00:35',	1,	'2023-06-09 06:00:35',	'2023-06-09 06:00:35'),
(287,	'Does this facility have Job Aid for WHO staging children?',	'facility',	5,	'{\"xACIQ\":\"yes\",\"LerVj\":\"no\"}',	'radio_opt',	0,	25,	'2023-06-09 10:00:35',	1,	'2023-06-09 06:00:35',	'2023-06-09 06:00:35'),
(288,	'Does this facility have Job Aid for referral of eligible adults and children for ART initiation?',	'facility',	5,	'{\"dzurM\":\"yes\",\"HRCpq\":\"no\"}',	'radio_opt',	0,	25,	'2023-06-09 10:00:35',	1,	'2023-06-09 06:00:35',	'2023-06-09 06:00:35'),
(289,	'Does this facility have Job Aid for ART initiation in adults?',	'facility',	5,	'{\"lrEnS\":\"yes\",\"uMwaj\":\"no\"}',	'radio_opt',	0,	25,	'2023-06-09 10:00:35',	1,	'2023-06-09 06:00:35',	'2023-06-09 06:00:35'),
(290,	'Does this facility have Job Aid for ART initiation in children (0-14 yrs)?',	'facility',	5,	'{\"oacOv\":\"yes\",\"VOMYB\":\"no\"}',	'radio_opt',	0,	25,	'2023-06-09 10:00:35',	1,	'2023-06-09 06:00:35',	'2023-06-09 06:00:35'),
(291,	'Does this facility have VL monitoring algorithm?',	'facility',	5,	'{\"sdEaA\":\"yes\",\"fURcL\":\"no\"}',	'radio_opt',	0,	25,	'2023-06-09 10:00:35',	1,	'2023-06-09 06:00:35',	'2023-06-09 06:00:35'),
(292,	'Does this facility have package of Care for PLHIV with VL > 200 copies/ml?',	'facility',	5,	'{\"PXHQb\":\"yes\",\"QdCyH\":\"no\"}',	'radio_opt',	0,	25,	'2023-06-09 10:00:35',	1,	'2023-06-09 06:00:35',	'2023-06-09 06:00:35'),
(293,	'Does this facility have Job Aid for cryptococcal Meningitis diagnosis and treatment?',	'facility',	5,	'{\"FkLcz\":\"yes\",\"KjXxi\":\"no\"}',	'radio_opt',	0,	25,	'2023-06-09 10:00:35',	1,	'2023-06-09 06:00:35',	'2023-06-09 06:00:35'),
(294,	'Does ths facility have adherence check list?',	'facility',	5,	'{\"CzSng\":\"yes\",\"AOGFc\":\"no\"}',	'radio_opt',	0,	25,	'2023-06-09 10:00:35',	1,	'2023-06-09 06:00:35',	'2023-06-09 06:00:35'),
(295,	'Does this facility have defaulter tracing algorithm?',	'facility',	5,	'{\"AwEtU\":\"yes\",\"dbZag\":\"no\"}',	'radio_opt',	0,	25,	'2023-06-09 10:00:36',	1,	'2023-06-09 06:00:36',	'2023-06-09 06:00:36'),
(296,	'Does the facility have nutrition flip chart?',	'facility',	5,	'{\"TZhtd\":\"yes\",\"fPWtQ\":\"no\"}',	'radio_opt',	0,	25,	'2023-06-09 10:00:36',	1,	'2023-06-09 06:00:36',	'2023-06-09 06:00:36'),
(297,	'Does this facility have a copy of Kenya HIV treatment guidelines 4th edition - 2011?',	'facility',	5,	'{\"QIbfX\":\"yes\",\"OaHYn\":\"no\"}',	'radio_opt',	0,	26,	'2023-06-09 10:02:33',	1,	'2023-06-09 06:02:33',	'2023-06-09 06:02:33'),
(298,	'Does the facility have a copy of Rapid Advice 2014?',	'facility',	5,	'{\"MhKnd\":\"yes\",\"WMsQF\":\"no\"}',	'radio_opt',	0,	26,	'2023-06-09 10:02:33',	1,	'2023-06-09 06:02:33',	'2023-06-09 06:02:33'),
(299,	'Does the facility have a copy OI manual?',	'facility',	5,	'{\"mqUgl\":\"yes\",\"bnNsd\":\"no\"}',	'radio_opt',	0,	26,	'2023-06-09 10:02:33',	1,	'2023-06-09 06:02:33',	'2023-06-09 06:02:33'),
(306,	' Sum the number of New clients, those suspected of treatment failure( VL>1000cp/ml) and those returning to care after a period of 3 months without ART in the last one month  [A]Frequency Monthly',	'facility',	2,	'',	'number_opt',	0,	27,	'2023-06-09 10:14:52',	1,	'2023-06-09 06:14:52',	'2023-06-09 06:14:52'),
(307,	'Of those eligible clients (Total Q1) above, how many had a CD4 count to screen for AHD?Frequency Monthly',	'facility',	2,	'',	'number_opt',	0,	27,	'2023-06-09 10:14:52',	1,	'2023-06-09 06:14:52',	'2023-06-09 06:14:52'),
(308,	'How many had a CD4 count<200copies/ml',	'facility',	2,	'',	'number_opt',	0,	27,	'2023-06-09 10:14:52',	1,	'2023-06-09 06:14:52',	'2023-06-09 06:14:52'),
(309,	'Of those with CD4 <200copies/ml in Q3 above. How many had a) GeneXpert test b) TB LAM test c) CRAG test Frequency Monthly',	'individual',	2,	'',	'number_opt',	0,	27,	'2023-06-09 10:14:52',	1,	'2023-06-09 06:14:52',	'2023-06-09 06:14:52'),
(310,	'Radomly select 20 files/Charts in Kenya EMR. Count those with complete documentation of clinical notes; Weight, Height, BMI, WHO stg, TB screening, TPT, Adherence assessment, PwP, STI screening. Generate a table of proportionate performanc of these indicators. Disaggregate performance based on clinician who saw the client and mentor on gaps Frequency quarterly',	'individual',	3,	'',	'number_opt',	0,	27,	'2023-06-09 10:14:52',	1,	'2023-06-09 06:14:52',	'2023-06-09 06:14:52'),
(311,	'Randomly pick 20-50 files depending on the siz of the facility.Number of ART files assessed [A] Frequency Monthly',	'facility',	2,	'',	'number_opt',	0,	28,	'2023-06-09 10:19:20',	1,	'2023-06-09 06:19:20',	'2023-06-09 06:19:20'),
(312,	'How many clients were elligible for VL test?Frequency Monthly',	'facility',	2,	'',	'number_opt',	0,	28,	'2023-06-09 10:19:20',	1,	'2023-06-09 06:19:20',	'2023-06-09 06:19:20'),
(313,	'How many elligible clients with VL test done? How many not done? ( Disaggregated by provider who last saw the clientFrequency Monthly',	'individual',	2,	'',	'number_opt',	0,	28,	'2023-06-09 10:19:20',	1,	'2023-06-09 06:19:20',	'2023-06-09 06:19:20'),
(314,	'Sample 20 files with VL > 200 radomly(Frequency quarterly)',	'facility',	3,	'',	'number_opt',	0,	28,	'2023-06-09 10:19:20',	1,	'2023-06-09 06:19:20',	'2023-06-09 06:19:20'),
(315,	'How many  with VL>200 copies  were provided with any EAC and  2.  a) Median  Time to First EAC  (b)  Median Time to second EAC  (c) Median time to 3rd EAC Disaggregated by Provider  Frequency quarterly',	'individual',	3,	'',	'number_opt',	0,	28,	'2023-06-09 10:19:20',	1,	'2023-06-09 06:19:20',	'2023-06-09 06:19:20'),
(316,	'Sample 50 clients  over 50 years',	'facility',	3,	'',	'number_opt',	0,	29,	'2023-06-09 10:20:58',	1,	'2023-06-09 06:20:58',	'2023-06-09 06:20:58'),
(317,	'Count of Q6 above, how many had a random blood sugar count _ ever done ',	'facility',	3,	'',	'number_opt',	0,	29,	'2023-06-09 10:20:58',	1,	'2023-06-09 06:20:58',	'2023-06-09 06:20:58'),
(318,	'Count of Q6, How many have RBS>11MMOL/ML   provided with any intervention expressed as a proportion. Mentor on the gaps',	'individual',	3,	'',	'number_opt',	0,	29,	'2023-06-09 10:20:58',	1,	'2023-06-09 06:20:58',	'2023-06-09 06:20:58'),
(319,	'Count of Q6 above, how many have blood pressure taken expressed as a proportion. Mentor on the gap.',	'individual',	3,	'',	'number_opt',	0,	29,	'2023-06-09 10:20:58',	1,	'2023-06-09 06:20:58',	'2023-06-09 06:20:58'),
(320,	'Count of Q6 above, how many have blood pressure  120/80 to 140/100 mm/ HG provided with any intervention expressed as a proportion. Mentor on gaps',	'individual',	3,	'',	'number_opt',	0,	29,	'2023-06-09 10:20:58',	1,	'2023-06-09 06:20:58',	'2023-06-09 06:20:58'),
(321,	'Count of Q6 above, how many have blood pressure >140/100 MM/HG provided with antihypertension treatment expressed as proportion. Mentor on gaps',	'individual',	3,	'',	'number_opt',	0,	29,	'2023-06-09 10:20:58',	1,	'2023-06-09 06:20:58',	'2023-06-09 06:20:58'),
(322,	'Assess facility performance in AHD screening, Viraemia management, and NCD screeningIf facility is performing  poorly is there a CQI project in the thematic area?Mentor on gaps and institute a CQI project',	'individual',	3,	'',	'number_opt',	0,	30,	'2023-06-09 10:24:54',	1,	'2023-06-09 06:24:54',	'2023-06-09 06:24:54'),
(330,	'Does this facility have the most current national HTS guidelines?',	'facility',	5,	'{\"cUiVd\":\"HTS2016\",\"GQZyk\":\"aPNS_HIVST\",\"EsPrb\":\"PrEP\",\"NrUEY\":\"GBV\"}',	'check_opt',	0,	31,	'2023-07-07 10:37:42',	1,	'2023-07-07 06:37:42',	'2023-07-07 06:37:42'),
(331,	'Does the facility have the current HTS eligibility screening algrorithms?',	'sdp',	5,	'{\"pTSEv\":\"Paediatric\",\"tmiaw\":\"Adolescent\",\"ifyUg\":\"Adult\"}',	'check_opt',	0,	31,	'2023-07-07 10:37:42',	1,	'2023-07-07 06:37:42',	'2023-07-07 06:37:42'),
(332,	'Does this facility have the most current national testing algorithm?',	'sdp',	5,	'{\"riLmO\":\"yes\",\"wLvJT\":\"no\"}',	'radio_opt',	0,	31,	'2023-07-07 10:37:42',	1,	'2023-07-07 06:37:42',	'2023-07-07 06:37:42'),
(333,	'KP implementation guidelines available',	'facility',	3,	'{\"NFjpC\":\"yes\",\"lhSft\":\"no\"}',	'radio_opt',	0,	31,	'2023-07-07 10:37:42',	1,	'2023-07-07 06:37:42',	'2023-07-07 06:37:42'),
(334,	'ART Guidelines (2022)',	'facility',	3,	'{\"YdLkn\":\"yes\",\"LxPFc\":\"no\"}',	'radio_opt',	0,	31,	'2023-07-07 10:37:42',	1,	'2023-07-07 06:37:42',	'2023-07-07 06:37:42'),
(335,	'HTS guidelines available',	'facility',	3,	'{\"BfNwt\":\"yes\",\"vBqht\":\"no\"}',	'radio_opt',	0,	31,	'2023-07-07 10:37:42',	1,	'2023-07-07 06:37:42',	'2023-07-07 06:37:42'),
(336,	'STI Guidelines (2018) available',	'facility',	3,	'{\"CmkgZ\":\"yes\",\"StBuO\":\"no\"}',	'radio_opt',	0,	31,	'2023-07-07 10:37:42',	1,	'2023-07-07 06:37:42',	'2023-07-07 06:37:42'),
(337,	'PrEP Tool Kit available',	'facility',	3,	'{\"lroQq\":\"yes\",\"GxhHX\":\"no\"}',	'radio_opt',	0,	31,	'2023-07-07 10:37:42',	1,	'2023-07-07 06:37:42',	'2023-07-07 06:37:42'),
(338,	'National GBV guidelines',	'facility',	3,	'{\"tTwjy\":\"yes\",\"zOkfE\":\"no\"}',	'radio_opt',	0,	31,	'2023-07-07 10:37:42',	1,	'2023-07-07 06:37:42',	'2023-07-07 06:37:42'),
(339,	'Viral Hepatitis guidelines',	'facility',	3,	'{\"GPfyr\":\"yes\",\"oQnaD\":\"no\"}',	'radio_opt',	0,	31,	'2023-07-07 10:37:42',	1,	'2023-07-07 06:37:42',	'2023-07-07 06:37:42'),
(340,	'Data collection and Reporting',	'facility',	3,	'{\"qoIBR\":\"yes\",\"nOjIp\":\"no\"}',	'radio_opt',	0,	32,	'2023-07-07 10:39:26',	1,	'2023-07-07 06:39:26',	'2023-07-07 06:39:26'),
(341,	'UIC allocation',	'facility',	3,	'{\"NlLnz\":\"yes\",\"OftDS\":\"no\"}',	'radio_opt',	0,	32,	'2023-07-07 10:39:26',	1,	'2023-07-07 06:39:26',	'2023-07-07 06:39:26'),
(342,	'RDQA guide',	'facility',	3,	'{\"NiRHj\":\"yes\",\"xpTkC\":\"no\"}',	'radio_opt',	0,	32,	'2023-07-07 10:39:26',	1,	'2023-07-07 06:39:26',	'2023-07-07 06:39:26'),
(343,	'M&E tool guide',	'facility',	3,	'{\"VlNWz\":\"yes\",\"aCKPH\":\"no\"}',	'radio_opt',	0,	32,	'2023-07-07 10:39:26',	1,	'2023-07-07 06:39:26',	'2023-07-07 06:39:26'),
(344,	'Filling and data storage',	'facility',	3,	'{\"JiIhO\":\"yes\",\"gXydn\":\"no\"}',	'radio_opt',	0,	32,	'2023-07-07 10:39:26',	1,	'2023-07-07 06:39:26',	'2023-07-07 06:39:26'),
(345,	'Are Data review meeting reports available and signed?',	'individual',	1,	'{\"KIbVl\":\"yes\",\"PDbGv\":\"no\"}',	'radio_opt',	0,	33,	'2023-07-07 10:41:45',	1,	'2023-07-07 06:41:45',	'2023-07-07 06:41:45'),
(346,	'Are Activity reports (Outreach)available?',	'individual',	1,	'{\"vASQV\":\"yes\",\"lTNIW\":\"no\"}',	'radio_opt',	0,	33,	'2023-07-07 10:41:45',	1,	'2023-07-07 06:41:45',	'2023-07-07 06:41:45'),
(347,	'Are Monthly reports (Data and narrative) avilable?',	'individual',	1,	'{\"Wizob\":\"yes\",\"LgrZR\":\"no\"}',	'radio_opt',	0,	33,	'2023-07-07 10:41:45',	1,	'2023-07-07 06:41:45',	'2023-07-07 06:41:45'),
(348,	'QA/QI Activities ( QI workplan, QI Run Chart, DQA Summary )? Check for gaps and interventions',	'facility',	3,	'',	'textfield_s',	0,	33,	'2023-07-07 10:41:45',	1,	'2023-07-07 06:41:45',	'2023-07-07 06:41:45'),
(349,	'Are Site Supervision Reports available?',	'facility',	3,	'{\"mUuaw\":\"yes\",\"GiLbB\":\"no\"}',	'radio_opt',	0,	33,	'2023-07-07 10:41:45',	1,	'2023-07-07 06:41:45',	'2023-07-07 06:41:45'),
(350,	'Are Staff Meeting minutes available?',	'facility',	3,	'{\"GSyqY\":\"yes\",\"fshRE\":\"no\"}',	'radio_opt',	0,	33,	'2023-07-07 10:41:45',	1,	'2023-07-07 06:41:45',	'2023-07-07 06:41:45'),
(351,	'Are Internal RDQA reports available?',	'facility',	3,	'{\"GPknD\":\"yes\",\"IgRwd\":\"no\"}',	'radio_opt',	0,	33,	'2023-07-07 10:41:45',	1,	'2023-07-07 06:41:45',	'2023-07-07 06:41:45'),
(352,	'Are there Training reports/Training Log available at the facility?',	'facility',	3,	'{\"SonCW\":\"yes\",\"tWupo\":\"no\"}',	'radio_opt',	0,	33,	'2023-07-07 10:41:45',	1,	'2023-07-07 06:41:45',	'2023-07-07 06:41:45'),
(388,	'Does the facility have Peer Educator Outreach Calendars available and correctly filled?',	'individual',	1,	'{\"ngrCi\":\"yes\",\"qVhFu\":\"no\"}',	'radio_opt',	0,	34,	'2023-07-07 11:07:18',	1,	'2023-07-07 07:07:18',	'2023-07-07 07:07:18'),
(389,	'Does the facility have an updated  Outreach Workers Summary Sheet available and correctly filled?',	'individual',	1,	'{\"bGMLY\":\"yes\",\"iUyRS\":\"no\"}',	'radio_opt',	0,	34,	'2023-07-07 11:07:18',	1,	'2023-07-07 07:07:18',	'2023-07-07 07:07:18'),
(390,	'Does the facility have Violence Reporting Forms and are they being used?',	'individual',	1,	'{\"UOlZu\":\"yes\",\"yRglx\":\"no\"}',	'radio_opt',	0,	34,	'2023-07-07 11:07:18',	1,	'2023-07-07 07:07:18',	'2023-07-07 07:07:18'),
(391,	'Does the facility have and updated Condom and lube register?',	'facility',	1,	'{\"rcOBf\":\"yes\",\"rujqc\":\"no\"}',	'radio_opt',	0,	34,	'2023-07-07 11:07:18',	1,	'2023-07-07 07:07:18',	'2023-07-07 07:07:18'),
(392,	'Are there  Contact Forms in patient files? (Sample 10 files)',	'individual',	1,	'',	'number_opt',	0,	34,	'2023-07-07 11:07:18',	1,	'2023-07-07 07:07:18',	'2023-07-07 07:07:18'),
(393,	'Is Clinic Enrolment Form in use ?(sample 10 files assess for completeness)',	'individual',	1,	'',	'number_opt',	0,	34,	'2023-07-07 11:07:18',	1,	'2023-07-07 07:07:18',	'2023-07-07 07:07:18'),
(394,	'Is Clinic Visit Form in use? (sample 10 files assess for completeness)',	'individual',	1,	'',	'number_opt',	0,	34,	'2023-07-07 11:07:18',	1,	'2023-07-07 07:07:18',	'2023-07-07 07:07:18'),
(395,	'Green card_ sample 10 files; WHO staging, BMI, PHDP, STI, TPT, DCM, VL, CD4, Appt Booking( green card and webADT concordance) ',	'individual',	1,	'',	'number_opt',	0,	34,	'2023-07-07 11:07:18',	1,	'2023-07-07 07:07:18',	'2023-07-07 07:07:18'),
(396,	'Is there evidence of AHD follow up ( CRAG and TB LAM) -abstract 5 of newly enrolled KPLHIV with CD4< 200/ WHO 3 & 4?',	'individual',	1,	'',	'number_opt',	0,	34,	'2023-07-07 11:07:18',	1,	'2023-07-07 07:07:18',	'2023-07-07 07:07:18'),
(397,	'Is STI Treatment Data Collection Form in use? ( abstract 5 files of patients treated for STI)',	'individual',	1,	'',	'number_opt',	0,	34,	'2023-07-07 11:07:18',	1,	'2023-07-07 07:07:18',	'2023-07-07 07:07:18'),
(398,	'Alcohol Abuse Screening Tool ( Chart abstraction)',	'individual',	1,	'',	'number_opt',	0,	34,	'2023-07-07 11:07:18',	1,	'2023-07-07 07:07:18',	'2023-07-07 07:07:18'),
(399,	'Patient Health Questionnaire-9 (PHQ-9) for Depression Screening (Chart Abstraction)',	'individual',	1,	'',	'number_opt',	0,	34,	'2023-07-07 11:07:18',	1,	'2023-07-07 07:07:18',	'2023-07-07 07:07:18'),
(400,	'Does the facility have HTS Lab & Linkage Register(MOH362)',	'facility',	1,	'{\"FdXfb\":\"yes\",\"Newdb\":\"no\"}',	'radio_opt',	0,	34,	'2023-07-07 11:07:18',	1,	'2023-07-07 07:07:18',	'2023-07-07 07:07:18'),
(401,	'Does the facility have HIVST Tracking Log ',	'facility',	1,	'{\"EwryZ\":\"yes\",\"UpFqQ\":\"no\"}',	'radio_opt',	0,	34,	'2023-07-07 11:07:18',	1,	'2023-07-07 07:07:18',	'2023-07-07 07:07:18'),
(402,	'Does the facility have recency Tracking Log',	'facility',	3,	'{\"JPwxs\":\"yes\",\"MDbds\":\"no\"}',	'radio_opt',	0,	34,	'2023-07-07 11:07:18',	1,	'2023-07-07 07:07:18',	'2023-07-07 07:07:18'),
(403,	'Does the faility have Partner Notification Tracking Log',	'facility',	1,	'{\"hpyiW\":\"yes\",\"MoBhC\":\"no\"}',	'radio_opt',	0,	34,	'2023-07-07 11:07:18',	1,	'2023-07-07 07:07:18',	'2023-07-07 07:07:18'),
(404,	'Does the dacility have an updated  NASCOP Enrolment PLHIV Tracker for Offsite patients',	'facility',	1,	'{\"qFPtT\":\"yes\",\"yrHWb\":\"no\"}',	'radio_opt',	0,	34,	'2023-07-07 11:07:18',	1,	'2023-07-07 07:07:18',	'2023-07-07 07:07:18'),
(405,	'Does the facility have an updated Case Management register ?',	'facility',	1,	'{\"dnkyq\":\"yes\",\"xYFNp\":\"no\"}',	'radio_opt',	0,	34,	'2023-07-07 11:07:18',	1,	'2023-07-07 07:07:18',	'2023-07-07 07:07:18'),
(406,	'Does the facility have Post Exposure Prophylaxis Register?',	'facility',	1,	'{\"vWOay\":\"yes\",\"VuisE\":\"no\"}',	'radio_opt',	0,	34,	'2023-07-07 11:07:18',	1,	'2023-07-07 07:07:18',	'2023-07-07 07:07:18'),
(407,	'Is there a filling and data storage system in place?',	'facility',	3,	'{\"sSvND\":\"yes\",\"BAWZK\":\"no\"}',	'radio_opt',	0,	34,	'2023-07-07 11:07:18',	1,	'2023-07-07 07:07:18',	'2023-07-07 07:07:18'),
(408,	'Does the facility have a PrEP DAR, that is correctly filled and used for reporting?',	'facility',	1,	'{\"OnqwH\":\"yes\",\"QRPkX\":\"no\"}',	'radio_opt',	0,	34,	'2023-07-07 11:07:18',	1,	'2023-07-07 07:07:18',	'2023-07-07 07:07:18'),
(409,	'Does the facility have a Cervical cancer screening register, that is correctly filled ?',	'facility',	1,	'{\"ZvMnu\":\"yes\",\"UTilJ\":\"no\"}',	'radio_opt',	0,	34,	'2023-07-07 11:07:18',	1,	'2023-07-07 07:07:18',	'2023-07-07 07:07:18'),
(410,	'Does the facility have Violence Reporting Forms available and in use?',	'facility',	1,	'{\"psHEX\":\"yes\",\"rYjmO\":\"no\"}',	'radio_opt',	0,	34,	'2023-07-07 11:07:18',	1,	'2023-07-07 07:07:18',	'2023-07-07 07:07:18'),
(411,	'Does the facility have Sexual Gender Based Violence(SGBV) Register MOH 365, that is correctly filled?',	'facility',	1,	'{\"jkMhP\":\"yes\",\"dtzPG\":\"no\"}',	'radio_opt',	0,	34,	'2023-07-07 11:07:18',	1,	'2023-07-07 07:07:18',	'2023-07-07 07:07:18'),
(412,	'Does the facility have Referral Register for Social-Protection Services?',	'facility',	1,	'{\"topvG\":\"yes\",\"xhWmB\":\"no\"}',	'radio_opt',	0,	34,	'2023-07-07 11:07:18',	1,	'2023-07-07 07:07:18',	'2023-07-07 07:07:18'),
(413,	'Does the facility have KP Cohort Register (MoH 269)?',	'facility',	1,	'{\"KcpdV\":\"yes\",\"tQTlN\":\"no\"}',	'radio_opt',	0,	34,	'2023-07-07 11:07:18',	1,	'2023-07-07 07:07:18',	'2023-07-07 07:07:18'),
(414,	'Does the facility have DIC Registration Book/reception register?',	'facility',	1,	'{\"mAObz\":\"yes\",\"PXbwi\":\"no\"}',	'radio_opt',	0,	34,	'2023-07-07 11:07:18',	1,	'2023-07-07 07:07:18',	'2023-07-07 07:07:18'),
(415,	'Is there a Master KP Register(Soft/Hard Copy)at the facility?',	'facility',	1,	'{\"VQMmA\":\"yes\",\"nBvpJ\":\"no\"}',	'radio_opt',	0,	34,	'2023-07-07 11:07:18',	1,	'2023-07-07 07:07:18',	'2023-07-07 07:07:18'),
(416,	'Does the facility have Treatment Preparation Register? assess completeness',	'facility',	1,	'{\"rTKhp\":\"yes\",\"RxLXv\":\"no\"}',	'radio_opt',	0,	34,	'2023-07-07 11:07:18',	1,	'2023-07-07 07:07:18',	'2023-07-07 07:07:18'),
(417,	'Does the facility have an updated ART and Cohort Register?',	'facility',	1,	'{\"heVKq\":\"yes\",\"FUjka\":\"no\"}',	'radio_opt',	0,	34,	'2023-07-07 11:07:18',	1,	'2023-07-07 07:07:18',	'2023-07-07 07:07:18'),
(418,	'Does the facility have Viral Load log ? Check for completeness',	'facility',	1,	'{\"zEHXp\":\"yes\",\"EsYOJ\":\"no\"}',	'radio_opt',	0,	34,	'2023-07-07 11:07:18',	1,	'2023-07-07 07:07:18',	'2023-07-07 07:07:18'),
(419,	'Does the facility have an updated Viremia Register ? ( Compare linelist from EMR and VL Log)',	'facility',	1,	'{\"LIdJy\":\"yes\",\"EDNMV\":\"no\"}',	'radio_opt',	0,	34,	'2023-07-07 11:07:18',	1,	'2023-07-07 07:07:18',	'2023-07-07 07:07:18'),
(420,	'Does the facility have an HIV Daily Activity Register MOH366',	'facility',	1,	'{\"GHZNp\":\"yes\",\"gjTuS\":\"no\"}',	'radio_opt',	0,	34,	'2023-07-07 11:07:18',	1,	'2023-07-07 07:07:18',	'2023-07-07 07:07:18'),
(421,	'Does the facility have a correctly filled TB Register?',	'facility',	1,	'{\"mRnYv\":\"yes\",\"wIZEO\":\"no\"}',	'radio_opt',	0,	34,	'2023-07-07 11:07:18',	1,	'2023-07-07 07:07:18',	'2023-07-07 07:07:18'),
(422,	'Does the facility have a Presumptive TB register ? Assess for completeness',	'facility',	1,	'{\"CGDBV\":\"yes\",\"RmrYZ\":\"no\"}',	'radio_opt',	0,	34,	'2023-07-07 11:07:18',	1,	'2023-07-07 07:07:18',	'2023-07-07 07:07:18'),
(423,	'Does the facility have an updated TPT Register? 3/12 outcome, 6/12 and 12/12 follow up',	'individual',	1,	'{\"hoAaO\":\"yes\",\"uoFDM\":\"no\"}',	'radio_opt',	0,	34,	'2023-07-07 11:07:18',	1,	'2023-07-07 07:07:18',	'2023-07-07 07:07:18'),
(424,	'Does the facility have PEP Register?',	'facility',	1,	'{\"hMXPG\":\"yes\",\"xyDZA\":\"no\"}',	'radio_opt',	0,	34,	'2023-07-07 11:07:18',	1,	'2023-07-07 07:07:18',	'2023-07-07 07:07:18'),
(425,	'Does the facility have SNS Register, that is correctly filled? Assess for completeness',	'facility',	1,	'{\"GIBty\":\"yes\",\"bCkZA\":\"no\"}',	'radio_opt',	0,	34,	'2023-07-07 11:07:18',	1,	'2023-07-07 07:07:18',	'2023-07-07 07:07:18'),
(426,	'Does the facility have Missed appointment register? Assess for completeness',	'facility',	1,	'{\"CwRBz\":\"yes\",\"UAHQK\":\"no\"}',	'radio_opt',	0,	34,	'2023-07-07 11:07:18',	1,	'2023-07-07 07:07:18',	'2023-07-07 07:07:18'),
(427,	'Does the facility have an STI register that is in use? Assess for completeness and referral for SNS services',	'facility',	1,	'{\"aIOZA\":\"yes\",\"QnVis\":\"no\"}',	'radio_opt',	0,	34,	'2023-07-07 11:07:18',	1,	'2023-07-07 07:07:18',	'2023-07-07 07:07:18'),
(428,	'Does the facility have Key Populations Reporting Form (MOH 731 Plus)?',	'facility',	3,	'{\"qvioT\":\"yes\",\"oHjEf\":\"no\"}',	'radio_opt',	0,	34,	'2023-07-07 11:07:18',	1,	'2023-07-07 07:07:18',	'2023-07-07 07:07:18'),
(429,	'ART regimen',	'facility',	3,	'{\"ymfBW\":\"yes\",\"vaJwS\":\"no\"}',	'radio_opt',	0,	35,	'2023-07-07 11:09:34',	1,	'2023-07-07 07:09:34',	'2023-07-07 07:09:34'),
(430,	'Cervical cancer screening',	'facility',	3,	'{\"thyCL\":\"yes\",\"zfsZc\":\"no\"}',	'radio_opt',	0,	35,	'2023-07-07 11:09:34',	1,	'2023-07-07 07:09:34',	'2023-07-07 07:09:34'),
(431,	'Handwashing techniques (near all taps)',	'facility',	3,	'{\"QzyVa\":\"yes\",\"pxhYu\":\"no\"}',	'radio_opt',	0,	35,	'2023-07-07 11:09:34',	1,	'2023-07-07 07:09:34',	'2023-07-07 07:09:34'),
(432,	'HIV clinical staging',	'facility',	3,	'{\"lfyvq\":\"yes\",\"YhiFS\":\"no\"}',	'radio_opt',	0,	35,	'2023-07-07 11:09:34',	1,	'2023-07-07 07:09:34',	'2023-07-07 07:09:34'),
(433,	'TPT',	'facility',	3,	'{\"gLEKy\":\"yes\",\"uOvaq\":\"no\"}',	'radio_opt',	0,	35,	'2023-07-07 11:09:34',	1,	'2023-07-07 07:09:34',	'2023-07-07 07:09:34'),
(434,	'Post Exposure Prophylaxis ',	'facility',	3,	'{\"uNazx\":\"yes\",\"AlHXm\":\"no\"}',	'radio_opt',	0,	35,	'2023-07-07 11:09:34',	1,	'2023-07-07 07:09:34',	'2023-07-07 07:09:34'),
(435,	'Referral',	'facility',	3,	'{\"hJYTN\":\"yes\",\"rAVfT\":\"no\"}',	'radio_opt',	0,	35,	'2023-07-07 11:09:34',	1,	'2023-07-07 07:09:34',	'2023-07-07 07:09:34'),
(436,	'TB infection control (IPC) work plan',	'facility',	3,	'{\"sjzxP\":\"yes\",\"aPYKU\":\"no\"}',	'radio_opt',	0,	35,	'2023-07-07 11:09:34',	1,	'2023-07-07 07:09:34',	'2023-07-07 07:09:34'),
(437,	'Waste management (plus waste segregation chart above all dustbins)',	'facility',	3,	'{\"rTmNe\":\"yes\",\"fPAkD\":\"no\"}',	'radio_opt',	0,	35,	'2023-07-07 11:09:34',	1,	'2023-07-07 07:09:34',	'2023-07-07 07:09:34'),
(438,	'PNS GUIDE -Safe and Ethical Index Testing',	'facility',	3,	'{\"xzFDa\":\"yes\",\"npbZg\":\"no\"}',	'radio_opt',	0,	35,	'2023-07-07 11:09:34',	1,	'2023-07-07 07:09:34',	'2023-07-07 07:09:34'),
(439,	'STI Algorithm _ 2018 (in all clinical areas)',	'facility',	3,	'{\"LmcRN\":\"yes\",\"wNofc\":\"no\"}',	'radio_opt',	0,	35,	'2023-07-07 11:09:34',	1,	'2023-07-07 07:09:34',	'2023-07-07 07:09:34'),
(440,	'Sexual Gender Based Violence Clinical Care Algorithm',	'facility',	3,	'{\"WgrJP\":\"yes\",\"aXAGI\":\"no\"}',	'radio_opt',	0,	35,	'2023-07-07 11:09:34',	1,	'2023-07-07 07:09:34',	'2023-07-07 07:09:34'),
(441,	'Sexual Gender Based Violence Pathway',	'facility',	3,	'{\"kDbKX\":\"yes\",\"jNhuL\":\"no\"}',	'radio_opt',	0,	35,	'2023-07-07 11:09:34',	1,	'2023-07-07 07:09:34',	'2023-07-07 07:09:34'),
(442,	'SOP for conducting outreach(Community Mobilzation SOP)',	'facility',	3,	'{\"XZxBM\":\"yes\",\"xIale\":\"no\"}',	'radio_opt',	0,	35,	'2023-07-07 11:09:34',	1,	'2023-07-07 07:09:34',	'2023-07-07 07:09:34'),
(443,	'Are Testing algorithms available - on the walls of HTS service delivery points',	'facility',	3,	'{\"PSiuc\":\"yes\",\"PdhyG\":\"no\"}',	'radio_opt',	0,	36,	'2023-07-07 11:11:30',	1,	'2023-07-07 07:11:30',	'2023-07-07 07:11:30'),
(444,	'Have all HTS providers undertaken the proficiency testing? and are the results filed',	'facility',	3,	'{\"vMXKo\":\"\"}',	'check_opt',	0,	36,	'2023-07-07 11:11:30',	1,	'2023-07-07 07:11:30',	'2023-07-07 07:11:30'),
(445,	'Do all HTS providers have certifiation and are the documents filed at the facility?',	'facility',	3,	'{\"NZKWe\":\"\"}',	'check_opt',	0,	36,	'2023-07-07 11:11:30',	1,	'2023-07-07 07:11:30',	'2023-07-07 07:11:30'),
(446,	'Are the HTS registers well filled and compliant with national testing algorithm?',	'facility',	3,	'',	'textfield_s',	0,	36,	'2023-07-07 11:11:30',	1,	'2023-07-07 07:11:30',	'2023-07-07 07:11:30'),
(447,	'Are the RTKs in good supply with no shortage?',	'facility',	3,	'{\"HBNeA\":\"yes\",\"mnFoT\":\"no\"}',	'radio_opt',	0,	36,	'2023-07-07 11:11:30',	1,	'2023-07-07 07:11:30',	'2023-07-07 07:11:30'),
(448,	'Are the yellow and black bins with appropriate bin liners available in all HTS and clinical areas',	'facility',	1,	'{\"dELNj\":\"yes\",\"FDBuM\":\"no\"}',	'radio_opt',	0,	37,	'2023-07-07 11:13:08',	1,	'2023-07-07 07:13:08',	'2023-07-07 07:13:08'),
(449,	'Is there running water and soap at all clinical and HTS areas?',	'facility',	1,	'{\"Kczgo\":\"yes\",\"mZDUg\":\"no\"}',	'radio_opt',	0,	37,	'2023-07-07 11:13:08',	1,	'2023-07-07 07:13:08',	'2023-07-07 07:13:08'),
(450,	'Has the facility separated surfaces for HTS and documentation in clinical and HTS areas?',	'facility',	1,	'{\"PuMAw\":\"yes\",\"VspYq\":\"no\"}',	'radio_opt',	0,	37,	'2023-07-07 11:13:08',	1,	'2023-07-07 07:13:08',	'2023-07-07 07:13:08'),
(451,	'Does the facility have appropriate waste disposal arrangement with county and/or private institutions (documented)?',	'facility',	1,	'{\"JcLWF\":\"yes\",\"uZVSa\":\"no\"}',	'radio_opt',	0,	37,	'2023-07-07 11:13:08',	1,	'2023-07-07 07:13:08',	'2023-07-07 07:13:08'),
(452,	'Are there sharps containers in all HTS and clinical rooms?',	'facility',	1,	'{\"NKdLa\":\"yes\",\"QvOZY\":\"no\"}',	'radio_opt',	0,	37,	'2023-07-07 11:13:08',	1,	'2023-07-07 07:13:08',	'2023-07-07 07:13:08'),
(453,	'Are there appropriate lockable cabinets for clinical documents?',	'facility',	3,	'{\"WqJfd\":\"Yes\",\"LsvEk\":\"No\"}',	'radio_opt',	0,	38,	'2023-07-07 11:16:05',	1,	'2023-07-07 07:16:05',	'2023-07-07 07:16:05'),
(454,	'Does the facility have updated hot spot list, hotspot validation and micro planning reports?',	'facility',	3,	'{\"owrba\":\"yes\",\"qpXFJ\":\"no\"}',	'radio_opt',	0,	39,	'2023-07-07 11:17:07',	1,	'2023-07-07 07:17:07',	'2023-07-07 07:17:07'),
(455,	'Does the facility have size estimation on areas of coverage for both FSWs, MSM and TGs?',	'facility',	3,	'{\"tFBiy\":\"yes\",\"yJOkQ\":\"no\"}',	'radio_opt',	0,	39,	'2023-07-07 11:17:07',	1,	'2023-07-07 07:17:07',	'2023-07-07 07:17:07'),
(456,	'Does the facility have up-to-date data base with names of all peer educators, number of peers in their cohort, and their hot spots',	'facility',	3,	'{\"igQvU\":\"yes\",\"OJgct\":\"no\"}',	'radio_opt',	0,	39,	'2023-07-07 11:17:07',	1,	'2023-07-07 07:17:07',	'2023-07-07 07:17:07'),
(457,	'Have  all  clinical staff been trained on Gender & Sexual Diversity training within this financial year (check Certificate)',	'facility',	3,	'',	'number_opt',	0,	40,	'2023-07-07 11:18:03',	1,	'2023-07-07 07:18:03',	'2023-07-07 07:18:03'),
(458,	'Have  all non-clinical staff been trained on Gender & Sexual Diversity training within this financial year (check Certificate)?',	'facility',	3,	'',	'number_opt',	0,	40,	'2023-07-07 11:18:03',	1,	'2023-07-07 07:18:03',	'2023-07-07 07:18:03'),
(459,	'Have all clinical staff  completed health care workers KP Sensitivity Training this financial year?',	'facility',	3,	'',	'number_opt',	0,	40,	'2023-07-07 11:18:03',	1,	'2023-07-07 07:18:03',	'2023-07-07 07:18:03'),
(460,	'Have all non clinical staff completed health care workers KP Sensitivity Training this financial year?',	'facility',	3,	'',	'number_opt',	0,	40,	'2023-07-07 11:18:03',	1,	'2023-07-07 07:18:03',	'2023-07-07 07:18:03'),
(461,	'Have all peer educators undergone the annual peer educator refresher  training ?',	'facility',	3,	'',	'number_opt',	0,	40,	'2023-07-07 11:18:03',	1,	'2023-07-07 07:18:03',	'2023-07-07 07:18:03'),
(462,	'Are there up to date MAT SOPs in the facility?',	'facility',	5,	'{\"tNuQD\":\"yes\",\"gmxEk\":\"no\"}',	'radio_opt',	0,	41,	'2023-07-07 11:52:41',	1,	'2023-07-07 07:52:41',	'2023-07-07 07:52:41'),
(463,	'Does the facility have the most recent National Implementation Guidelines for Medically Assisted Therapy? (Rev. 2021)',	'facility',	5,	'{\"EfBSX\":\"yes\",\"byKej\":\"no\"}',	'radio_opt',	0,	41,	'2023-07-07 11:52:41',	1,	'2023-07-07 07:52:41',	'2023-07-07 07:52:41'),
(464,	'Are there MAT job aids in the facility?',	'facility',	5,	'{\"qOSGm\":\"yes\",\"JwIFj\":\"no\"}',	'radio_opt',	0,	41,	'2023-07-07 11:52:41',	1,	'2023-07-07 07:52:41',	'2023-07-07 07:52:41'),
(465,	'Does the facility have all requisite HTS job aids (refer to HTS SOP checklist)',	'facility',	5,	'{\"UzAnl\":\"yes\",\"PdaAE\":\"no\"}',	'radio_opt',	0,	41,	'2023-07-07 11:52:41',	1,	'2023-07-07 07:52:41',	'2023-07-07 07:52:41'),
(466,	'Does the facility have all requisite ARV guidelines and job aids (refer to Care and Treatment SOP checklist)',	'facility',	5,	'{\"Hnurc\":\"yes\",\"HcjXN\":\"no\"}',	'radio_opt',	0,	41,	'2023-07-07 11:52:41',	1,	'2023-07-07 07:52:41',	'2023-07-07 07:52:41'),
(467,	'Does the facility have all requisite laboratory SOPs (refer to laboratory SOP checklist)',	'facility',	5,	'{\"vMDZh\":\"yes\",\"tLzye\":\"no\"}',	'radio_opt',	0,	41,	'2023-07-07 11:52:41',	1,	'2023-07-07 07:52:41',	'2023-07-07 07:52:41'),
(468,	'Does the facility have all requisite pharmacy SOPs (refer to pharmacy SOP checklist)',	'facility',	5,	'{\"XidrG\":\"yes\",\"KvGmf\":\"no\"}',	'radio_opt',	0,	41,	'2023-07-07 11:52:41',	1,	'2023-07-07 07:52:41',	'2023-07-07 07:52:41'),
(469,	'Does the facility have mobile MAT SOPs in place',	'facility',	5,	'{\"sWGJp\":\"yes\",\"hCYUo\":\"no\"}',	'radio_opt',	0,	41,	'2023-07-07 11:52:41',	1,	'2023-07-07 07:52:41',	'2023-07-07 07:52:41'),
(470,	'Does the site have patient charter prominently posted on the walls?',	'facility',	5,	'{\"tMhyb\":\"yes\",\"YtxUh\":\"no\"}',	'radio_opt',	0,	41,	'2023-07-07 11:52:41',	1,	'2023-07-07 07:52:41',	'2023-07-07 07:52:41'),
(471,	'Are there up to date facility rules and regulations posted on facility walls?',	'facility',	5,	'{\"kSiZw\":\"yes\",\"AZxMp\":\"no\"}',	'radio_opt',	0,	41,	'2023-07-07 11:52:41',	1,	'2023-07-07 07:52:41',	'2023-07-07 07:52:41'),
(472,	'Observe screening of 10 clients by each security personnelle. Are they done in observance with the security SOP?',	'individual',	1,	'{\"sWjJT\":\"yes\",\"CSrJg\":\"no\"}',	'radio_opt',	0,	42,	'2023-07-07 11:54:50',	1,	'2023-07-07 07:54:50',	'2023-07-07 07:54:50'),
(473,	'Are there up to date incidence reports for the last one month',	'facility',	1,	'{\"NszSi\":\"yes\",\"hPAwR\":\"no\"}',	'radio_opt',	0,	42,	'2023-07-07 11:54:50',	1,	'2023-07-07 07:54:50',	'2023-07-07 07:54:50'),
(474,	'Is preventative monitoring of security cameras being done?',	'facility',	1,	'{\"jitPs\":\"yes\",\"mgphH\":\"no\"}',	'radio_opt',	0,	42,	'2023-07-07 11:54:50',	1,	'2023-07-07 07:54:50',	'2023-07-07 07:54:50'),
(475,	'Are talking walls correctly and completely filled based on the last reporting period?',	'facility',	2,	'{\"QJnvq\":\"yes\",\"umbWP\":\"no\"}',	'radio_opt',	0,	43,	'2023-07-07 11:56:36',	1,	'2023-07-07 07:56:36',	'2023-07-07 07:56:36'),
(476,	'Did the data officer submit national and county reports submitted by the 5th working day of the new month?',	'individual',	2,	'{\"gNxeB\":\"yes\",\"hRUFT\":\"no\"}',	'radio_opt',	0,	43,	'2023-07-07 11:56:36',	1,	'2023-07-07 07:56:36',	'2023-07-07 07:56:36'),
(477,	'Has a DQA been conducted within the last quarter?',	'facility',	3,	'{\"ceKPB\":\"yes\",\"dqiLm\":\"no\"}',	'radio_opt',	0,	43,	'2023-07-07 11:56:36',	1,	'2023-07-07 07:56:36',	'2023-07-07 07:56:36'),
(478,	'If yes, what were the findings and % score of the DQA?',	'facility',	3,	'',	'textfield_s',	0,	43,	'2023-07-07 11:56:36',	1,	'2023-07-07 07:56:36',	'2023-07-07 07:56:36'),
(479,	'Have the remedial actions from the DQA been implemented and documented?',	'individual',	1,	'',	'textfield_s',	0,	43,	'2023-07-07 11:56:36',	1,	'2023-07-07 07:56:36',	'2023-07-07 07:56:36'),
(480,	'Did the data officer conduct a data review meeting for the last reporting period?',	'individual',	2,	'{\"sXSHN\":\"yes\",\"pSuhB\":\"no\"}',	'radio_opt',	0,	43,	'2023-07-07 11:56:36',	1,	'2023-07-07 07:56:36',	'2023-07-07 07:56:36'),
(481,	'Are there up to date minutes for data review minutes for the financial year to date? (Oct-Sept)',	'facility',	2,	'{\"ZKNBd\":\"yes\",\"OSDJT\":\"no\"}',	'radio_opt',	0,	43,	'2023-07-07 11:56:36',	1,	'2023-07-07 07:56:36',	'2023-07-07 07:56:36'),
(482,	'Have findings from the data rveiew meeting been implemented and documented?',	'facility',	1,	'',	'textfield_s',	0,	43,	'2023-07-07 11:56:36',	1,	'2023-07-07 07:56:36',	'2023-07-07 07:56:36'),
(483,	'How many of the clients enrolled/re-inducted in the reporting period have clinical intake form filled? Look for complete documentation)',	'facility',	1,	'',	'number_opt',	0,	44,	'2023-07-07 11:57:43',	1,	'2023-07-07 07:57:43',	'2023-07-07 07:57:43'),
(484,	'What proportion of who made the last clinical visit were triaged before clinical review? Review 10 charts to verify',	'facility',	1,	'',	'number_opt',	0,	44,	'2023-07-07 11:57:43',	1,	'2023-07-07 07:57:43',	'2023-07-07 07:57:43'),
(485,	'What proportion of who made the last clinical visit were screened for TB? Review 10 charts to verify',	'sdp',	1,	'',	'number_opt',	0,	44,	'2023-07-07 11:57:43',	1,	'2023-07-07 07:57:43',	'2023-07-07 07:57:43'),
(486,	'Are all presumptives documented in the presumptive TB register? ',	'sdp',	1,	'{\"syNSC\":\"yes\",\"VFLPx\":\"no\"}',	'radio_opt',	0,	44,	'2023-07-07 11:57:43',	1,	'2023-07-07 07:57:43',	'2023-07-07 07:57:43'),
(487,	'Of the clients positive for TB what proportion are captured in the TB register? Review 10 charts for those tested positive for TB',	'sdp',	1,	'',	'number_opt',	0,	44,	'2023-07-07 11:57:43',	1,	'2023-07-07 07:57:43',	'2023-07-07 07:57:43'),
(488,	'What proportion of who made the last clinical visit were screened for STI\'s? Review 10 charts to verify',	'sdp',	1,	'{\"rkoRb\":\"yes\",\"WtScu\":\"no\"}',	'radio_opt',	0,	44,	'2023-07-07 11:57:43',	1,	'2023-07-07 07:57:43',	'2023-07-07 07:57:43'),
(489,	'How many of those who tested positive have been initiated on treatment? ',	'sdp',	1,	'',	'number_opt',	0,	44,	'2023-07-07 11:57:43',	1,	'2023-07-07 07:57:43',	'2023-07-07 07:57:43'),
(490,	'Were all those who tested positive documented in the STI register? Verify on STI register',	'sdp',	1,	'',	'number_opt',	0,	44,	'2023-07-07 11:57:43',	1,	'2023-07-07 07:57:43',	'2023-07-07 07:57:43'),
(491,	'Were all newly tested HIV+ initiated for treatment? (test and start)',	'facility',	1,	'{\"UYjDn\":\"yes\",\"pAPnk\":\"no\"}',	'radio_opt',	0,	44,	'2023-07-07 11:57:43',	1,	'2023-07-07 07:57:43',	'2023-07-07 07:57:43'),
(492,	'What proportion of eligible for viral load have been bled? Review cohort register for eligible and compare with EID/VL register',	'facility',	1,	'',	'number_opt',	0,	44,	'2023-07-07 11:57:43',	1,	'2023-07-07 07:57:43',	'2023-07-07 07:57:43'),
(493,	'What proportion of eligible for viral load have documented viral load results? ',	'facility',	1,	'',	'number_opt',	0,	44,	'2023-07-07 11:57:43',	1,	'2023-07-07 07:57:43',	'2023-07-07 07:57:43'),
(494,	'How many clients with VL>200 copies  received timely EACs? ',	'facility',	1,	'',	'number_opt',	0,	44,	'2023-07-07 11:57:43',	1,	'2023-07-07 07:57:43',	'2023-07-07 07:57:43'),
(495,	'Do all chart files have a documented methadone dose?',	'facility',	1,	'',	'number_opt',	0,	44,	'2023-07-07 11:57:43',	1,	'2023-07-07 07:57:43',	'2023-07-07 07:57:43'),
(496,	'Was a mortality audit conducted for clients who died within the rerporting period?',	'facility',	1,	'',	'number_opt',	0,	44,	'2023-07-07 11:57:43',	1,	'2023-07-07 07:57:43',	'2023-07-07 07:57:43'),
(497,	'Do all charts have a documented TCA?',	'facility',	1,	'',	'number_opt',	0,	44,	'2023-07-07 11:57:43',	1,	'2023-07-07 07:57:43',	'2023-07-07 07:57:43'),
(498,	'How many of the clients enrolled in the reporting period have psychosocial intake form filled? Look for complete documentation)',	'facility',	1,	'',	'number_opt',	0,	45,	'2023-07-07 12:01:51',	1,	'2023-07-07 08:01:51',	'2023-07-07 08:01:51'),
(499,	'For newly enrolled clients, do all files have a documented psychosocial follow-up form (form 2b) within 6 months of treatment initiation?',	'facility',	1,	'',	'number_opt',	0,	45,	'2023-07-07 12:01:51',	1,	'2023-07-07 08:01:51',	'2023-07-07 08:01:51'),
(500,	'What proportion of the active clients have had a psychosocial visit in the last 3 months?',	'facility',	1,	'',	'number_opt',	0,	45,	'2023-07-07 12:01:51',	1,	'2023-07-07 08:01:51',	'2023-07-07 08:01:51'),
(501,	'What proportion of the active clients have had a reviewed treatment plan in the last 3 months?',	'facility',	1,	'',	'number_opt',	0,	45,	'2023-07-07 12:01:51',	1,	'2023-07-07 08:01:51',	'2023-07-07 08:01:51'),
(502,	'Has defaulter tracing in respective counsellor cohorts been done for all clients lost within the reporting period? Use total IIT as the denominator to arrive at proportion traced',	'facility',	1,	'',	'number_opt',	0,	45,	'2023-07-07 12:01:51',	1,	'2023-07-07 08:01:51',	'2023-07-07 08:01:51'),
(503,	'Are there documented tracing outcomes all IIT',	'facility',	1,	'{\"pzbyx\":\"yes\",\"sLlzn\":\"no\"}',	'radio_opt',	0,	45,	'2023-07-07 12:01:51',	1,	'2023-07-07 08:01:51',	'2023-07-07 08:01:51'),
(504,	'Are all IIT documented in the care-ending and tracking form as well as the MAT tracing register? Assess for concordance',	'facility',	1,	'{\"YQUvF\":\"yes\",\"SbGRx\":\"no\"}',	'radio_opt',	0,	45,	'2023-07-07 12:01:51',	1,	'2023-07-07 08:01:51',	'2023-07-07 08:01:51'),
(505,	'Have at least 2 psychosocial group therapy sessions/support groups been conducted within month?',	'facility',	1,	'{\"FaKRL\":\"yes\",\"yRXGz\":\"no\"}',	'radio_opt',	0,	45,	'2023-07-07 12:01:51',	1,	'2023-07-07 08:01:51',	'2023-07-07 08:01:51'),
(506,	'Do all active cohorts have documented on psychosocial outcomes as per their most recent psychosocial visit? Review 10 charts per counsellor',	'individual',	1,	'{\"sfNxv\":\"\"}',	'check_opt',	0,	45,	'2023-07-07 12:01:51',	1,	'2023-07-07 08:01:51',	'2023-07-07 08:01:51'),
(507,	'Do all clients who have began cessation in cohorts have a documented assessment for eligibility of cessation?',	'individual',	1,	'{\"MvzUq\":\"yes\",\"pQMtO\":\"no\"}',	'radio_opt',	0,	45,	'2023-07-07 12:01:51',	1,	'2023-07-07 08:01:51',	'2023-07-07 08:01:51'),
(508,	'Do all active clients have a documented TCA for their next session?',	'facility',	1,	'',	'number_opt',	0,	45,	'2023-07-07 12:01:51',	1,	'2023-07-07 08:01:51',	'2023-07-07 08:01:51'),
(509,	'Of the clients with a documented TCA, what is the missed appointment rate?',	'facility',	1,	'',	'number_opt',	0,	45,	'2023-07-07 12:01:51',	1,	'2023-07-07 08:01:51',	'2023-07-07 08:01:51'),
(510,	'Are talking walls on laboratory services up to date?',	'facility',	1,	'{\"PhQNG\":\"yes\",\"iqHsK\":\"no\"}',	'radio_opt',	0,	46,	'2023-07-07 12:19:47',	1,	'2023-07-07 08:19:47',	'2023-07-07 08:19:47'),
(511,	'Did everyone inducted/re-inducted within the reporting period receivee all requisite baseline tests (urine drug screen, VDRL, Hepatitis B and C screening)? Use inducted/re-inducted as the denominator',	'facility',	1,	'',	'textfield_s',	0,	46,	'2023-07-07 12:19:47',	1,	'2023-07-07 08:19:47',	'2023-07-07 08:19:47'),
(512,	'What proportion of eligible for urine drug screening have had a toxicology done?',	'facility',	1,	'',	'number_opt',	0,	46,	'2023-07-07 12:19:47',	1,	'2023-07-07 08:19:47',	'2023-07-07 08:19:47'),
(513,	'Have all laboratory tests done in the reporting period been documented in the laboratory register?',	'individual',	1,	'{\"tLmVe\":\"\"}',	'check_opt',	0,	46,	'2023-07-07 12:19:47',	1,	'2023-07-07 08:19:47',	'2023-07-07 08:19:47'),
(514,	'What is the concordance between the laboratory register and IQCare?',	'facility',	1,	'',	'number_opt',	0,	46,	'2023-07-07 12:19:47',	1,	'2023-07-07 08:19:47',	'2023-07-07 08:19:47'),
(515,	'Have all presumptives been investigated as per the national algorithms? Use denominator from presumptive TB register',	'facility',	1,	'',	'number_opt',	0,	46,	'2023-07-07 12:19:47',	1,	'2023-07-07 08:19:47',	'2023-07-07 08:19:47'),
(516,	'Does the store meet ideal conditions? Lockable? Ventilated? Temperature monitored? Job Aids? Pallets? Free from dust and rodents?',	'facility',	3,	'',	'textfield_s',	0,	47,	'2023-07-07 12:21:43',	1,	'2023-07-07 08:21:43',	'2023-07-07 08:21:43'),
(517,	'Did the pharmacy team conduct active surveillance for adverse drug reactions?',	'individual',	1,	'{\"RYJdl\":\"yes\",\"NGlpz\":\"no\"}',	'radio_opt',	0,	47,	'2023-07-07 12:21:43',	1,	'2023-07-07 08:21:43',	'2023-07-07 08:21:43'),
(518,	'Are bin cards up to date?',	'facility',	1,	'{\"Ochjo\":\"yes\",\"fZbAG\":\"no\"}',	'radio_opt',	0,	47,	'2023-07-07 12:21:43',	1,	'2023-07-07 08:21:43',	'2023-07-07 08:21:43'),
(519,	'Does the physical stock tally with the methameasure stock?',	'facility',	1,	'{\"uCFVZ\":\"yes\",\"qVcZQ\":\"no\"}',	'radio_opt',	0,	47,	'2023-07-07 12:21:43',	1,	'2023-07-07 08:21:43',	'2023-07-07 08:21:43'),
(520,	'In the last 3 months, have there been any commodities in low or completely stocked out?',	'facility',	3,	'',	'textfield_s',	0,	47,	'2023-07-07 12:21:43',	1,	'2023-07-07 08:21:43',	'2023-07-07 08:21:43'),
(521,	'Were any adverse drug reactions reported in a timely manner using the national reporting template?',	'facility',	3,	'{\"qepcY\":\"yes\",\"YTprV\":\"no\"}',	'radio_opt',	0,	47,	'2023-07-07 12:21:43',	1,	'2023-07-07 08:21:43',	'2023-07-07 08:21:43'),
(522,	'Did the pharmacy personelle submit national and county reports submitted by the 5th working day of the new month?',	'individual',	2,	'{\"psLYd\":\"yes\",\"vyCrn\":\"no\"}',	'radio_opt',	0,	47,	'2023-07-07 12:21:43',	1,	'2023-07-07 08:21:43',	'2023-07-07 08:21:43'),
(524,	'Did the healthcare provider screen all eligible clients have been screened for risk prior to testing? (Indicate numerator and denominator in response)',	'individual',	1,	'',	'textfield_s',	0,	48,	'2023-07-07 12:26:09',	1,	'2023-07-07 08:26:09',	'2023-07-07 08:26:09'),
(525,	'What proportion of those at risk were tested as per the national MAT guidelines (Indicate numerator, denominator and percentage score in response)',	'facility',	1,	'',	'textfield_s',	0,	48,	'2023-07-07 12:26:09',	1,	'2023-07-07 08:26:09',	'2023-07-07 08:26:09'),
(526,	'Are all tested documented both on IQ Care and in the HTS Register/e-HTS? Document concordance as a percentage',	'facility',	1,	'',	'number_opt',	0,	48,	'2023-07-07 12:26:09',	1,	'2023-07-07 08:26:09',	'2023-07-07 08:26:09'),
(527,	'What proportion of the eligible clients reviewed for HTS were screened for PrEP eligibility based on risk?',	'individual',	1,	'',	'number_opt',	0,	48,	'2023-07-07 12:26:09',	1,	'2023-07-07 08:26:09',	'2023-07-07 08:26:09'),
(528,	'How many clients on PrEP in the reporting received follow-up testing as per the national guidelines',	'facility',	1,	'',	'textfield_s',	0,	48,	'2023-07-07 12:26:09',	1,	'2023-07-07 08:26:09',	'2023-07-07 08:26:09'),
(529,	'Have all clients who were eligible for PEP been initiated? (Indicate numerator and denominator in response)',	'facility',	3,	'',	'number_opt',	0,	48,	'2023-07-07 12:26:09',	1,	'2023-07-07 08:26:09',	'2023-07-07 08:26:09'),
(530,	'How mant clients initiated on PEP received follow-up testing after one month of completing treatment?',	'facility',	3,	'',	'number_opt',	0,	48,	'2023-07-07 12:26:09',	1,	'2023-07-07 08:26:09',	'2023-07-07 08:26:09'),
(531,	'Is daily documentation of dispensing activities being done using national MAT tool?',	'individual',	1,	'{\"SgxPQ\":\"yes\",\"QmipD\":\"no\"}',	'radio_opt',	0,	49,	'2023-07-07 12:27:53',	1,	'2023-07-07 08:27:53',	'2023-07-07 08:27:53'),
(532,	'Is there proper stock balance between dispensed and missed doses?',	'facility',	1,	'{\"KXjam\":\"yes\",\"EHMqK\":\"no\"}',	'radio_opt',	0,	49,	'2023-07-07 12:27:53',	1,	'2023-07-07 08:27:53',	'2023-07-07 08:27:53'),
(533,	'Is there daily documentation of clinical services? Review charts and compare with ',	'facility',	1,	'{\"OLVCe\":\"yes\",\"xRzZF\":\"no\"}',	'radio_opt',	0,	49,	'2023-07-07 12:27:53',	1,	'2023-07-07 08:27:53',	'2023-07-07 08:27:53'),
(534,	'Is there follow-up of clients referred back to the facility to ensure that they returned?',	'individual',	1,	'{\"pdKAG\":\"yes\",\"CMJoG\":\"no\"}',	'radio_opt',	0,	49,	'2023-07-07 12:27:53',	1,	'2023-07-07 08:27:53',	'2023-07-07 08:27:53'),
(535,	'Does this facility have Appointment Register  Version 2022  ?',	'facility',	1,	'{\"ABNne\":\"yes\",\"MFjLA\":\"no\"}',	'radio_opt',	0,	50,	'2023-07-25 06:45:51',	1,	'2023-07-25 02:45:51',	'2023-07-25 02:45:51'),
(536,	'Does the facility have Missed Appointment registers ?',	'facility',	1,	'{\"GgFQC\":\"yes\",\"glJWx\":\"no\"}',	'radio_opt',	0,	50,	'2023-07-25 06:45:51',	1,	'2023-07-25 02:45:51',	'2023-07-25 02:45:51'),
(537,	'Does the facility have Tretment preparation Register ?',	'facility',	1,	'{\"qnNHB\":\"yes\",\"wHFTY\":\"no\"}',	'radio_opt',	0,	50,	'2023-07-25 06:45:51',	1,	'2023-07-25 02:45:51',	'2023-07-25 02:45:51'),
(538,	'Does the facility have Case management register?',	'facility',	1,	'{\"LZgpI\":\"yes\",\"hbzvA\":\"no\"}',	'radio_opt',	0,	50,	'2023-07-25 06:45:51',	1,	'2023-07-25 02:45:51',	'2023-07-25 02:45:51'),
(539,	'Does the facility have Direct Observed Therapy register (DOTS)?',	'facility',	1,	'{\"pPxyt\":\"yes\",\"izOgo\":\"no\"}',	'radio_opt',	0,	50,	'2023-07-25 06:45:51',	1,	'2023-07-25 02:45:51',	'2023-07-25 02:45:51'),
(540,	'Does the facility have Priority Home Visit Register?',	'facility',	1,	'{\"OBckF\":\"yes\",\"apHiG\":\"no\"}',	'radio_opt',	0,	50,	'2023-07-25 06:45:51',	1,	'2023-07-25 02:45:51',	'2023-07-25 02:45:51'),
(541,	'Does the facility have Discordant Register?',	'facility',	1,	'{\"THakt\":\"yes\",\"Tbjlt\":\"no\"}',	'radio_opt',	0,	50,	'2023-07-25 06:45:51',	1,	'2023-07-25 02:45:51',	'2023-07-25 02:45:51'),
(542,	'Does the facility have Facility Community Linkage Register?',	'facility',	1,	'{\"FXikE\":\"yes\",\"MrtHS\":\"no\"}',	'radio_opt',	0,	50,	'2023-07-25 06:45:51',	1,	'2023-07-25 02:45:51',	'2023-07-25 02:45:51'),
(543,	'Does the facility have Community  Facility Register?',	'facility',	1,	'{\"oIFPX\":\"yes\",\"azKXh\":\"no\"}',	'radio_opt',	0,	50,	'2023-07-25 06:45:51',	1,	'2023-07-25 02:45:51',	'2023-07-25 02:45:51'),
(544,	'Does the facility have MOH 1OO?',	'facility',	1,	'{\"gilMx\":\"yes\",\"laeIR\":\"no\"}',	'radio_opt',	0,	50,	'2023-07-25 06:45:51',	1,	'2023-07-25 02:45:51',	'2023-07-25 02:45:51'),
(545,	'Does the facility have Return to care Register?',	'facility',	1,	'{\"sYzXa\":\"yes\",\"KjRIQ\":\"no\"}',	'radio_opt',	0,	50,	'2023-07-25 06:45:51',	1,	'2023-07-25 02:45:51',	'2023-07-25 02:45:51'),
(546,	'Does the facility have OTZ Register?',	'facility',	1,	'{\"beSMf\":\"yes\",\"wKpiX\":\"no\"}',	'radio_opt',	0,	50,	'2023-07-25 06:45:51',	1,	'2023-07-25 02:45:51',	'2023-07-25 02:45:51'),
(547,	'Does the facility have Phone  Tracking Log?',	'facility',	1,	'{\"MGOPr\":\"yes\",\"AeZoK\":\"no\"}',	'radio_opt',	0,	50,	'2023-07-25 06:45:51',	1,	'2023-07-25 02:45:51',	'2023-07-25 02:45:51'),
(548,	'Does the facility have a viremia register',	'facility',	1,	'{\"BQpEK\":\"yes\",\"QDgSY\":\"no\"}',	'radio_opt',	0,	50,	'2023-07-25 06:45:51',	1,	'2023-07-25 02:45:51',	'2023-07-25 02:45:51'),
(549,	'Does this facility have Appointment Management SOP?',	'facility',	1,	'{\"npajF\":\"yes\",\"UKhSt\":\"no\"}',	'radio_opt',	0,	51,	'2023-07-25 06:48:15',	1,	'2023-07-25 02:48:15',	'2023-07-25 02:48:15'),
(550,	'Does this facility have Treatment preparation SOP?',	'facility',	1,	'{\"ZVpAD\":\"yes\",\"shxuN\":\"no\"}',	'radio_opt',	0,	51,	'2023-07-25 06:48:15',	1,	'2023-07-25 02:48:15',	'2023-07-25 02:48:15'),
(551,	'Does this facility have Viremia Management SOP',	'facility',	1,	'{\"XUwmG\":\"yes\",\"RNJFd\":\"no\"}',	'radio_opt',	0,	51,	'2023-07-25 06:48:15',	1,	'2023-07-25 02:48:15',	'2023-07-25 02:48:15'),
(552,	'Does this facility have Facility Community Referral SOP?',	'facility',	1,	'{\"Tlqcd\":\"yes\",\"yTvrA\":\"no\"}',	'radio_opt',	0,	51,	'2023-07-25 06:48:15',	1,	'2023-07-25 02:48:15',	'2023-07-25 02:48:15'),
(553,	'Does this facility have Community Facility  Rerral SOP?',	'facility',	1,	'{\"OCDXm\":\"yes\",\"rmCsR\":\"no\"}',	'radio_opt',	0,	51,	'2023-07-25 06:48:15',	1,	'2023-07-25 02:48:15',	'2023-07-25 02:48:15'),
(554,	'Does the facility have  Return to Care SOP?',	'facility',	1,	'{\"agmPv\":\"yes\",\"YVaMI\":\"no\"}',	'radio_opt',	0,	51,	'2023-07-25 06:48:15',	1,	'2023-07-25 02:48:15',	'2023-07-25 02:48:15'),
(555,	'Does the facility have Disclosure SOP for pediatrics and Adolescent?',	'facility',	1,	'{\"eEFXq\":\"yes\",\"VArvs\":\"no\"}',	'radio_opt',	0,	51,	'2023-07-25 06:48:15',	1,	'2023-07-25 02:48:15',	'2023-07-25 02:48:15'),
(556,	'Does the patient have a client referral form ?(Chart abstraction 10 - 5PMTCTand 5 CCC)',	'individual',	1,	'',	'number_opt',	0,	52,	'2023-07-25 06:52:02',	1,	'2023-07-25 02:52:02',	'2023-07-25 02:52:02'),
(557,	'Has the patient been documented in the  Treatment Preparation Register?(Abstract 10 clients file)',	'individual',	1,	'',	'number_opt',	0,	52,	'2023-07-25 06:52:02',	1,	'2023-07-25 02:52:02',	'2023-07-25 02:52:02'),
(558,	'Has the patient been been allocated  a case manager?.Review all clients enrolled in the period.',	'individual',	1,	'',	'number_opt',	0,	52,	'2023-07-25 06:52:02',	1,	'2023-07-25 02:52:02',	'2023-07-25 02:52:02'),
(559,	'Has the patient been documented in casemanagement register?(Review clients enrolled in the period)',	'individual',	1,	'',	'number_opt',	0,	52,	'2023-07-25 06:52:02',	1,	'2023-07-25 02:52:02',	'2023-07-25 02:52:02'),
(560,	'Has Treatment preparation been conducted?(Chart Review 10 files)',	'individual',	1,	'',	'number_opt',	0,	52,	'2023-07-25 06:52:02',	1,	'2023-07-25 02:52:02',	'2023-07-25 02:52:02'),
(561,	'Has treatment Literacy classes been conducted?(Review clients files)',	'individual',	1,	'',	'number_opt',	0,	52,	'2023-07-25 06:52:02',	1,	'2023-07-25 02:52:02',	'2023-07-25 02:52:02'),
(562,	'Has the patient been assessed for Alcohol and substance abuse(CAGE/CRAFFT)?(Review of 10 files of clients enrolled in the period)',	'individual',	1,	'',	'number_opt',	0,	52,	'2023-07-25 06:52:02',	1,	'2023-07-25 02:52:02',	'2023-07-25 02:52:02'),
(563,	'Has the patient been assessed for Depression(PHQ9)(chart abstraction)',	'individual',	1,	'',	'number_opt',	0,	52,	'2023-07-25 06:52:02',	1,	'2023-07-25 02:52:02',	'2023-07-25 02:52:02'),
(564,	'Has the patient   locator  been documented?',	'individual',	1,	'',	'number_opt',	0,	52,	'2023-07-25 06:52:02',	1,	'2023-07-25 02:52:02',	'2023-07-25 02:52:02'),
(565,	'Has the patient  communication consent been documented?',	'individual',	1,	'',	'number_opt',	0,	52,	'2023-07-25 06:52:02',	1,	'2023-07-25 02:52:02',	'2023-07-25 02:52:02'),
(566,	'Has the Patient been assessed for ART readines?(Abstraction)',	'individual',	1,	'',	'number_opt',	0,	52,	'2023-07-25 06:52:02',	1,	'2023-07-25 02:52:02',	'2023-07-25 02:52:02'),
(567,	'Has the patient received U=U messaging?',	'individual',	1,	'',	'number_opt',	0,	52,	'2023-07-25 06:52:02',	1,	'2023-07-25 02:52:02',	'2023-07-25 02:52:02'),
(568,	'Is morisky assessment conducted at every visit?(Chart abstraction)%',	'individual',	1,	'',	'number_opt',	0,	53,	'2023-07-25 06:54:14',	1,	'2023-07-25 02:54:14',	'2023-07-25 02:54:14'),
(569,	'Is pill count done at every visit?(Chart abstraction)%',	'individual',	1,	'',	'number_opt',	0,	53,	'2023-07-25 06:54:14',	1,	'2023-07-25 02:54:14',	'2023-07-25 02:54:14'),
(570,	'Is ongoing counselling being done at every vist?(chart abstraction)%',	'individual',	1,	'',	'number_opt',	0,	53,	'2023-07-25 06:54:14',	1,	'2023-07-25 02:54:14',	'2023-07-25 02:54:14'),
(571,	'Is booster counselling being done?(chart abstraction 10 files)%',	'individual',	1,	'',	'number_opt',	0,	53,	'2023-07-25 06:54:14',	1,	'2023-07-25 02:54:14',	'2023-07-25 02:54:14'),
(572,	'Has the HEADSS assessment been done for  10-19 yrs?(Chart abstraction  10 clients files)%',	'individual',	1,	'',	'number_opt',	0,	53,	'2023-07-25 06:54:14',	1,	'2023-07-25 02:54:14',	'2023-07-25 02:54:14'),
(573,	'Has the patient been booked in the appointment Register?(pick 10 charts)',	'individual',	1,	'',	'number_opt',	0,	54,	'2023-07-25 06:57:01',	1,	'2023-07-25 02:57:01',	'2023-07-25 02:57:01'),
(574,	'Has previst calls or Reminder been conducted?(chart abstraction 10 files)',	'individual',	1,	'',	'number_opt',	0,	54,	'2023-07-25 06:57:01',	1,	'2023-07-25 02:57:01',	'2023-07-25 02:57:01'),
(575,	'Has status been documented  for clients who have misssed or honoured appointment?(pick 10 Charts)',	'individual',	1,	'',	'number_opt',	0,	54,	'2023-07-25 06:57:01',	1,	'2023-07-25 02:57:01',	'2023-07-25 02:57:01'),
(576,	'Has the patient been booked for the next appointment  appropriately',	'individual',	1,	'',	'number_opt',	0,	54,	'2023-07-25 06:57:01',	1,	'2023-07-25 02:57:01',	'2023-07-25 02:57:01'),
(577,	'Does the facility conduct  concordancy review(comparison between ADT,Kenya EMR and File?',	'facility',	1,	'{\"wviBd\":\"yes\",\"bHSLr\":\"no\"}',	'radio_opt',	0,	54,	'2023-07-25 06:57:01',	1,	'2023-07-25 02:57:01',	'2023-07-25 02:57:01'),
(578,	'Has those patient who missed appointment been booked in the missed appointment?(10 charts)',	'individual',	1,	'',	'number_opt',	0,	55,	'2023-07-25 06:58:14',	1,	'2023-07-25 02:58:14',	'2023-07-25 02:58:14'),
(579,	'Has those patient missed appointment been traced either by phone or physically?(10 charts)',	'individual',	1,	'',	'number_opt',	0,	55,	'2023-07-25 06:58:14',	1,	'2023-07-25 02:58:14',	'2023-07-25 02:58:14'),
(580,	'Has the tracing outcomes been documented?(10 charts)',	'individual',	1,	'',	'number_opt',	0,	55,	'2023-07-25 06:58:14',	1,	'2023-07-25 02:58:14',	'2023-07-25 02:58:14'),
(581,	'Has those clients missed appointment been allocated casemanagers?',	'individual',	1,	'',	'number_opt',	0,	55,	'2023-07-25 06:58:14',	1,	'2023-07-25 02:58:14',	'2023-07-25 02:58:14'),
(582,	'Has all clients with viral load >200 copies/mls documented in viremic register ?(10 charts)',	'individual',	1,	'',	'number_opt',	0,	56,	'2023-07-25 06:59:58',	1,	'2023-07-25 02:59:58',	'2023-07-25 02:59:58'),
(583,	'Has all clients indentified to have a viral load>200copies been contacted to start EAC? (10 charts)',	'individual',	1,	'',	'number_opt',	0,	56,	'2023-07-25 06:59:58',	1,	'2023-07-25 02:59:58',	'2023-07-25 02:59:58'),
(584,	'Has MDT been conducted?(10 charts)',	'individual',	1,	'',	'number_opt',	0,	56,	'2023-07-25 06:59:58',	1,	'2023-07-25 02:59:58',	'2023-07-25 02:59:58'),
(585,	'Has home visit been conducted?(10 charts)',	'individual',	1,	'',	'number_opt',	0,	56,	'2023-07-25 06:59:58',	1,	'2023-07-25 02:59:58',	'2023-07-25 02:59:58'),
(586,	'Has  EAC been  conducted ?(10 charts)',	'individual',	1,	'',	'number_opt',	0,	56,	'2023-07-25 06:59:58',	1,	'2023-07-25 02:59:58',	'2023-07-25 02:59:58'),
(587,	'For 0-19 clients have they been on DOTs Register?(10 charts)',	'individual',	1,	'',	'number_opt',	0,	56,	'2023-07-25 06:59:58',	1,	'2023-07-25 02:59:58',	'2023-07-25 02:59:58'),
(588,	'Has repeat Viral load been repeated for those who have satisfactory adherance?(10 Charts )',	'individual',	1,	'',	'number_opt',	0,	56,	'2023-07-25 06:59:58',	1,	'2023-07-25 02:59:58',	'2023-07-25 02:59:58'),
(589,	'Has the facility been sensitized on HIFADHI?',	'facility',	1,	'{\"rzLBd\":\"yes\",\"xZCTf\":\"no\"}',	'radio_opt',	0,	57,	'2023-07-25 07:02:39',	1,	'2023-07-25 03:02:39',	'2023-07-25 03:02:39'),
(590,	'Does  the facility have HIFADHI Casemanagement Teams?',	'facility',	1,	'',	'number_opt',	0,	57,	'2023-07-25 07:02:39',	1,	'2023-07-25 03:02:39',	'2023-07-25 03:02:39'),
(591,	'Does the CMT meet on aweekely basis?',	'individual',	1,	'{\"VcvDO\":\"yes\",\"rDRBy\":\"no\"}',	'radio_opt',	0,	57,	'2023-07-25 07:02:39',	1,	'2023-07-25 03:02:39',	'2023-07-25 03:02:39'),
(592,	'Does the facility have monthly review on HIFADHI progress?',	'facility',	1,	'{\"jQYPD\":\"yes\",\"joahu\":\"no\"}',	'radio_opt',	0,	57,	'2023-07-25 07:02:39',	1,	'2023-07-25 03:02:39',	'2023-07-25 03:02:39'),
(593,	'Are wellness calls  being conducted? (20 charts)',	'individual',	1,	'',	'number_opt',	0,	57,	'2023-07-25 07:02:39',	1,	'2023-07-25 03:02:39',	'2023-07-25 03:02:39'),
(594,	'Are consents form available in the facilityI?',	'facility',	1,	'{\"sIhwi\":\"yes\",\"PxaoK\":\"no\"}',	'radio_opt',	0,	58,	'2023-07-25 07:04:14',	1,	'2023-07-25 03:04:14',	'2023-07-25 03:04:14'),
(595,	'Among the active clients how many are have consented?(10 Charts)',	'individual',	1,	'',	'number_opt',	0,	58,	'2023-07-25 07:04:14',	1,	'2023-07-25 03:04:14',	'2023-07-25 03:04:14'),
(596,	'Among the active clients how many are in ushauri excel?(10 Charts)',	'individual',	1,	'',	'number_opt',	0,	58,	'2023-07-25 07:04:14',	1,	'2023-07-25 03:04:14',	'2023-07-25 03:04:14'),
(597,	'How many clients are receiving Ushauri Messages?(20 charts)',	'individual',	1,	'',	'number_opt',	0,	58,	'2023-07-25 07:04:14',	1,	'2023-07-25 03:04:14',	'2023-07-25 03:04:14'),
(598,	'How many viremic clients 0-19 years does the facility have? (Check the total number of 0-19years with high viral load)',	'facility',	1,	'',	'number_opt',	0,	59,	'2023-07-25 07:06:03',	1,	'2023-07-25 03:06:03',	'2023-07-25 03:06:03'),
(599,	'How many viremic clients 0-19 years have been enrolled in the app? ',	'individual',	1,	'',	'number_opt',	0,	59,	'2023-07-25 07:06:03',	1,	'2023-07-25 03:06:03',	'2023-07-25 03:06:03'),
(600,	'How many 0-19 years who are viraemic enrolled in video DOTs?(10 charts)',	'individual',	1,	'',	'number_opt',	0,	59,	'2023-07-25 07:06:03',	1,	'2023-07-25 03:06:03',	'2023-07-25 03:06:03'),
(601,	'How many 0-19 years who are viraemic enrolled in Audio  DOTs?(10 charts)',	'individual',	1,	'',	'number_opt',	0,	59,	'2023-07-25 07:06:03',	1,	'2023-07-25 03:06:03',	'2023-07-25 03:06:03'),
(603,	'Does the facility have support groups? ',	'facility',	1,	'{\"tpCDO\":\"yes\",\"OkwxB\":\"no\"}',	'radio_opt',	0,	60,	'2023-07-25 07:08:56',	1,	'2023-07-25 03:08:56',	'2023-07-25 03:08:56'),
(604,	'How many active support groups are there?',	'facility',	1,	'',	'number_opt',	0,	60,	'2023-07-25 07:08:56',	1,	'2023-07-25 03:08:56',	'2023-07-25 03:08:56'),
(605,	'Number of clients enrolled in a support group?',	'facility',	1,	'',	'number_opt',	0,	60,	'2023-07-25 07:08:56',	1,	'2023-07-25 03:08:56',	'2023-07-25 03:08:56'),
(606,	'Does the facility have minute books for supports groups?(10 support groups)',	'individual',	1,	'{\"MGTvC\":\"yes\",\"ImzNZ\":\"no\"}',	'radio_opt',	0,	60,	'2023-07-25 07:08:56',	1,	'2023-07-25 03:08:56',	'2023-07-25 03:08:56'),
(607,	'Does the facility functional CQI committe? ',	'individual',	1,	'{\"cvhZA\":\"yes\",\"CxBpl\":\"no\"}',	'radio_opt',	0,	61,	'2023-07-25 07:10:49',	1,	'2023-07-25 03:10:49',	'2023-07-25 03:10:49'),
(608,	'Does  the CQI committee meet reguraly)',	'individual',	1,	'{\"elDzS\":\"yes\",\"TwQom\":\"no\"}',	'radio_opt',	0,	61,	'2023-07-25 07:10:49',	1,	'2023-07-25 03:10:49',	'2023-07-25 03:10:49'),
(609,	'Does the CQI committee have minute books? ',	'individual',	1,	'{\"dzhwR\":\"yes\",\"RoGYc\":\"no\"}',	'radio_opt',	0,	61,	'2023-07-25 07:10:49',	1,	'2023-07-25 03:10:49',	'2023-07-25 03:10:49'),
(610,	'Does the committee have CQI project in place? (COT oriented)',	'individual',	1,	'{\"fxSgk\":\"yes\",\"VjXWl\":\"no\"}',	'radio_opt',	0,	61,	'2023-07-25 07:10:49',	1,	'2023-07-25 03:10:49',	'2023-07-25 03:10:49'),
(611,	'Is the CQI project in the CQI dashboard plattform?',	'individual',	1,	'{\"Vhfea\":\"yes\",\"UApQV\":\"no\"}',	'radio_opt',	0,	61,	'2023-07-25 07:10:49',	1,	'2023-07-25 03:10:49',	'2023-07-25 03:10:49'),
(612,	'Is the CQI project in the CQI dashboard Reviewed frequently?',	'individual',	1,	'{\"PbLiq\":\"yes\",\"qKVQT\":\"no\"}',	'radio_opt',	0,	61,	'2023-07-25 07:10:49',	1,	'2023-07-25 03:10:49',	'2023-07-25 03:10:49'),
(613,	'Is the FMATT up to date?(check on the current month , date and completeness)',	'individual',	1,	'{\"yGiOr\":\"yes\",\"Qaklq\":\"no\"}',	'radio_opt',	0,	62,	'2023-07-25 07:12:10',	1,	'2023-07-25 03:12:10',	'2023-07-25 03:12:10'),
(614,	'Is the Appointment Talking wall  up to date?(check on the previous month and complete',	'individual',	1,	'{\"KfNdB\":\"yes\",\"jQczI\":\"no\"}',	'radio_opt',	0,	62,	'2023-07-25 07:12:10',	1,	'2023-07-25 03:12:10',	'2023-07-25 03:12:10'),
(615,	'Has the adherance counsellor undergone adherance course?(Check if the adherance counsellor been trained the 2 week course training)',	'individual',	5,	'{\"wLNSa\":\"yes\",\"bOGsY\":\"no\"}',	'radio_opt',	0,	63,	'2023-07-25 07:16:08',	1,	'2023-07-25 03:16:08',	'2023-07-25 03:16:08'),
(616,	'Has the adherance counsellor undergone any other training?(check on training log)',	'individual',	1,	'{\"zqMus\":\"yes\",\"RfBeH\":\"no\"}',	'radio_opt',	0,	63,	'2023-07-25 07:16:08',	1,	'2023-07-25 03:16:08',	'2023-07-25 03:16:08'),
(617,	'Does the facility offer essential GBV care 24 hours a day OR does the facility help survivors to access alternative facilities that provide essential care during off-hours?',	'facility',	5,	'{\"ZbqVS\":\"yes\",\"mWwuQ\":\"no\"}',	'radio_opt',	0,	64,	'2024-01-09 20:54:56',	1,	'2024-01-09 17:54:56',	'2024-01-09 17:54:56'),
(618,	'Does the facility offer GBV care without requiring GBV survivors to report to the police first?',	'facility',	5,	'{\"VNGeP\":\"yes\",\"CVAhU\":\"no\"}',	'radio_opt',	0,	64,	'2024-01-09 20:54:56',	1,	'2024-01-09 17:54:56',	'2024-01-09 17:54:56'),
(619,	'Does the facility keep relevant documents?',	'sdp',	3,	'{\"byKwT\":\"PRC Forms\",\"QCNnq\":\"Referral form\",\"UqWbA\":\"SGBV register\",\"cilUY\":\"Trauma counselling follow up forms\",\"FZmIN\":\"Filled P3 form\"}',	'check_opt',	0,	64,	'2024-01-09 20:54:56',	1,	'2024-01-09 17:54:56',	'2024-01-09 17:54:56'),
(620,	'Does the facility maintain client privacy during triage/ intake process?',	'facility',	5,	'{\"StxoG\":\"yes\",\"zhVAt\":\"no\"}',	'radio_opt',	0,	64,	'2024-01-09 20:54:56',	1,	'2024-01-09 17:54:56',	'2024-01-09 17:54:56'),
(621,	'Does the facility offer GBV services at no cost to the survivors?',	'facility',	3,	'{\"nUIXe\":\"yes\",\"HdeaA\":\"no\"}',	'radio_opt',	0,	64,	'2024-01-09 20:54:56',	1,	'2024-01-09 17:54:56',	'2024-01-09 17:54:56'),
(622,	'Do you charge for GBV services?',	'facility',	3,	'{\"hOzxt\":\"yes\",\"uRfUY\":\"no\"}',	'radio_opt',	0,	64,	'2024-01-09 20:54:56',	1,	'2024-01-09 17:54:56',	'2024-01-09 17:54:56'),
(623,	'Does the service charter indicate that GBV services are free?',	'facility',	3,	'{\"brnvK\":\"yes\",\"IOygn\":\"no\"}',	'radio_opt',	0,	64,	'2024-01-09 20:54:56',	1,	'2024-01-09 17:54:56',	'2024-01-09 17:54:56'),
(624,	'Does the facility prioritize survivors who have experienced violence to ensure they receive care and support as soon as possible?',	'facility',	1,	'{\"cntJZ\":\"yes\",\"Oislf\":\"no\"}',	'radio_opt',	0,	64,	'2024-01-09 20:54:56',	1,	'2024-01-09 17:54:56',	'2024-01-09 17:54:56'),
(625,	'Does the facility ensure that all clients have equal access to care regardless of sex, gender identity, sexual orientation, marital status, age, disability, race, etc.?   (Prompt if the facility has provisions for people with disabilities, e.g. sign language interpreters and infrastructure that allows easy access to services within the facility)',	'facility',	1,	'{\"AMFyL\":\"yes\",\"mliLH\":\"no\"}',	'radio_opt',	0,	64,	'2024-01-09 20:54:56',	1,	'2024-01-09 17:54:56',	'2024-01-09 17:54:56'),
(626,	'Does the facility have a mechanism to inform stakeholders (police, community, local organizations, etc.) about the GBV services that are available at the facility, and during what hours they are provided?',	'facility',	1,	'{\"DBkKQ\":\"yes\",\"VZWFi\":\"no\"}',	'radio_opt',	0,	64,	'2024-01-09 20:54:56',	1,	'2024-01-09 17:54:56',	'2024-01-09 17:54:56'),
(627,	'Does the facility have visible service charter and IEC materials in appropriate dialects for survivors and community (e.g., posters and/or brochures on what to do in case of GBV, GBV laws and rights, and available services) in high-traffic areas (i.e., lobby, waiting areas, consultation rooms, restrooms, etc.)?',	'facility',	5,	'{\"Igxjt\":\"yes\",\"FDIZr\":\"no\"}',	'radio_opt',	0,	65,	'2024-01-09 20:56:04',	1,	'2024-01-09 17:56:04',	'2024-01-09 17:56:04'),
(628,	'Are the facilitys rooms/areas where GBV counseling and clinical services are provided private (survivor cannot be seen or heard from outside), clean and comfortable?',	'facility',	5,	'{\"zmQnD\":\"yes\",\"EqCNO\":\"no\"}',	'radio_opt',	0,	65,	'2024-01-09 20:56:04',	1,	'2024-01-09 17:56:04',	'2024-01-09 17:56:04'),
(629,	'Does the facility have written procedures/protocols/guidelines/algorithms in place for providing post-violence care services for adults, children, and adolescents?',	'facility',	5,	'{\"uWLbA\":\"yes\",\"jSylg\":\"no\"}',	'radio_opt',	0,	65,	'2024-01-09 20:56:04',	1,	'2024-01-09 17:56:04',	'2024-01-09 17:56:04'),
(630,	'Does the facility have a system in place to check on, at least a quarterly basis, whether GBV commodities, supplies, medicines, vaccines and tests are within validity/expiration dates?',	'facility',	4,	'{\"MCORv\":\"yes\",\"TezZx\":\"no\"}',	'radio_opt',	0,	65,	'2024-01-09 20:56:04',	1,	'2024-01-09 17:56:04',	'2024-01-09 17:56:04'),
(631,	'Are essential GBV supplies, commodities, vaccines, tests and equipment integrated within the facilitys essential supply chain?',	'facility',	4,	'{\"lFmMI\":\"yes\",\"jOdlk\":\"no\"}',	'radio_opt',	0,	65,	'2024-01-09 20:56:04',	1,	'2024-01-09 17:56:04',	'2024-01-09 17:56:04'),
(636,	'Does the facility have a system for active case identification based on suspicion of violence?',	'facility',	3,	'{\"dRmHM\":\"yes\",\"oHPKq\":\"no\"}',	'radio_opt',	0,	66,	'2024-01-09 20:58:53',	1,	'2024-01-09 17:58:53',	'2024-01-09 17:58:53'),
(637,	'Does the facility have a standard process to ask about GBV (e.g., job aid, algorithm, etc.)?',	'facility',	5,	'{\"WIweJ\":\"yes\",\"hlasv\":\"no\"}',	'radio_opt',	0,	66,	'2024-01-09 20:58:53',	1,	'2024-01-09 17:58:53',	'2024-01-09 17:58:53'),
(638,	'Does the facility meet the minimum requirements to conduct routine clinical enquiry about GBV?\nMinimum requirements: (1. A protocol or Standard Operating Procedure exists for providing post-GBV and VAC services/2. A questionnaire, with standard questionswhere providers can document responses, exists/3. Providers offer first-line support (LIVES)/4. Providers have received training on how to ask about GBV/5. Private setting, confidentiality ensured/6. A system for referrals or linkages to other services within the facility is in place)',	'facility',	3,	'{\"wvUqZ\":\"yes\",\"yvuWN\":\"no\"}',	'radio_opt',	0,	66,	'2024-01-09 20:58:53',	1,	'2024-01-09 17:58:53',	'2024-01-09 17:58:53'),
(639,	'Does the Provider conduct routine enquiry for GBV when assessing clients in other clinical environments as appropriate?',	'facility',	1,	'{\"ZUJCq\":\"ANC\",\"KFELo\":\"HTS\",\"CicYD\":\"FP\",\"rRhFw\":\"PMTCT\",\"dlrRU\":\"OPD\",\"mcvuU\":\"POST NATAL\",\"MCfOL\":\"SPECIAL CLINICS\",\"ciANp\":\"INPATIENT\",\"igQjr\":\"CCC\",\"JtTlQ\":\"TB\"}',	'check_opt',	0,	66,	'2024-01-09 20:58:53',	1,	'2024-01-09 17:58:53',	'2024-01-09 17:58:53'),
(640,	'Does the provider ask about GBV in an appropriate manner?\n(HCP does not ask about GBV in the presence of the person accompanying the client / How does the HCP first bring up the topic of GBV with a client /Is the HCP aware that they should not force the client to talk about her/his experience).',	'individual',	1,	'{\"mvsZr\":\"yes\",\"hAyrw\":\"no\"}',	'radio_opt',	0,	66,	'2024-01-09 20:58:53',	1,	'2024-01-09 17:58:53',	'2024-01-09 17:58:53'),
(641,	'Does the HCP ask direct questions about specific acts of violence to enquire about GBV and documents responses?\nPROMPT for examples of the questions the HCP would ask a client: Any 3 similar to below samples is satisfactory.\n(In the past 6 months have you been hit, slapped, punched, kicked or choked by your partner/ caregiver?/In the past 6 months, has anyone had sexual intercourse with you against your will?/Has anyone had any sexual contact with you that you did not want?/Has your partner ever threatened to hurt you or physically harm you in any way?/In the past 6 months, has your partner tried to control you, for instance, using financial control against your wish or forcing you to leave the house?/Does your spouse or partner or anyone else bully or insult you?/Has your spouse or partner or anyone else threatened to kill you?/Do you feel afraid of the person described above?)',	'facility',	1,	'{\"QJkgT\":\"yes\",\"guGaP\":\"no\"}',	'radio_opt',	0,	66,	'2024-01-09 20:58:53',	1,	'2024-01-09 17:58:53',	'2024-01-09 17:58:53'),
(642,	'Does the provider offer appropriate referrals to shelter or safe housing, or works with the client to identify a safe place where s/he can go (e.g. a friends home, church, etc.?) if a client is in immediate danger or if they request for shelter?',	'facility',	3,	'{\"CLlqU\":\"yes\",\"iIybE\":\"no\"}',	'radio_opt',	0,	66,	'2024-01-09 20:58:53',	1,	'2024-01-09 17:58:53',	'2024-01-09 17:58:53'),
(643,	'Does the HCP obtain written consent (or informed assent from minors / trusted caregiver), including explaining to the survivor what the medico-legal examination entails and how resulting information may be used, before medical examination or procedure?',	'individual',	1,	'{\"IfoJw\":\"yes\",\"RfYtu\":\"no\"}',	'radio_opt',	0,	67,	'2024-01-09 21:04:33',	1,	'2024-01-09 18:04:33',	'2024-01-09 18:04:33'),
(644,	'Does the HCP inform the client or guardian about required procedures, patient rights, and possible outcomes of police involvement as early in the discussion as possible?',	'individual',	3,	'{\"gcuUs\":\"yes\",\"jgBop\":\"no\"}',	'radio_opt',	0,	67,	'2024-01-09 21:04:33',	1,	'2024-01-09 18:04:33',	'2024-01-09 18:04:33'),
(645,	'Does the Provider report abuse of children to the authorities (police, social workers, children officers, Local administration) and as per National Guidelines?',	'individual',	2,	'{\"BVGbT\":\"yes\",\"UqugC\":\"no\"}',	'radio_opt',	0,	67,	'2024-01-09 21:04:33',	1,	'2024-01-09 18:04:33',	'2024-01-09 18:04:33'),
(646,	'Does the HCP manage injuries appropriately?\n(Assesses and documents vitals/provide emergency care/take detailed history/manage injuries/refer appropriately)',	'individual',	3,	'{\"mJkIL\":\"yes\",\"tMLNs\":\"no\"}',	'radio_opt',	0,	67,	'2024-01-09 21:04:33',	1,	'2024-01-09 18:04:33',	'2024-01-09 18:04:33'),
(647,	'Is the provider aware of appropriate communication techniques (Empathyc, compassion, active listening, non-verbal, using simple language,validation) to prevent further traumatization of client?',	'individual',	1,	'{\"bmBRd\":\"yes\",\"INsOL\":\"no\"}',	'radio_opt',	0,	67,	'2024-01-09 21:04:33',	1,	'2024-01-09 18:04:33',	'2024-01-09 18:04:33'),
(648,	'Does the provider respect and maintain client privacy and confidentiality during the consultation?',	'individual',	1,	'{\"RJgMV\":\"yes\",\"ubjzx\":\"no\"}',	'radio_opt',	0,	67,	'2024-01-09 21:04:33',	1,	'2024-01-09 18:04:33',	'2024-01-09 18:04:33'),
(649,	'Does the facility keep client files with identifying information about the client securely according to National Guidelines and facility protocols?',	'facility',	3,	'{\"tToij\":\"Medico-legal forms\",\"vGTLN\":\"GBV register\",\"DMWBn\":\"Forensic evidence\",\"kBhsm\":\"Other documents\"}',	'check_opt',	0,	67,	'2024-01-09 21:04:33',	1,	'2024-01-09 18:04:33',	'2024-01-09 18:04:33'),
(650,	'Does the facility have a written protocol in place to govern who can access and share client files, medico-legal forms, and forensic evidence as aligned to the national policies and guidelines and facility protocols?',	'facility',	5,	'{\"VxQmH\":\"yes\",\"meThE\":\"no\"}',	'radio_opt',	0,	67,	'2024-01-09 21:04:33',	1,	'2024-01-09 18:04:33',	'2024-01-09 18:04:33'),
(651,	'Does the provider observe respectful care to prevent further traumatization of client?   (Minimise pain during exam, pain relief, protect modesty, choice of provider sex if possible)',	'individual',	1,	'{\"wxuMr\":\"yes\",\"kijMY\":\"no\"}',	'radio_opt',	0,	67,	'2024-01-09 21:04:33',	1,	'2024-01-09 18:04:33',	'2024-01-09 18:04:33'),
(652,	'Does the HCP document findings from medical examination and treatment in clients file in a complete and detailed manner? (Assess 5)',	'individual',	3,	'{\"ZnfjD\":\"PRC forms\",\"JwfQY\":\"P3 forms\"}',	'check_opt',	0,	67,	'2024-01-09 21:04:33',	1,	'2024-01-09 18:04:33',	'2024-01-09 18:04:33'),
(653,	'For eligible female survivors of sexual violence, does the HCP offer emergency contraception (EC) at the earliest encounter according to national guidelines?',	'individual',	1,	'{\"TgCHe\":\"yes\",\"xQRNc\":\"no\"}',	'radio_opt',	0,	67,	'2024-01-09 21:04:33',	1,	'2024-01-09 18:04:33',	'2024-01-09 18:04:33'),
(654,	'Does the provider offers HIV testing services and HIV post-exposure prophylaxis as per National Guidelines?',	'individual',	3,	'{\"rAsFl\":\"yes\",\"BqSEM\":\"no\"}',	'radio_opt',	0,	67,	'2024-01-09 21:04:33',	1,	'2024-01-09 18:04:33',	'2024-01-09 18:04:33'),
(655,	'Does the facility have a job aide to guide providers as they prescribe appropriate pediatric PEP dosage according to national ART guidelines?',	'facility',	5,	'{\"vZzNt\":\"yes\",\"HhBJm\":\"no\"}',	'radio_opt',	0,	67,	'2024-01-09 21:04:33',	1,	'2024-01-09 18:04:33',	'2024-01-09 18:04:33'),
(656,	'If PEP is given, does the facility have a tracking and follow-up system in place for ensuring and documenting PEP regimen completion?',	'facility',	3,	'{\"IjGsu\":\"yes\",\"yKlZr\":\"no\"}',	'radio_opt',	0,	67,	'2024-01-09 21:04:33',	1,	'2024-01-09 18:04:33',	'2024-01-09 18:04:33'),
(657,	'Does the HCP offer screening and presumptive treatment (relevant medications and/or vaccinations) and prevention of other sexually transmitted infections?',	'individual',	3,	'{\"NvqRQ\":\"yes\",\"HQkqI\":\"no\"}',	'radio_opt',	0,	67,	'2024-01-09 21:04:33',	1,	'2024-01-09 18:04:33',	'2024-01-09 18:04:33'),
(658,	'Does the Provider offer mental health care / psychosocial support to survivors, according to National Guidelines OR does does the facility refer?',	'individual',	3,	'{\"cjCJd\":\"yes\",\"YGNKs\":\"no\"}',	'radio_opt',	0,	67,	'2024-01-09 21:04:33',	1,	'2024-01-09 18:04:33',	'2024-01-09 18:04:33'),
(659,	'Does the HCP conduct a forensic medical examination and collect and document forensic evidential material according to the National Guidelines?',	'individual',	3,	'{\"mCRqF\":\"yes\",\"TlGpX\":\"no\"}',	'radio_opt',	0,	68,	'2024-01-09 21:06:05',	1,	'2024-01-09 18:06:05',	'2024-01-09 18:06:05'),
(660,	'Has the HCP received specific training in forensics according to the National Guidelines and does the facility have a functional supportive supervision system for providers that includes hands-on post training mentorship.',	'individual',	3,	'{\"JTieG\":\"yes\",\"ezEUD\":\"no\"}',	'radio_opt',	0,	68,	'2024-01-09 21:06:05',	1,	'2024-01-09 18:06:05',	'2024-01-09 18:06:05'),
(661,	'Does the facility have an established system to maintain the chain of custody for evidence?',	'facility',	3,	'{\"lreRF\":\"yes\",\"RwkNT\":\"no\"}',	'radio_opt',	0,	68,	'2024-01-09 21:06:05',	1,	'2024-01-09 18:06:05',	'2024-01-09 18:06:05'),
(662,	'Is the provider aware of why and how to collect, preserve, store, hand over, transport, process and analyze medical samples according to National Guidelines?',	'facility',	1,	'{\"kIWDx\":\"yes\",\"hsKgP\":\"no\"}',	'radio_opt',	0,	68,	'2024-01-09 21:06:05',	1,	'2024-01-09 18:06:05',	'2024-01-09 18:06:05'),
(663,	'Does the facility have a system in place to minimize the number of people who handle the evidence to maintain the chain of custody?',	'facility',	3,	'{\"sXJWR\":\"yes\",\"yQHgF\":\"no\"}',	'radio_opt',	0,	68,	'2024-01-09 21:06:05',	1,	'2024-01-09 18:06:05',	'2024-01-09 18:06:05'),
(664,	'Does the facility have systems in place to support and build the capacity of the providers to testify in court, if called upon to do so?',	'facility',	3,	'{\"PgGQq\":\"yes\",\"YJkmT\":\"no\"}',	'radio_opt',	0,	68,	'2024-01-09 21:06:05',	1,	'2024-01-09 18:06:05',	'2024-01-09 18:06:05'),
(668,	'Does the provider inform the client about other available services and make written referrals to the following services if relevant and wanted by the client? (including community-based services):   (Police/Safe spaces (eg. emergency shelters)/Legal counsel/Long-term psychosocial support (individual counseling, interpersonal, support group, cognitive behavior therapy, etc.)/Child protection services (if necessary or when required by law)/Economic empowerment/Livelihood services/Follow-up medical care (if necessary or indicated).',	'individual',	3,	'{\"zqSvC\":\"yes\",\"pNfQd\":\"no\"}',	'radio_opt',	0,	69,	'2024-01-09 21:11:53',	1,	'2024-01-09 18:11:53',	'2024-01-09 18:11:53'),
(669,	'Does the facility have a system in place to document referral linkage(s) through confirmation with the referral facility, client, referral form?',	'facility',	3,	'{\"VGcRQ\":\"yes\",\"KDkUd\":\"no\"}',	'radio_opt',	0,	69,	'2024-01-09 21:11:53',	1,	'2024-01-09 18:11:53',	'2024-01-09 18:11:53'),
(670,	'Are the following referrals documented in a systematic manner in a logbook, case file, intake form etc.?',	'facility',	3,	'{\"NuAjG\":\"1) Longer term psycho-social support e.g. support groups\",\"ZTSWA\":\"2) Legal counsel\",\"cINEU\":\"3) Police e.g. investigations & restraining orders\",\"aljiE\":\"4) Child Protection Services e.g. emergency out of family care or reintegration into family care when possible or permanency options when reintegration not possible\",\"gwdnm\":\"5) Economic Empowerment\",\"OoECd\":\"6) Emergency shelter\"}',	'check_opt',	0,	69,	'2024-01-09 21:11:53',	1,	'2024-01-09 18:11:53',	'2024-01-09 18:11:53'),
(671,	'Does the facility have a GBV referral directory (ward, sub-county, county and national levels) that is available for on-site review?',	'facility',	3,	'{\"RElny\":\"yes\",\"TulIv\":\"no\"}',	'radio_opt',	0,	69,	'2024-01-09 21:11:53',	1,	'2024-01-09 18:11:53',	'2024-01-09 18:11:53'),
(672,	'Does the facility update the referral directory at least once per year?',	'facility',	3,	'{\"QmzGH\":\"yes\",\"qxpyb\":\"no\"}',	'radio_opt',	0,	69,	'2024-01-09 21:11:53',	1,	'2024-01-09 18:11:53',	'2024-01-09 18:11:53'),
(673,	'Does the facility have a system in place to follow up with survivors?\n(Counselling, Return dates, Calls, Use of CHVs)',	'facility',	3,	'{\"Hwcso\":\"yes\",\"CaDtT\":\"no\"}',	'radio_opt',	0,	69,	'2024-01-09 21:11:53',	1,	'2024-01-09 18:11:53',	'2024-01-09 18:11:53'),
(674,	'Does the facility have a telephone and airtime to make follow-up phone calls or text messages to clients who consent?',	'facility',	3,	'{\"JjHWa\":\"yes\",\"aLsfu\":\"no\"}',	'radio_opt',	0,	69,	'2024-01-09 21:11:53',	1,	'2024-01-09 18:11:53',	'2024-01-09 18:11:53'),
(675,	'Does the facility have a GBV focal person(s) who coordinates the clients care, treatment, follow-up and linkages with referral services?',	'facility',	3,	'{\"tMnmw\":\"yes\",\"dgDuA\":\"no\"}',	'radio_opt',	0,	69,	'2024-01-09 21:11:53',	1,	'2024-01-09 18:11:53',	'2024-01-09 18:11:53'),
(676,	'Does the facility have a Quality Improvement team that ensures continuous monitoring of GBV quality of care?',	'facility',	3,	'{\"fxDKg\":\"yes\",\"pnPjs\":\"no\"}',	'radio_opt',	0,	70,	'2024-01-09 21:13:10',	1,	'2024-01-09 18:13:10',	'2024-01-09 18:13:10'),
(677,	'Does the facility have a quality improvement plan for the continuous improvement of GBV services?',	'facility',	3,	'{\"LwaKJ\":\"yes\",\"wIZRo\":\"no\"}',	'radio_opt',	0,	70,	'2024-01-09 21:13:10',	1,	'2024-01-09 18:13:10',	'2024-01-09 18:13:10'),
(678,	'Does the facility have a feedback mechanism for clients to anonymously report their level of satisfaction or any grievances with services, including any violation of their rights (e.g. regular client satisfaction surveys, community feedback forum{including online platforms}, suggestion box, or phone helpline)?',	'facility',	3,	'{\"iHKqp\":\"yes\",\"MvUjZ\":\"no\"}',	'radio_opt',	0,	70,	'2024-01-09 21:13:10',	1,	'2024-01-09 18:13:10',	'2024-01-09 18:13:10'),
(679,	'Does the facility have mechanisms in place to support and promote selfcare for providers who experience secondary trauma as a result of providing post-violence care?',	'facility',	4,	'{\"HfRSX\":\"yes\",\"YwAaG\":\"no\"}',	'radio_opt',	0,	70,	'2024-01-09 21:13:10',	1,	'2024-01-09 18:13:10',	'2024-01-09 18:13:10'),
(680,	'Does the facility have the current version of the National Guidelines on Management of Sexual Violence in Kenya available on-site for review?',	'facility',	3,	'{\"PWTFh\":\"yes\",\"ZPavN\":\"no\"}',	'radio_opt',	0,	71,	'2024-01-09 21:14:18',	1,	'2024-01-09 18:14:18',	'2024-01-09 18:14:18'),
(681,	'Does the facility have the current version of the National Health Sector Standard Operating Procedures on Management of Sexual Violence available on-site for review?',	'facility',	3,	'{\"sYQZC\":\"yes\",\"YPXEJ\":\"no\"}',	'radio_opt',	0,	71,	'2024-01-09 21:14:18',	1,	'2024-01-09 18:14:18',	'2024-01-09 18:14:18'),
(682,	'Does the facility have the current version of the National SOPs for management of Sexual Violence against Childrenavailable on-site for review?',	'facility',	3,	'{\"ZIidp\":\"yes\",\"NlHUt\":\"no\"}',	'radio_opt',	0,	71,	'2024-01-09 21:14:18',	1,	'2024-01-09 18:14:18',	'2024-01-09 18:14:18'),
(683,	'Does the facility have the current version of the National Adolescents SRH Policy available on-site for review?',	'facility',	3,	'{\"WkVPh\":\"yes\",\"IgGiv\":\"no\"}',	'radio_opt',	0,	71,	'2024-01-09 21:14:18',	1,	'2024-01-09 18:14:18',	'2024-01-09 18:14:18'),
(684,	'Does the facility have the current version of the National Guidelines for HIV/STI programming with Key Populations available on-site for review?',	'facility',	3,	'{\"iqImu\":\"yes\",\"wyLnO\":\"no\"}',	'radio_opt',	0,	71,	'2024-01-09 21:14:18',	1,	'2024-01-09 18:14:18',	'2024-01-09 18:14:18'),
(685,	'Does the facility have the current version of the Policy for the Prevention of HIV infections among Key Populations in Kenya available on-site for review?',	'facility',	3,	'{\"hRIFA\":\"yes\",\"WJeMj\":\"no\"}',	'radio_opt',	0,	71,	'2024-01-09 21:14:18',	1,	'2024-01-09 18:14:18',	'2024-01-09 18:14:18'),
(686,	'Does the facility integrate GBV enquiry and care into other services (e.g. HIV, antenatal care, family planning counseling, etc.)?',	'sdp',	3,	'',	'number_opt',	0,	72,	'2024-01-09 21:15:23',	1,	'2024-01-09 18:15:23',	'2024-01-09 18:15:23'),
(687,	'Does the facility have a community unit (s) to raise awareness on GBV, the available services, and their right to demand quality GBV services that are available OR facility conducts outreach in the local community to raise awareness on GBV?',	'facility',	3,	'',	'number_opt',	0,	72,	'2024-01-09 21:15:23',	1,	'2024-01-09 18:15:23',	'2024-01-09 18:15:23'),
(688,	'Does the provider document information about the clients general and GBV history and the post-GBV care they received, as per National Guidelines?',	'individual',	3,	'{\"gSdyR\":\"yes\",\"HnLUP\":\"no\"}',	'radio_opt',	0,	73,	'2024-01-09 21:16:44',	1,	'2024-01-09 18:16:44',	'2024-01-09 18:16:44'),
(689,	'Does the provider fill GBV clients records (PRC Forms, GBV register, MOH 364, P3 forms and KHIS) appropriately with all relevant information?PROBE for data quality;\n(PROBE for data quality: Completeness, Accuracy, Timeliness, Correctness, Security, Consistency, Integrity)',	'individual',	3,	'{\"KAdyN\":\"yes\",\"kLAEr\":\"no\"}',	'radio_opt',	0,	73,	'2024-01-09 21:16:44',	1,	'2024-01-09 18:16:44',	'2024-01-09 18:16:44'),
(690,	'Does the facility conduct GBV data quality audits?',	'facility',	3,	'{\"RiuwJ\":\"yes\",\"thfrv\":\"no\"}',	'radio_opt',	0,	73,	'2024-01-09 21:16:44',	1,	'2024-01-09 18:16:44',	'2024-01-09 18:16:44'),
(691,	'Does the facility have a system in place to collate and analyze trends in GBV data (types of violence, sex of the client, age of the client, services utilized, etc.) and is it currently in use?',	'facility',	3,	'{\"UwGzo\":\"yes\",\"vqatO\":\"no\"}',	'radio_opt',	0,	73,	'2024-01-09 21:16:44',	1,	'2024-01-09 18:16:44',	'2024-01-09 18:16:44'),
(692,	'Is GBV data disaggregated by population (GP, KP, etc), sex, age and type of violence experienced?',	'facility',	3,	'{\"hwExA\":\"yes\",\"HqOXz\":\"no\"}',	'radio_opt',	0,	73,	'2024-01-09 21:16:44',	1,	'2024-01-09 18:16:44',	'2024-01-09 18:16:44'),
(693,	'Does GBV data include the number of survivors/perpetrators who received PEP, EC, STI management, Psychosocial support, Injury management, ;',	'facility',	3,	'{\"ksfLd\":\"yes\",\"DNkGS\":\"no\"}',	'radio_opt',	0,	73,	'2024-01-09 21:16:44',	1,	'2024-01-09 18:16:44',	'2024-01-09 18:16:44'),
(694,	'Is GBV service data linked to KHIS a central filing system, or shared Electronic Medical Records (EMR) system?',	'facility',	5,	'{\"dwtgT\":\"yes\",\"PFrJu\":\"no\"}',	'radio_opt',	0,	73,	'2024-01-09 21:16:44',	1,	'2024-01-09 18:16:44',	'2024-01-09 18:16:44'),
(695,	'Are data reports for GBV statistics available for service improvement and decision making?',	'facility',	3,	'{\"jrMXn\":\"yes\",\"haoHE\":\"no\"}',	'radio_opt',	0,	73,	'2024-01-09 21:16:44',	1,	'2024-01-09 18:16:44',	'2024-01-09 18:16:44'),
(696,	'Is this laboratory accredited to international standards? (Check accrediting agency, date accredited)',	'facility',	4,	'{\"pfjWn\":\"yes\",\"xPSIN\":\"no\"}',	'radio_opt',	0,	74,	'2024-01-12 07:11:59',	1,	'2024-01-12 04:11:59',	'2024-01-12 04:11:59'),
(697,	'Is the QMS program working towards CQI through: Personal training needs, Routine equipement maintanance, inventory system for supplies and registers?',	'facility',	3,	'{\"mQjkZ\":\"yes\",\"ZRSnV\":\"no\"}',	'radio_opt',	0,	74,	'2024-01-12 07:11:59',	1,	'2024-01-12 04:11:59',	'2024-01-12 04:11:59'),
(698,	'Is the laboratory implementing a quality management/Quality improvement plan? (Check SLMTA/SLIPTA,GLI,LQMS)',	'facility',	3,	'{\"gGbyh\":\"yes\",\"lgYGv\":\"no\"}',	'radio_opt',	0,	74,	'2024-01-12 07:11:59',	1,	'2024-01-12 04:11:59',	'2024-01-12 04:11:59'),
(699,	'Is the Laboratory enrolled in External quality control program (EQA), Internal quality control  done for HIV related tests and latest results satisfactory? ',	'facility',	3,	'{\"JEuWK\":\"yes\",\"ecgKQ\":\"no\"}',	'radio_opt',	0,	74,	'2024-01-12 07:11:59',	1,	'2024-01-12 04:11:59',	'2024-01-12 04:11:59'),
(700,	'Are there personal protective equipment available at the facility? (Check gloves, lab coats, clean water/soap, sharps container, bio hazard waste containers)',	'facility',	1,	'{\"XSuYh\":\"yes\",\"amJET\":\"no\"}',	'radio_opt',	0,	75,	'2024-01-12 07:13:02',	1,	'2024-01-12 04:13:02',	'2024-01-12 04:13:02'),
(701,	'Are there written laboratory bio safety SOPs or Manuals?',	'facility',	1,	'{\"AxyYM\":\"yes\",\"ZGNLr\":\"no\"}',	'radio_opt',	0,	75,	'2024-01-12 07:13:02',	1,	'2024-01-12 04:13:02',	'2024-01-12 04:13:02'),
(702,	'Is there documentation that all laboratory personnel receive annual bio safety training?',	'facility',	1,	'{\"FOftP\":\"yes\",\"cvnbx\":\"no\"}',	'radio_opt',	0,	75,	'2024-01-12 07:13:02',	1,	'2024-01-12 04:13:02',	'2024-01-12 04:13:02'),
(703,	'Are ALL core HIV related  tests offered at this lab have written SOPs available at point of testing?',	'facility',	1,	'{\"yzsJC\":\"yes\",\"Pygti\":\"no\"}',	'radio_opt',	0,	76,	'2024-01-12 07:16:16',	1,	'2024-01-12 04:16:16',	'2024-01-12 04:16:16'),
(704,	'Are ALL SOPs reviewed annually and updated when necessary eg change in test procedures?',	'facility',	1,	'{\"bFzJZ\":\"yes\",\"efHLv\":\"no\"}',	'radio_opt',	0,	76,	'2024-01-12 07:16:16',	1,	'2024-01-12 04:16:16',	'2024-01-12 04:16:16'),
(705,	'Within the last three months, have there been any testing interruptions?',	'facility',	1,	'{\"gSHXr\":\"yes\",\"HRgvM\":\"no\"}',	'radio_opt',	0,	77,	'2024-01-12 07:17:32',	1,	'2024-01-12 04:17:32',	'2024-01-12 04:17:32'),
(706,	'How many days did the longest testing interruption last? (Indicate the number of days)',	'facility',	1,	'',	'number_opt',	0,	77,	'2024-01-12 07:17:32',	1,	'2024-01-12 04:17:32',	'2024-01-12 04:17:32'),
(707,	'Is infectious waste segregated from common waste and correctly stored in separate, labelled colour coded waste containers?',	'facility',	1,	'{\"pRucj\":\"yes\",\"xYoKh\":\"no\"}',	'radio_opt',	0,	78,	'2024-01-12 07:19:03',	1,	'2024-01-12 04:19:03',	'2024-01-12 04:19:03'),
(708,	'Is there posted guidance or job aids describing the type of waste and the process of waste segregation within the facility?',	'facility',	1,	'{\"iyKoM\":\"yes\",\"bGkjy\":\"no\"}',	'radio_opt',	0,	78,	'2024-01-12 07:19:03',	1,	'2024-01-12 04:19:03',	'2024-01-12 04:19:03'),
(709,	'Is infectious waste securely stored outside the facility?',	'facility',	1,	'{\"BVgDv\":\"yes\",\"xAyjJ\":\"no\"}',	'radio_opt',	0,	78,	'2024-01-12 07:19:03',	1,	'2024-01-12 04:19:03',	'2024-01-12 04:19:03'),
(710,	'Are there written procedures for infectious waste management and disposal available?',	'facility',	1,	'{\"sxOwo\":\"yes\",\"RkpUc\":\"no\"}',	'radio_opt',	0,	78,	'2024-01-12 07:19:03',	1,	'2024-01-12 04:19:03',	'2024-01-12 04:19:03'),
(711,	'Are all blood units and components transfused in the facility provided by MOHs national blood transfusion service?',	'facility',	1,	'{\"lxAZX\":\"yes\",\"GlsIB\":\"no\"}',	'radio_opt',	0,	79,	'2024-01-12 07:20:07',	1,	'2024-01-12 04:20:07',	'2024-01-12 04:20:07'),
(712,	'Does the facility have temp monitored blood storage refrigerator and are the components/blood stored separately from other blood specimen and microbiology specimen/reagents?',	'facility',	1,	'{\"PwQjz\":\"yes\",\"GEZih\":\"no\"}',	'radio_opt',	0,	79,	'2024-01-12 07:20:07',	1,	'2024-01-12 04:20:07',	'2024-01-12 04:20:07'),
(713,	'Is infectious waste securely stored outside the facility?',	'facility',	1,	'{\"kRKTu\":\"yes\",\"ltIBp\":\"no\"}',	'radio_opt',	0,	79,	'2024-01-12 07:20:07',	1,	'2024-01-12 04:20:07',	'2024-01-12 04:20:07'),
(714,	'Does the facility have a  standardized blood request form?',	'facility',	1,	'{\"MubYB\":\"yes\",\"QUZyi\":\"no\"}',	'radio_opt',	0,	79,	'2024-01-12 07:20:07',	1,	'2024-01-12 04:20:07',	'2024-01-12 04:20:07'),
(715,	'Does the facility have a transfusion committee that meets atleast once  a month to promote and oversee appropriate use of blood?',	'facility',	1,	'{\"HQCpM\":\"yes\",\"huBix\":\"no\"}',	'radio_opt',	0,	79,	'2024-01-12 07:20:07',	1,	'2024-01-12 04:20:07',	'2024-01-12 04:20:07'),
(716,	'Are at least 75% of transfusions conducted with blood components rather than whole blood?',	'facility',	1,	'{\"SrVIu\":\"yes\",\"UidhE\":\"no\"}',	'radio_opt',	0,	79,	'2024-01-12 07:20:07',	1,	'2024-01-12 04:20:07',	'2024-01-12 04:20:07'),
(717,	'Are disposable gloves, hand washing materials and rigid WHO approved sharp containers available in the areas where blood is drawn?',	'facility',	1,	'{\"KmAkF\":\"yes\",\"ymwpO\":\"no\"}',	'radio_opt',	0,	80,	'2024-01-12 07:21:08',	1,	'2024-01-12 04:21:08',	'2024-01-12 04:21:08'),
(718,	'Is appropriate size equipment available for all applicable patient ages eg Pediatric venous and capillary blood collection?',	'facility',	1,	'{\"KntOo\":\"yes\",\"rXLxc\":\"no\"}',	'radio_opt',	0,	80,	'2024-01-12 07:21:08',	1,	'2024-01-12 04:21:08',	'2024-01-12 04:21:08'),
(719,	'Are there written procedures for safe blood collection and PEP protocols for HCWs?',	'facility',	1,	'{\"Gwfvb\":\"yes\",\"JNHmM\":\"no\"}',	'radio_opt',	0,	80,	'2024-01-12 07:21:08',	1,	'2024-01-12 04:21:08',	'2024-01-12 04:21:08'),
(720,	'Are PEP drugs or starter packs available at the facility?',	'facility',	1,	'{\"uyDXj\":\"yes\",\"SidQY\":\"no\"}',	'radio_opt',	0,	80,	'2024-01-12 07:21:08',	1,	'2024-01-12 04:21:08',	'2024-01-12 04:21:08'),
(721,	'Are there personal protective equipment available at the facility? (Check gloves, lab coats, clean water/soap, sharps container, bio hazard waste containers)',	'facility',	1,	'{\"sCpTP\":\"yes\",\"oZikd\":\"no\"}',	'radio_opt',	0,	81,	'2024-01-12 07:22:42',	1,	'2024-01-12 04:22:42',	'2024-01-12 04:22:42'),
(722,	'Is there documentation that POCT staff have received bio safety training?',	'facility',	1,	'{\"vRQXh\":\"yes\",\"kmvcK\":\"no\"}',	'radio_opt',	0,	81,	'2024-01-12 07:22:42',	1,	'2024-01-12 04:22:42',	'2024-01-12 04:22:42'),
(723,	'Is there documentation that all POCT staff have received training on every test that they are conducting?',	'facility',	1,	'{\"enRzk\":\"yes\",\"xAzvj\":\"no\"}',	'radio_opt',	0,	81,	'2024-01-12 07:22:42',	1,	'2024-01-12 04:22:42',	'2024-01-12 04:22:42'),
(724,	'Is there documentation that all POCT staff receive annual competency assessments with corrective action if needed?',	'facility',	1,	'{\"wsOEc\":\"yes\",\"YvwRf\":\"no\"}',	'radio_opt',	0,	81,	'2024-01-12 07:22:42',	1,	'2024-01-12 04:22:42',	'2024-01-12 04:22:42'),
(725,	'Does the POCT have documented standardized testing algorithms for all POCs test offered?',	'facility',	1,	'{\"WXdNj\":\"yes\",\"psguV\":\"no\"}',	'radio_opt',	0,	81,	'2024-01-12 07:22:42',	1,	'2024-01-12 04:22:42',	'2024-01-12 04:22:42'),
(726,	'Does the POCT area have job aids or SOPs for each POC test offered',	'facility',	1,	'{\"QKLzl\":\"yes\",\"tAyKe\":\"no\"}',	'radio_opt',	0,	81,	'2024-01-12 07:22:42',	1,	'2024-01-12 04:22:42',	'2024-01-12 04:22:42'),
(727,	'Are POCT result forms, registers/log books legible and >90% complete?',	'facility',	1,	'{\"EXRCY\":\"yes\",\"vdcsm\":\"no\"}',	'radio_opt',	0,	81,	'2024-01-12 07:22:42',	1,	'2024-01-12 04:22:42',	'2024-01-12 04:22:42'),
(728,	'Are all POCT results routinely reviewed and approved by a supervisor?',	'facility',	1,	'{\"JOrNP\":\"yes\",\"tdrJh\":\"no\"}',	'radio_opt',	0,	81,	'2024-01-12 07:22:42',	1,	'2024-01-12 04:22:42',	'2024-01-12 04:22:42'),
(729,	'Does the POCT area perform routine QC for all tests offered?',	'facility',	1,	'{\"vfCgJ\":\"yes\",\"ciKCP\":\"no\"}',	'radio_opt',	0,	81,	'2024-01-12 07:22:42',	1,	'2024-01-12 04:22:42',	'2024-01-12 04:22:42'),
(730,	'Does the POCT area monitor any quality indicators eg specimen quality',	'facility',	1,	'{\"TmFlt\":\"yes\",\"yWIZY\":\"no\"}',	'radio_opt',	0,	81,	'2024-01-12 07:22:42',	1,	'2024-01-12 04:22:42',	'2024-01-12 04:22:42'),
(731,	'In the past 12 months has the POCT area participated in EQA/PT?',	'facility',	1,	'{\"nVGoF\":\"yes\",\"GYmUi\":\"no\"}',	'radio_opt',	0,	81,	'2024-01-12 07:22:42',	1,	'2024-01-12 04:22:42',	'2024-01-12 04:22:42'),
(732,	'Is there successful documentation of corrective action for unsatisfactory PT/EQA scores?',	'facility',	1,	'{\"gDnZm\":\"yes\",\"Chkme\":\"no\"}',	'radio_opt',	0,	81,	'2024-01-12 07:22:42',	1,	'2024-01-12 04:22:42',	'2024-01-12 04:22:42'),
(733,	'Is there an  IPC focal person and IPC Committee in place?',	'facility',	4,	'{\"TkCLj\":\"yes\",\"jEBAt\":\"no\"}',	'radio_opt',	0,	82,	'2024-01-12 07:37:12',	1,	'2024-01-12 04:37:12',	'2024-01-12 04:37:12'),
(734,	' Training on IPC, for all staff?',	'facility',	3,	'{\"WnlyM\":\"yes\",\"eRhwy\":\"no\"}',	'radio_opt',	0,	82,	'2024-01-12 07:37:12',	1,	'2024-01-12 04:37:12',	'2024-01-12 04:37:12'),
(735,	'A written facility-specific infection prevention and control plan or guidelines and policy been developed and is made available to staff. The plan or guidelines must include content for COVID-19 and TB IPC.',	'facility',	3,	'{\"Wjtbf\":\"yes\",\"TKcGM\":\"no\"}',	'radio_opt',	0,	82,	'2024-01-12 07:37:12',	1,	'2024-01-12 04:37:12',	'2024-01-12 04:37:12'),
(736,	' Routine IPC assessments performed in this quarter?',	'facility',	3,	'{\"jVRAQ\":\"yes\",\"TwRKj\":\"no\"}',	'radio_opt',	0,	82,	'2024-01-12 07:37:12',	1,	'2024-01-12 04:37:12',	'2024-01-12 04:37:12'),
(737,	'Does the Facilty IPC Comitee meet regularly and minutes taken ( Check for evidence for Monthly meetings)?',	'facility',	3,	'{\"MUIYw\":\"yes\",\"JqfDy\":\"no\"}',	'radio_opt',	0,	82,	'2024-01-12 07:37:12',	1,	'2024-01-12 04:37:12',	'2024-01-12 04:37:12'),
(738,	'Are waste properly segregated in appropriate bins and liners accompanied by a waste segragation  job aid? ',	'facility',	3,	'{\"cibZQ\":\"yes\",\"LEmpD\":\"no\"}',	'radio_opt',	0,	82,	'2024-01-12 07:37:12',	1,	'2024-01-12 04:37:12',	'2024-01-12 04:37:12'),
(739,	' Are all patients entering facility screened for Respiratory symptoms  at registration/ triage  and/or facility entry?( Check the IPD/OPD linelist register or triage log  for evidence)',	'facility',	1,	'{\"UomWz\":\"yes\",\"faYcr\":\"no\"}',	'radio_opt',	0,	83,	'2024-01-12 07:38:28',	1,	'2024-01-12 04:38:28',	'2024-01-12 04:38:28'),
(740,	'Is a handwash station/ Handrub present at the entrance to the facility?( Check for water and soap/ sanitizer availability)',	'facility',	1,	'{\"ENAbr\":\"yes\",\"LsqRY\":\"no\"}',	'radio_opt',	0,	83,	'2024-01-12 07:38:28',	1,	'2024-01-12 04:38:28',	'2024-01-12 04:38:28'),
(741,	'Are all patients with respiratory symptoms fastracked/ separated?',	'facility',	1,	'{\"QNHLl\":\"yes\",\"McAmq\":\"no\"}',	'radio_opt',	0,	83,	'2024-01-12 07:38:28',	1,	'2024-01-12 04:38:28',	'2024-01-12 04:38:28'),
(742,	'Are Signages and/or educational material on cough etiquette and hand hygiene  posted in admission/triage areas/ waiting bays?',	'facility',	1,	'{\"rHYfS\":\"yes\",\"sewZl\":\"no\"}',	'radio_opt',	0,	83,	'2024-01-12 07:38:28',	1,	'2024-01-12 04:38:28',	'2024-01-12 04:38:28'),
(743,	'Are all relevant registers(TB presumtive register, TB4, Contact tracing, TB lab register) well documented? ( Check for legibility, completeness, accuracy)',	'facility',	1,	'{\"HDpqQ\":\"yes\",\"lErUv\":\"no\"}',	'radio_opt',	0,	83,	'2024-01-12 07:38:28',	1,	'2024-01-12 04:38:28',	'2024-01-12 04:38:28'),
(744,	'Are ALL staff screened for TB routinely? ( Check the staff screening tool for eveidence)',	'facility',	1,	'{\"pYgia\":\"yes\",\"pdSgK\":\"no\"}',	'radio_opt',	0,	84,	'2024-01-12 07:39:32',	1,	'2024-01-12 04:39:32',	'2024-01-12 04:39:32'),
(745,	'Is there documentation to prove staff protection and care on respiratory infections .( Check for IGRA tests, TPT staff register, Covid vaccination etc)',	'facility',	1,	'{\"hbJXV\":\"yes\",\"CWUgd\":\"no\"}',	'radio_opt',	0,	84,	'2024-01-12 07:39:32',	1,	'2024-01-12 04:39:32',	'2024-01-12 04:39:32'),
(746,	'Do the staff have appropriate PPES?( Gloves, face masks, Lab coats, googles, N95 masks where applicable)',	'facility',	1,	'{\"TgMjy\":\"yes\",\"BRigM\":\"no\"}',	'radio_opt',	0,	84,	'2024-01-12 07:39:32',	1,	'2024-01-12 04:39:32',	'2024-01-12 04:39:32'),
(747,	'Is there evidence of monitoring of staff hand hygiene?( Check the hand hygiene check list tool for evidence)?',	'facility',	1,	'{\"roDsA\":\"yes\",\"tKyGC\":\"no\"}',	'radio_opt',	0,	84,	'2024-01-12 07:39:32',	1,	'2024-01-12 04:39:32',	'2024-01-12 04:39:32'),
(748,	'Written procedures/protocols for environmental cleaning',	'facility',	1,	'{\"aHUKt\":\"yes\",\"QIodL\":\"no\"}',	'radio_opt',	0,	85,	'2024-01-12 07:40:40',	1,	'2024-01-12 04:40:40',	'2024-01-12 04:40:40'),
(749,	'Dedicated ancillary staff who have received training on environmental cleaning methods',	'facility',	1,	'{\"wsiHA\":\"yes\",\"NMyxi\":\"no\"}',	'radio_opt',	0,	85,	'2024-01-12 07:40:40',	1,	'2024-01-12 04:40:40',	'2024-01-12 04:40:40'),
(750,	'Is there ctive monitoring of environmental cleaning practices to ensure compliance with protocols/procedures',	'facility',	1,	'{\"GikRL\":\"yes\",\"UQRfh\":\"no\"}',	'radio_opt',	0,	85,	'2024-01-12 07:40:40',	1,	'2024-01-12 04:40:40',	'2024-01-12 04:40:40'),
(751,	'Appropriate cleaning supplies available for environmental cleaning',	'facility',	1,	'{\"SmyVe\":\"yes\",\"ZLhcd\":\"no\"}',	'radio_opt',	0,	85,	'2024-01-12 07:40:40',	1,	'2024-01-12 04:40:40',	'2024-01-12 04:40:40'),
(752,	'Does the facility have documentation of ALL of the following: safety and monitoring measures ( Sterilizer validated at least annually,Use of appropriate biological or chemical indicators (autoclave tapes) to confirm sterlization?',	'facility',	1,	'{\"eUpqO\":\"yes\",\"bzCRN\":\"no\"}',	'radio_opt',	0,	85,	'2024-01-12 07:40:40',	1,	'2024-01-12 04:40:40',	'2024-01-12 04:40:40'),
(753,	'Does the facility have a waste management manual or SOP and has provision for appropraite and secured waste holding area?( Check for locked holding area, away from services , segragated waste and proper placing)',	'facility',	1,	'{\"aZQSb\":\"yes\",\"VHdGi\":\"no\"}',	'radio_opt',	0,	85,	'2024-01-12 07:40:40',	1,	'2024-01-12 04:40:40',	'2024-01-12 04:40:40'),
(754,	'Is there an FP algorithm on the wall?',	'facility',	4,	'{\"rihGA\":\"yes\",\"TyVxw\":\"no\"}',	'radio_opt',	0,	86,	'2024-01-12 07:54:45',	1,	'2024-01-12 04:54:45',	'2024-01-12 04:54:45'),
(755,	'Are there FP IEC Materials?',	'facility',	4,	'{\"GPJUT\":\"yes\",\"IUVMa\":\"no\"}',	'radio_opt',	0,	86,	'2024-01-12 07:54:45',	1,	'2024-01-12 04:54:45',	'2024-01-12 04:54:45'),
(756,	'Does the facility have FP Demonstration Kits?',	'facility',	4,	'{\"gqwIv\":\"yes\",\"hqnKN\":\"no\"}',	'radio_opt',	0,	86,	'2024-01-12 07:54:45',	1,	'2024-01-12 04:54:45',	'2024-01-12 04:54:45'),
(757,	'Are there Safe Conception stickers available?',	'facility',	4,	'{\"kwWty\":\"yes\",\"BGHLC\":\"no\"}',	'radio_opt',	0,	86,	'2024-01-12 07:54:45',	1,	'2024-01-12 04:54:45',	'2024-01-12 04:54:45'),
(758,	'Is there WHO Medical Eligibility Criteria Wheel/chart  for contraceptive Use available?',	'facility',	4,	'{\"zYbWt\":\"yes\",\"YBOKR\":\"no\"}',	'radio_opt',	0,	86,	'2024-01-12 07:54:45',	1,	'2024-01-12 04:54:45',	'2024-01-12 04:54:45'),
(759,	'Does the site have STI Syndromic Management Chart?',	'facility',	4,	'{\"MhPWo\":\"yes\",\"xkMzC\":\"no\"}',	'radio_opt',	0,	86,	'2024-01-12 07:54:45',	1,	'2024-01-12 04:54:45',	'2024-01-12 04:54:45'),
(760,	'Is there an Cervical cancer screening using VIA algorithm?',	'facility',	4,	'{\"PmhRc\":\"yes\",\"jirGZ\":\"no\"}',	'radio_opt',	0,	86,	'2024-01-12 07:54:45',	1,	'2024-01-12 04:54:45',	'2024-01-12 04:54:45'),
(761,	'Is there a VIA/VILI algorithm?',	'facility',	4,	'{\"lyBAH\":\"yes\",\"qgRil\":\"no\"}',	'radio_opt',	0,	86,	'2024-01-12 07:54:45',	1,	'2024-01-12 04:54:45',	'2024-01-12 04:54:45'),
(762,	'Is there a HPV algorithm?',	'facility',	4,	'{\"ZFQEy\":\"yes\",\"QzUwy\":\"no\"}',	'radio_opt',	0,	86,	'2024-01-12 07:54:45',	1,	'2024-01-12 04:54:45',	'2024-01-12 04:54:45'),
(763,	'Is the Cervical cancer screening  register present (latest version)?',	'individual',	1,	'{\"ZkcEm\":\"yes\",\"kGAeX\":\"no\"}',	'radio_opt',	0,	87,	'2024-01-12 07:59:59',	1,	'2024-01-12 04:59:59',	'2024-01-12 04:59:59'),
(764,	'Is the Cervical cancer screening register complete? (Check entries on the registers:  Use of the correct codes, HIV status,  page summaries)',	'individual',	1,	'{\"vVrSW\":\"yes\",\"HcdMy\":\"no\"}',	'radio_opt',	0,	87,	'2024-01-12 07:59:59',	1,	'2024-01-12 04:59:59',	'2024-01-12 04:59:59'),
(765,	'Review the last 3 months entries in the register(Total number of clients screened)',	'individual',	1,	'',	'number_opt',	0,	87,	'2024-01-12 07:59:59',	1,	'2024-01-12 04:59:59',	'2024-01-12 04:59:59'),
(766,	'Number screened HPV positive',	'individual',	1,	'',	'number_opt',	0,	87,	'2024-01-12 07:59:59',	1,	'2024-01-12 04:59:59',	'2024-01-12 04:59:59'),
(767,	'Number re screened using VIA',	'individual',	1,	'',	'number_opt',	0,	87,	'2024-01-12 07:59:59',	1,	'2024-01-12 04:59:59',	'2024-01-12 04:59:59'),
(768,	'Number screened VIA Positive(Includes both those screened using VIA and those HPV positive rescreened using VIA)',	'individual',	1,	'',	'number_opt',	0,	87,	'2024-01-12 07:59:59',	1,	'2024-01-12 04:59:59',	'2024-01-12 04:59:59'),
(769,	'Review cacx screening register for the previous 10 entries of women with VIA positive result. What %of the women have completed treatment either offsite or onsite? Calculate % Num: No. of records with a positive VIA results treated Den: No of recors reviewed of women with VIA positive result',	'individual',	1,	'',	'number_opt',	0,	87,	'2024-01-12 07:59:59',	1,	'2024-01-12 04:59:59',	'2024-01-12 04:59:59'),
(770,	'Is the RH/PIA Tally sheets  register present (latest version)?',	'individual',	1,	'{\"olpJg\":\"yes\",\"ZFcfw\":\"no\"}',	'radio_opt',	0,	87,	'2024-01-12 07:59:59',	1,	'2024-01-12 04:59:59',	'2024-01-12 04:59:59'),
(771,	'Is the RH/PIA Tally sheetregister in use and complete? (Check entries on the registers and   page summaries)',	'individual',	1,	'{\"bMGVc\":\"yes\",\"aBOsT\":\"no\"}',	'radio_opt',	0,	87,	'2024-01-12 07:59:59',	1,	'2024-01-12 04:59:59',	'2024-01-12 04:59:59'),
(772,	'Are preconception care services offered  for  women with pregnancy intentions (This includes, adherence monitoring, current VL suppressed, sexual partner status)',	'individual',	1,	'{\"szpqr\":\"yes\",\"QhMpA\":\"no\"}',	'radio_opt',	0,	87,	'2024-01-12 07:59:59',	1,	'2024-01-12 04:59:59',	'2024-01-12 04:59:59'),
(773,	'Are FP services offered  for  women without pregnancy intentions ',	'individual',	1,	'{\"KOwkU\":\"yes\",\"IpUQq\":\"no\"}',	'radio_opt',	0,	87,	'2024-01-12 07:59:59',	1,	'2024-01-12 04:59:59',	'2024-01-12 04:59:59'),
(774,	'Is there evidence of a referral mechanism for treatment ?',	'facility',	4,	'{\"WVsiO\":\"yes\",\"Harjy\":\"no\"}',	'radio_opt',	0,	88,	'2024-01-12 08:02:08',	1,	'2024-01-12 05:02:08',	'2024-01-12 05:02:08'),
(775,	'Does the facility have integrated FP services within CCC and PMTCT? look for FP register in CCC, FP commodities in CCC, FP IECs for patient education',	'facility',	4,	'{\"YaknE\":\"yes\",\"kAJzP\":\"no\"}',	'radio_opt',	0,	88,	'2024-01-12 08:02:08',	1,	'2024-01-12 05:02:08',	'2024-01-12 05:02:08'),
(776,	'Does the facility have integrated pregnancy assessment  services within CCC and PMTCT? (look for RH/PIA tally sheet  register in CCC and PMTCT)',	'facility',	4,	'{\"jYCmo\":\"yes\",\"VmKUx\":\"no\"}',	'radio_opt',	0,	88,	'2024-01-12 08:02:08',	1,	'2024-01-12 05:02:08',	'2024-01-12 05:02:08'),
(777,	'Total the number of files assessed',	'individual',	1,	'',	'number_opt',	0,	89,	'2024-01-12 08:04:18',	1,	'2024-01-12 05:04:18',	'2024-01-12 05:04:18'),
(778,	'How many clients  were eligible for cervical cancer screening  at last visit? ',	'individual',	1,	'',	'number_opt',	0,	89,	'2024-01-12 08:04:18',	1,	'2024-01-12 05:04:18',	'2024-01-12 05:04:18'),
(779,	'How many clients had cervical cancer screening done during last visit? Calculate the % Num: Number of clients who were screened for cacx Den: Number of clients eligible for cacx screening)',	'individual',	1,	'',	'number_opt',	0,	89,	'2024-01-12 08:04:18',	1,	'2024-01-12 05:04:18',	'2024-01-12 05:04:18'),
(780,	'How many files have the PIA/FP assessment form updated during the last visit? Calculate the % Num: Number of clients who were assessed for pregnancy intention and FP Den: Number of Files assessed',	'individual',	1,	'',	'number_opt',	0,	89,	'2024-01-12 08:04:18',	1,	'2024-01-12 05:04:18',	'2024-01-12 05:04:18'),
(781,	'How many clients are on  modern contraceptive method? Calculate the % Num: Number of clients on modern contraceptive Den: Number of clients not intending to get pregnant)',	'individual',	1,	'',	'number_opt',	0,	89,	'2024-01-12 08:04:18',	1,	'2024-01-12 05:04:18',	'2024-01-12 05:04:18'),
(782,	'How many clients were offered pre conception care? Calculate the % Num: Number of clients offered Preconception care  Den: Number of clients intending to get pregnant',	'individual',	1,	'',	'number_opt',	0,	89,	'2024-01-12 08:04:18',	1,	'2024-01-12 05:04:18',	'2024-01-12 05:04:18'),
(783,	'Has  the RCO/ nurse undertaken the basic trainings? ',	'individual',	5,	'',	'number_opt',	0,	90,	'2024-01-12 08:08:20',	1,	'2024-01-12 05:08:20',	'2024-01-12 05:08:20'),
(784,	'Has the RCO/nurse participatedin other in service trainings this quarter? ',	'individual',	3,	'',	'number_opt',	0,	90,	'2024-01-12 08:08:20',	1,	'2024-01-12 05:08:20',	'2024-01-12 05:08:20'),
(785,	'Has the RCO/ nurse been trained on Cervical cancer screening?',	'individual',	3,	'',	'number_opt',	0,	90,	'2024-01-12 08:08:20',	1,	'2024-01-12 05:08:20',	'2024-01-12 05:08:20'),
(786,	'Have all the trainings  undertaken above updated in the  main facility training  log? ',	'individual',	3,	'',	'number_opt',	0,	90,	'2024-01-12 08:08:20',	1,	'2024-01-12 05:08:20',	'2024-01-12 05:08:20'),
(787,	'Does the facility have a  RH related CQI project',	'facility',	1,	'{\"njxTk\":\"yes\",\"IyqJZ\":\"no\"}',	'radio_opt',	0,	91,	'2024-01-12 08:10:45',	1,	'2024-01-12 05:10:45',	'2024-01-12 05:10:45'),
(788,	'Has the RH CQI project been uploaded and monitored through the CQI dashboard',	'facility',	1,	'{\"xRHvG\":\"yes\",\"XJjNW\":\"no\"}',	'radio_opt',	0,	91,	'2024-01-12 08:10:45',	1,	'2024-01-12 05:10:45',	'2024-01-12 05:10:45'),
(789,	'Is the RH CQI Project on  course based on the implementation timeline (Review minutes and runchart)',	'facility',	1,	'{\"AYtFI\":\"yes\",\"nRmUf\":\"no\"}',	'radio_opt',	0,	91,	'2024-01-12 08:10:45',	1,	'2024-01-12 05:10:45',	'2024-01-12 05:10:45'),
(790,	'Is the RH CQI  project monitored frequently as per the CQI plan (Check for updated run Chart)',	'facility',	1,	'{\"VUYRF\":\"yes\",\"HZrUk\":\"no\"}',	'radio_opt',	0,	91,	'2024-01-12 08:10:45',	1,	'2024-01-12 05:10:45',	'2024-01-12 05:10:45'),
(791,	'Has the CQI meetings conducted as per the QI plan and meetings documented(check the minutes)',	'facility',	1,	'{\"pSQrK\":\"yes\",\"TMoGv\":\"no\"}',	'radio_opt',	0,	91,	'2024-01-12 08:10:45',	1,	'2024-01-12 05:10:45',	'2024-01-12 05:10:45'),
(792,	'Does the facility have stocks for Cervical cancer screening? Check for sterilized reusable or disposable speculums, bright light source, examination gloves, disinfectanct, acetic acid, HPV test kits)',	'facility',	3,	'{\"TjXcl\":\"yes\",\"DqLoZ\":\"no\"}',	'check_opt',	0,	92,	'2024-01-12 08:17:55',	1,	'2024-01-12 05:17:55',	'2024-01-12 05:17:55'),
(793,	'Does the SDP have Hand washing Equipment?',	'sdp',	3,	'{\"zDnEL\":\"yes\",\"xbTNm\":\"no\"}',	'radio_opt',	0,	92,	'2024-01-12 08:17:55',	1,	'2024-01-12 05:17:55',	'2024-01-12 05:17:55'),
(794,	'Does the SDP have the 3 waste segregation Bins (Black, Yellow, Red)?',	'sdp',	3,	'{\"ZwfrN\":\"yes\",\"EwAfn\":\"no\"}',	'radio_opt',	0,	92,	'2024-01-12 08:17:55',	1,	'2024-01-12 05:17:55',	'2024-01-12 05:17:55'),
(795,	'Does the SDP have Lockable cabinets for storing client records, desk/table and chair for provider and for clients?',	'sdp',	3,	'{\"Lqbzx\":\"yes\",\"lEuiz\":\"no\"}',	'radio_opt',	0,	92,	'2024-01-12 08:17:55',	1,	'2024-01-12 05:17:55',	'2024-01-12 05:17:55'),
(796,	'Does the Cacx screening  staffs have a labcoat or Apron?',	'individual',	3,	'{\"vQgqd\":\"yes\",\"eIhuy\":\"no\"}',	'radio_opt',	0,	92,	'2024-01-12 08:17:55',	1,	'2024-01-12 05:17:55',	'2024-01-12 05:17:55'),
(797,	'Does the Cacx screening SDP have a functional Examination couch?',	'sdp',	3,	'{\"dtIlz\":\"yes\",\"NRKwU\":\"no\"}',	'radio_opt',	0,	92,	'2024-01-12 08:17:55',	1,	'2024-01-12 05:17:55',	'2024-01-12 05:17:55'),
(798,	'Does the CACX screening  SDPs provide client privacy and confidentiality?',	'sdp',	3,	'{\"QxENe\":\"yes\",\"cSFQX\":\"no\"}',	'radio_opt',	0,	92,	'2024-01-12 08:17:55',	1,	'2024-01-12 05:17:55',	'2024-01-12 05:17:55'),
(799,	'Is the facility a treatment site(If yes continue with assessment below)',	'facility',	3,	'{\"tSLWa\":\"yes\",\"pyGTP\":\"no\"}',	'radio_opt',	0,	92,	'2024-01-12 08:17:55',	1,	'2024-01-12 05:17:55',	'2024-01-12 05:17:55'),
(800,	'Does the facility have standardized procedures for management of women with positive screening results including those referred from other sites',	'facility',	3,	'{\"MfbBo\":\"yes\",\"YAgzK\":\"no\"}',	'radio_opt',	0,	92,	'2024-01-12 08:17:55',	1,	'2024-01-12 05:17:55',	'2024-01-12 05:17:55'),
(801,	'Are the staff trained on treatment ',	'individual',	3,	'{\"CfnLs\":\"yes\",\"IzhTp\":\"no\"}',	'radio_opt',	0,	92,	'2024-01-12 08:17:55',	1,	'2024-01-12 05:17:55',	'2024-01-12 05:17:55'),
(802,	'Are there appropriate treatment equipment ',	'facility',	3,	'{\"FKPyS\":\"yes\",\"HyzIK\":\"no\"}',	'radio_opt',	0,	92,	'2024-01-12 08:17:55',	1,	'2024-01-12 05:17:55',	'2024-01-12 05:17:55'),
(803,	'Is there a standard training offered to site staff on PrEP provision?',	'facility',	3,	'{\"WJbgY\":\"yes\",\"NfnEB\":\"no\"}',	'radio_opt',	0,	93,	'2024-01-12 08:33:00',	1,	'2024-01-12 05:33:00',	'2024-01-12 05:33:00'),
(804,	'Is there availability of PrEP Toolkit for service providers?',	'facility',	3,	'',	'textfield_s',	0,	93,	'2024-01-12 08:33:00',	1,	'2024-01-12 05:33:00',	'2024-01-12 05:33:00'),
(805,	'Is PrEP offered at an already existing service delivery point (ex. MCH, CTC/CCC, DIC etc.)?',	'facility',	3,	'',	'textfield_s',	0,	93,	'2024-01-12 08:33:00',	1,	'2024-01-12 05:33:00',	'2024-01-12 05:33:00'),
(806,	'Risk assessment',	'individual',	1,	'{\"hsvTZ\":\"yes\",\"iAfRK\":\"no\"}',	'radio_opt',	0,	94,	'2024-01-12 08:35:42',	1,	'2024-01-12 05:35:42',	'2024-01-12 05:35:42'),
(807,	'HIV counseling and testing',	'individual',	1,	'{\"BwXLf\":\"yes\",\"RgfNW\":\"no\"}',	'radio_opt',	0,	94,	'2024-01-12 08:35:42',	1,	'2024-01-12 05:35:42',	'2024-01-12 05:35:42'),
(808,	'Screening for contraindications',	'individual',	1,	'{\"vXTuL\":\"yes\",\"lnqEQ\":\"no\"}',	'radio_opt',	0,	94,	'2024-01-12 08:35:42',	1,	'2024-01-12 05:35:42',	'2024-01-12 05:35:42'),
(809,	'Risk reduction counseling',	'individual',	1,	'{\"qyubm\":\"yes\",\"mIcoV\":\"no\"}',	'radio_opt',	0,	94,	'2024-01-12 08:35:42',	1,	'2024-01-12 05:35:42',	'2024-01-12 05:35:42'),
(810,	'Clear counseling on PrEP, including benefits, side effects, risks, and adherence counseling',	'individual',	1,	'{\"SehBJ\":\"yes\",\"ZUydY\":\"no\"}',	'radio_opt',	0,	94,	'2024-01-12 08:35:42',	1,	'2024-01-12 05:35:42',	'2024-01-12 05:35:42'),
(811,	'Linkage to, or verification of existing linkage to, community peers and support networks, and any other applicable referrals such as family planning, screening and referral to DREAMS (as applicable)',	'individual',	1,	'{\"otkXe\":\"yes\",\"Efzsk\":\"no\"}',	'radio_opt',	0,	94,	'2024-01-12 08:35:42',	1,	'2024-01-12 05:35:42',	'2024-01-12 05:35:42'),
(812,	'Providing services in a non-judgmental and professional manner',	'individual',	1,	'{\"gXomW\":\"yes\",\"AkPUK\":\"no\"}',	'radio_opt',	0,	94,	'2024-01-12 08:35:42',	1,	'2024-01-12 05:35:42',	'2024-01-12 05:35:42'),
(813,	'PrEP DAR available - assess for completeness',	'facility',	1,	'',	'textfield_s',	0,	95,	'2024-01-12 08:38:08',	1,	'2024-01-12 05:38:08',	'2024-01-12 05:38:08'),
(814,	'PrEP register in place. - assess for completeness',	'facility',	1,	'',	'textfield_s',	0,	95,	'2024-01-12 08:38:08',	1,	'2024-01-12 05:38:08',	'2024-01-12 05:38:08'),
(815,	'Clients receiving PrEP are documented in the PrEP register.',	'facility',	1,	'',	'textfield_s',	0,	95,	'2024-01-12 08:38:08',	1,	'2024-01-12 05:38:08',	'2024-01-12 05:38:08'),
(816,	'Outcomes documented for clients who have stopped PrEP.',	'facility',	1,	'',	'textfield_s',	0,	95,	'2024-01-12 08:38:08',	1,	'2024-01-12 05:38:08',	'2024-01-12 05:38:08'),
(817,	'Appointment keeping.',	'facility',	1,	'',	'textfield_s',	0,	95,	'2024-01-12 08:38:08',	1,	'2024-01-12 05:38:08',	'2024-01-12 05:38:08'),
(818,	'Are registers reviewed and signed by the data officer?',	'individual',	1,	'{\"HlkGJ\":\"yes\",\"kogyd\":\"no\"}',	'radio_opt',	0,	95,	'2024-01-12 08:38:08',	1,	'2024-01-12 05:38:08',	'2024-01-12 05:38:08'),
(819,	'For POC and hybrid, is PrEP module in Kenya EMR utilized?',	'individual',	1,	'{\"rtRqy\":\"yes\",\"hbwML\":\"no\"}',	'radio_opt',	0,	95,	'2024-01-12 08:38:08',	1,	'2024-01-12 05:38:08',	'2024-01-12 05:38:08'),
(824,	'Does the site have an enrollment SOP ',	'facility',	3,	'{\"USwAu\":\"yes\",\"YICKc\":\"no\"}',	'radio_opt',	0,	96,	'2024-01-12 09:07:23',	1,	'2024-01-12 06:07:23',	'2024-01-12 06:07:23'),
(825,	'Does the Enrolment SOP outline the steps by step enrolment process',	'facility',	3,	'{\"YygAC\":\"yes\",\"gDCJO\":\"no\"}',	'radio_opt',	0,	96,	'2024-01-12 09:07:23',	1,	'2024-01-12 06:07:23',	'2024-01-12 06:07:23'),
(826,	'Is the DREAMS enrollment process conducted according to the SOP',	'facility',	3,	'{\"KBuar\":\"yes\",\"MQspF\":\"no\"}',	'radio_opt',	0,	96,	'2024-01-12 09:07:23',	1,	'2024-01-12 06:07:23',	'2024-01-12 06:07:23'),
(827,	'Was enumeration conducted and results analyzed (check enumeration analysis/tool/latest population estimate data)',	'facility',	3,	'{\"lGYRA\":\"yes\",\"COMVg\":\"no\"}',	'radio_opt',	0,	96,	'2024-01-12 09:07:23',	1,	'2024-01-12 06:07:23',	'2024-01-12 06:07:23'),
(828,	'Consent/assent available in the chart/file (review 10 charts, calculate %)',	'individual',	3,	'',	'number_opt',	0,	96,	'2024-01-12 09:07:23',	1,	'2024-01-12 06:07:23',	'2024-01-12 06:07:23'),
(829,	'Vulnerability screening conducted (review 10 charts, calculate %)',	'individual',	3,	'',	'number_opt',	0,	96,	'2024-01-12 09:07:23',	1,	'2024-01-12 06:07:23',	'2024-01-12 06:07:23'),
(830,	'Age verification documents (review 10 charts, calculate %)',	'individual',	3,	'',	'number_opt',	0,	96,	'2024-01-12 09:07:23',	1,	'2024-01-12 06:07:23',	'2024-01-12 06:07:23'),
(831,	'Photos available in the reviewed charts (review 10 charts)',	'individual',	3,	'',	'number_opt',	0,	96,	'2024-01-12 09:07:23',	1,	'2024-01-12 06:07:23',	'2024-01-12 06:07:23'),
(832,	'Is the file arranged according to the SOP (Check for Updated filing SOP, Filing Index)',	'facility',	3,	'{\"mNJDX\":\"yes\",\"vdtKx\":\"no\"}',	'radio_opt',	0,	96,	'2024-01-12 09:07:23',	1,	'2024-01-12 06:07:23',	'2024-01-12 06:12:43'),
(833,	'Social Asset Building SOP (Review existing SOPs and tools for mentorship/SAB)',	'facility',	3,	'',	'textfield_s',	0,	97,	'2024-01-12 09:13:13',	1,	'2024-01-12 06:13:13',	'2024-01-12 06:13:13'),
(834,	'Check AGYW to Mentor ratio (1:60), How many mentors are in this site?,  How many AGYW are assigned to a mentor?',	'facility',	3,	'',	'textfield_s',	0,	97,	'2024-01-12 09:13:13',	1,	'2024-01-12 06:13:13',	'2024-01-12 06:13:13'),
(835,	'How many AGYW are engaged as mentors in this site? ',	'facility',	3,	'',	'number_opt',	0,	97,	'2024-01-12 09:13:13',	1,	'2024-01-12 06:13:13',	'2024-01-12 06:13:13'),
(836,	'Does the site have an SOP for mentors recrutment? ',	'facility',	3,	'{\"dWoLn\":\"yes\",\"Uxgwz\":\"no\"}',	'radio_opt',	0,	97,	'2024-01-12 09:13:13',	1,	'2024-01-12 06:13:13',	'2024-01-12 06:13:13'),
(837,	'Do all the mentors have JD and contract signed and kept at the safe site? ',	'facility',	3,	'{\"ZqeTX\":\"yes\",\"GXqfN\":\"no\"}',	'radio_opt',	0,	97,	'2024-01-12 09:13:13',	1,	'2024-01-12 06:13:13',	'2024-01-12 06:13:13'),
(838,	'Do mentors in the site use a standard curriculum for offering mentorship?',	'facility',	3,	'{\"SWNCy\":\"yes\",\"VqvQE\":\"no\"}',	'radio_opt',	0,	97,	'2024-01-12 09:13:13',	1,	'2024-01-12 06:13:13',	'2024-01-12 06:13:13'),
(839,	'Do mentors have work plans, lesson plan, Job aids? ',	'facility',	3,	'{\"LdBcP\":\"yes\",\"oCpSV\":\"no\"}',	'radio_opt',	0,	97,	'2024-01-12 09:13:13',	1,	'2024-01-12 06:13:13',	'2024-01-12 06:13:13'),
(840,	'Are supervisions conducted to mentors and how frequent? (Check documentation) ',	'facility',	3,	'',	'textfield_s',	0,	97,	'2024-01-12 09:13:13',	1,	'2024-01-12 06:13:13',	'2024-01-12 06:13:13'),
(841,	'How often are the mentors refreshed/trained? Is it documented? SAB, LIVES/LOVES Training? Check if reports and training log available.',	'facility',	3,	'',	'textfield_s',	0,	97,	'2024-01-12 09:13:13',	1,	'2024-01-12 06:13:13',	'2024-01-12 06:13:13'),
(842,	'Is the SAB registers available at the site (Are the registers in use and properly documented)',	'facility',	3,	'',	'textfield_s',	0,	97,	'2024-01-12 09:13:13',	1,	'2024-01-12 06:13:13',	'2024-01-12 06:13:13'),
(843,	'Registers reviewed and counter signed by the PA and data assistant',	'facility',	3,	'{\"ktWwS\":\"yes\",\"gGCxp\":\"no\"}',	'radio_opt',	0,	97,	'2024-01-12 09:13:13',	1,	'2024-01-12 06:13:13',	'2024-01-12 06:13:13'),
(844,	'How many DREAMS Ambassadors do you have in this site?',	'facility',	3,	'',	'number_opt',	0,	97,	'2024-01-12 09:13:13',	1,	'2024-01-12 06:13:13',	'2024-01-12 06:13:13'),
(876,	'Documentation ',	'sdp',	3,	'{\"gKrSC\":\"\"}',	'radio_opt',	0,	98,	'2024-01-12 09:23:31',	1,	'2024-01-12 06:23:31',	'2024-01-12 06:23:31'),
(877,	'Complete documentaion of HTS register (check on annual serialization, kit name, lot number and expery date indicated on each page, HTS strategy, summeries per page) ',	'individual',	3,	'',	'textfield_s',	0,	98,	'2024-01-12 09:23:31',	1,	'2024-01-12 06:23:31',	'2024-01-12 06:23:31'),
(878,	'HTS Algorithm available ',	'facility',	3,	'{\"yOxaf\":\"yes\",\"tCYEw\":\"no\"}',	'radio_opt',	0,	98,	'2024-01-12 09:23:31',	1,	'2024-01-12 06:23:31',	'2024-01-12 06:23:31'),
(879,	'All HIV positive results are confirmed (adherence to algorithm)',	'facility',	3,	'{\"ySHUT\":\"yes\",\"FvXjE\":\"no\"}',	'radio_opt',	0,	98,	'2024-01-12 09:23:31',	1,	'2024-01-12 06:23:31',	'2024-01-12 06:23:31'),
(880,	'Use of correct codes e.g. TB screening, use of NS if no symptoms',	'facility',	3,	'{\"nNRmj\":\"yes\",\"QJViF\":\"no\"}',	'radio_opt',	0,	98,	'2024-01-12 09:23:31',	1,	'2024-01-12 06:23:31',	'2024-01-12 06:23:31'),
(881,	'In-charge has reviewed the register and appended signature',	'facility',	3,	'{\"mkTiY\":\"yes\",\"CUqTZ\":\"no\"}',	'radio_opt',	0,	98,	'2024-01-12 09:23:31',	1,	'2024-01-12 06:23:31',	'2024-01-12 06:23:31'),
(882,	'Referral done for all HIV positive results before enrolment (referral coupons dully stamped/signed)',	'facility',	3,	'{\"VqRFK\":\"yes\",\"chHzi\":\"no\"}',	'radio_opt',	0,	98,	'2024-01-12 09:23:31',	1,	'2024-01-12 06:23:31',	'2024-01-12 06:23:31'),
(883,	'TB suspects are referred for re-screening (check referral inventory). ',	'facility',	3,	'{\"YQBFT\":\"yes\",\"sOWyS\":\"no\"}',	'radio_opt',	0,	98,	'2024-01-12 09:23:31',	1,	'2024-01-12 06:23:31',	'2024-01-12 06:23:31'),
(884,	'Do HTS providers have NASCOP certification? ',	'facility',	3,	'{\"kpnXj\":\"yes\",\"TJamu\":\"no\"}',	'radio_opt',	0,	98,	'2024-01-12 09:23:31',	1,	'2024-01-12 06:23:31',	'2024-01-12 06:23:31'),
(885,	'Biomedical officers practicing licenses displayed at the site (verify)',	'facility',	3,	'{\"cglpo\":\"yes\",\"yXOiA\":\"no\"}',	'radio_opt',	0,	98,	'2024-01-12 09:23:31',	1,	'2024-01-12 06:23:31',	'2024-01-12 06:23:31'),
(886,	'Displayed and use of relevant HTS guidelines & SOPs',	'facility',	3,	'{\"jRbTc\":\"yes\",\"ePQgm\":\"no\"}',	'radio_opt',	0,	98,	'2024-01-12 09:23:31',	1,	'2024-01-12 06:23:31',	'2024-01-12 06:23:31'),
(887,	'Is eligibility screening for HTS done to all AGYW (review 10 charts, calculate %)',	'individual',	3,	'',	'number_opt',	0,	98,	'2024-01-12 09:23:31',	1,	'2024-01-12 06:23:31',	'2024-01-12 06:23:31'),
(888,	'Have all eligible AGYW been provided HTS and documented in the file & data base (review 10 charts, verify in data base, calculate %)',	'individual',	3,	'',	'number_opt',	0,	98,	'2024-01-12 09:23:31',	1,	'2024-01-12 06:23:31',	'2024-01-12 06:23:31'),
(889,	'Is the HTS counselor on track meeting their daily/weekly/monthly testing target?',	'individual',	3,	'{\"pqePX\":\"yes\",\"UgKdx\":\"no\"}',	'radio_opt',	0,	98,	'2024-01-12 09:23:31',	1,	'2024-01-12 06:23:31',	'2024-01-12 06:23:31'),
(890,	'Linkage to care and treatment',	'sdp',	3,	'{\"Hgemk\":\"\"}',	'radio_opt',	0,	98,	'2024-01-12 09:23:31',	1,	'2024-01-12 06:23:31',	'2024-01-12 06:23:31'),
(891,	'All HIV positive clients are documented in the linkage register ',	'individual',	3,	'{\"aOVLi\":\"yes\",\"YZXGO\":\"no\"}',	'radio_opt',	0,	98,	'2024-01-12 09:23:31',	1,	'2024-01-12 06:23:31',	'2024-01-12 06:23:31'),
(892,	'All HIV positive clients linked for ART ',	'individual',	3,	'{\"tPlkE\":\"yes\",\"SQRtZ\":\"no\"}',	'radio_opt',	0,	98,	'2024-01-12 09:23:31',	1,	'2024-01-12 06:23:31',	'2024-01-12 06:23:31'),
(893,	'All linked clients have a CCC number and name of facility indicated',	'individual',	3,	'{\"nVWxT\":\"yes\",\"pTVSm\":\"no\"}',	'radio_opt',	0,	98,	'2024-01-12 09:23:31',	1,	'2024-01-12 06:23:31',	'2024-01-12 06:23:31'),
(894,	'Clients not linked have outcomes of follow up and phone calls documented.',	'individual',	3,	'{\"jvoNQ\":\"yes\",\"SAFWK\":\"no\"}',	'radio_opt',	0,	98,	'2024-01-12 09:23:31',	1,	'2024-01-12 06:23:31',	'2024-01-12 06:23:31'),
(895,	'Partner Testing Services',	'individual',	3,	'{\"trvjD\":\"\"}',	'radio_opt',	0,	98,	'2024-01-12 09:23:31',	1,	'2024-01-12 06:23:31',	'2024-01-12 06:23:31'),
(896,	'One HTS and PNS register in place to document testing of PNS contacts.',	'facility',	3,	'{\"VjSEe\":\"yes\",\"WDqVz\":\"no\"}',	'radio_opt',	0,	98,	'2024-01-12 09:23:31',	1,	'2024-01-12 06:23:31',	'2024-01-12 06:23:31'),
(897,	'The counsellor understands PNS strategy or trained? ',	'individual',	3,	'{\"ByhAa\":\"yes\",\"neRWK\":\"no\"}',	'radio_opt',	0,	98,	'2024-01-12 09:23:31',	1,	'2024-01-12 06:23:31',	'2024-01-12 06:23:31'),
(898,	'All HIV positive clients from the HTS registers are documented in the PNS register ',	'individual',	3,	'{\"Nyclk\":\"yes\",\"wcmsf\":\"no\"}',	'radio_opt',	0,	98,	'2024-01-12 09:23:31',	1,	'2024-01-12 06:23:31',	'2024-01-12 06:23:31'),
(899,	'Contacts of index clients are listed (minimum of three)',	'individual',	3,	'{\"IlXFc\":\"yes\",\"iXdNf\":\"no\"}',	'radio_opt',	0,	98,	'2024-01-12 09:23:31',	1,	'2024-01-12 06:23:31',	'2024-01-12 06:23:31'),
(900,	'Date and outcome of HIV result documented for all contacts tested',	'individual',	3,	'{\"qwZtG\":\"yes\",\"Cokey\":\"no\"}',	'radio_opt',	0,	98,	'2024-01-12 09:23:31',	1,	'2024-01-12 06:23:31',	'2024-01-12 06:23:31'),
(901,	'All HIV positive clients contacts are listed as index clients and contacts identified ',	'individual',	3,	'{\"uEIbt\":\"yes\",\"qAFMC\":\"no\"}',	'radio_opt',	0,	98,	'2024-01-12 09:23:31',	1,	'2024-01-12 06:23:31',	'2024-01-12 06:23:31'),
(902,	'HTS Quality Assurance',	'facility',	3,	'{\"VNQzK\":\"\"}',	'radio_opt',	0,	98,	'2024-01-12 09:23:31',	1,	'2024-01-12 06:23:31',	'2024-01-12 06:23:31'),
(903,	'HTS and Biomedical officers Contracts in the File - Observe',	'individual',	3,	'{\"OiPQz\":\"yes\",\"HIQPF\":\"no\"}',	'radio_opt',	0,	98,	'2024-01-12 09:23:31',	1,	'2024-01-12 06:23:31',	'2024-01-12 06:23:31'),
(904,	'All biomedical officers and HTS counsellors have received an annual refresher training (Indicate month/year of last update)',	'facility',	3,	'{\"eCais\":\"yes\",\"TiwGb\":\"no\"}',	'radio_opt',	0,	98,	'2024-01-12 09:23:31',	1,	'2024-01-12 06:23:31',	'2024-01-12 06:23:31'),
(905,	'All biomedical officers and HTS Counselors are enrolled in PT, Indicate date enrolled',	'facility',	3,	'{\"qIQxA\":\"yes\",\"kMNxW\":\"no\"}',	'radio_opt',	0,	98,	'2024-01-12 09:23:31',	1,	'2024-01-12 06:23:31',	'2024-01-12 06:23:31'),
(906,	'All biomedical officers and HTS counsellors have done and received PT results in the last quarter. Results filed available and filed  dated too',	'facility',	3,	'{\"RtwnZ\":\"yes\",\"fLFMA\":\"no\"}',	'radio_opt',	0,	98,	'2024-01-12 09:23:31',	1,	'2024-01-12 06:23:31',	'2024-01-12 06:23:31'),
(907,	'All biomedical officers and HTS counsellors have had an observed practice done in the last 6 months (Indicate month/year of last update)',	'facility',	3,	'',	'textfield_s',	0,	98,	'2024-01-12 09:23:31',	1,	'2024-01-12 06:23:31',	'2024-01-12 06:23:31'),
(908,	'A well-structured , arranged and conducive counseling and testing room',	'facility',	3,	'{\"EVnAm\":\"yes\",\"LNmRX\":\"no\"}',	'radio_opt',	0,	98,	'2024-01-12 09:23:31',	1,	'2024-01-12 06:23:31',	'2024-01-12 06:23:31'),
(909,	'Safety management  and procedures conducted at the site',	'facility',	3,	'{\"uCcgN\":\"yes\",\"QPTGz\":\"no\"}',	'radio_opt',	0,	98,	'2024-01-12 09:23:31',	1,	'2024-01-12 06:23:31',	'2024-01-12 06:23:31'),
(910,	'Data reported in the DHIS (verify monthly summary reports with the link facility)',	'facility',	3,	'{\"omiCv\":\"yes\",\"UTZju\":\"no\"}',	'radio_opt',	0,	98,	'2024-01-12 09:23:31',	1,	'2024-01-12 06:23:31',	'2024-01-12 06:23:31'),
(911,	'RTK Management',	'facility',	3,	'{\"hPGdD\":\"\"}',	'radio_opt',	0,	98,	'2024-01-12 09:23:31',	1,	'2024-01-12 06:23:31',	'2024-01-12 06:23:31'),
(912,	'Availability of Current & signed lab SOPs & Job Aids.',	'facility',	3,	'{\"TYaSf\":\"yes\",\"pJSyW\":\"no\"}',	'radio_opt',	0,	98,	'2024-01-12 09:23:31',	1,	'2024-01-12 06:23:31',	'2024-01-12 06:23:31'),
(913,	'Availability of updated  top up card',	'facility',	3,	'{\"OpIsv\":\"yes\",\"YflZF\":\"no\"}',	'radio_opt',	0,	98,	'2024-01-12 09:23:31',	1,	'2024-01-12 06:23:31',	'2024-01-12 06:23:31'),
(914,	'Availability of updated DAR',	'facility',	3,	'{\"ueBID\":\"yes\",\"FQpzN\":\"no\"}',	'radio_opt',	0,	98,	'2024-01-12 09:23:31',	1,	'2024-01-12 06:23:31',	'2024-01-12 06:23:31'),
(915,	'RTK stock counts have above 3 months of expiry.',	'facility',	3,	'{\"Hsvuq\":\"yes\",\"FAPcW\":\"no\"}',	'radio_opt',	0,	98,	'2024-01-12 09:23:31',	1,	'2024-01-12 06:23:31',	'2024-01-12 06:23:31'),
(916,	'RTK weekly tracking tool available and correctly used.',	'facility',	3,	'{\"njxCh\":\"yes\",\"pDaMn\":\"no\"}',	'radio_opt',	0,	98,	'2024-01-12 09:23:31',	1,	'2024-01-12 06:23:31',	'2024-01-12 06:23:31'),
(917,	'Thermometer available & in use (Store /SDP)',	'facility',	3,	'{\"LYnti\":\"yes\",\"ZsHwp\":\"no\"}',	'radio_opt',	0,	98,	'2024-01-12 09:23:31',	1,	'2024-01-12 06:23:31',	'2024-01-12 06:23:31'),
(918,	'Temperature monitoring log available & updated (Store /SDP)',	'facility',	3,	'{\"JApHy\":\"yes\",\"AVYXQ\":\"no\"}',	'radio_opt',	0,	98,	'2024-01-12 09:23:31',	1,	'2024-01-12 06:23:31',	'2024-01-12 06:23:31'),
(919,	'Temperature monitoring logs updated with pervious logs filed',	'facility',	3,	'{\"jkwFV\":\"yes\",\"MnZXL\":\"no\"}',	'radio_opt',	0,	98,	'2024-01-12 09:23:31',	1,	'2024-01-12 06:23:31',	'2024-01-12 06:23:31'),
(920,	'Store lockable & access  controlled',	'facility',	3,	'{\"YonXA\":\"yes\",\"vWuHE\":\"no\"}',	'radio_opt',	0,	98,	'2024-01-12 09:23:31',	1,	'2024-01-12 06:23:31',	'2024-01-12 06:23:31'),
(921,	'Lockable Cabinet available at SDP',	'facility',	3,	'{\"Zqniv\":\"yes\",\"LXAxT\":\"no\"}',	'radio_opt',	0,	98,	'2024-01-12 09:23:31',	1,	'2024-01-12 06:23:31',	'2024-01-12 06:23:31'),
(922,	'Kits diluents (buffer) available (Store/SDP)',	'facility',	3,	'{\"UyMFG\":\"yes\",\"tGlZK\":\"no\"}',	'radio_opt',	0,	98,	'2024-01-12 09:23:31',	1,	'2024-01-12 06:23:31',	'2024-01-12 06:23:31'),
(923,	'Delivery notes, issue vouchers filed to show evidence of the kits issued or received in the Site.',	'facility',	3,	'{\"kwPvH\":\"yes\",\"Ijsrp\":\"no\"}',	'radio_opt',	0,	98,	'2024-01-12 09:23:31',	1,	'2024-01-12 06:23:31',	'2024-01-12 06:23:31'),
(924,	'Waste bins available and in use',	'facility',	3,	'{\"IqGxW\":\"yes\",\"OvKpA\":\"no\"}',	'radio_opt',	0,	98,	'2024-01-12 09:23:31',	1,	'2024-01-12 06:23:31',	'2024-01-12 06:23:31'),
(925,	'Sharp container available & correctly used',	'facility',	3,	'{\"RdxwM\":\"yes\",\"HtvbW\":\"no\"}',	'radio_opt',	0,	98,	'2024-01-12 09:23:31',	1,	'2024-01-12 06:23:31',	'2024-01-12 06:23:31'),
(926,	'Storage space sufficient to accommodate stocks.',	'facility',	3,	'{\"DuPnI\":\"yes\",\"NEFSX\":\"no\"}',	'radio_opt',	0,	98,	'2024-01-12 09:23:31',	1,	'2024-01-12 06:23:31',	'2024-01-12 06:23:31'),
(975,	'Documentation',	'facility',	3,	'{\"vlZtS\":\"\"}',	'radio_opt',	0,	99,	'2024-01-12 09:40:02',	1,	'2024-01-12 06:40:02',	'2024-01-12 06:40:02'),
(976,	'Patient registers available and in use at the site (STI register, Prep register, PLHIV tracking register, FP register, NCD register - Confirm correct version)',	'facility',	3,	'',	'textfield_s',	0,	99,	'2024-01-12 09:40:02',	1,	'2024-01-12 06:40:02',	'2024-01-12 06:40:02'),
(977,	'Complete documentation done at the site (verify STI register, Prep register, PLHIV tracking register, FP register, NCD register etc.)',	'facility',	3,	'',	'textfield_s',	0,	99,	'2024-01-12 09:40:02',	1,	'2024-01-12 06:40:02',	'2024-01-12 06:40:02'),
(978,	'Registers regularly reviewed and signed by site In-charges and Program Officer for QA.',	'facility',	3,	'{\"vXQWg\":\"yes\",\"hYaKZ\":\"no\"}',	'radio_opt',	0,	99,	'2024-01-12 09:40:02',	1,	'2024-01-12 06:40:02',	'2024-01-12 06:40:02'),
(979,	'Condom provision and promotion',	'facility',	3,	'{\"gfjGw\":\"\"}',	'radio_opt',	0,	99,	'2024-01-12 09:40:02',	1,	'2024-01-12 06:40:02',	'2024-01-12 06:40:02'),
(980,	'Register for condom education at site',	'facility',	3,	'{\"aGljF\":\"yes\",\"XcBqP\":\"no\"}',	'radio_opt',	0,	99,	'2024-01-12 09:40:02',	1,	'2024-01-12 06:40:02',	'2024-01-12 06:40:02'),
(981,	'Condoms available at the site  ',	'facility',	3,	'{\"ucyJV\":\"yes\",\"vqUHt\":\"no\"}',	'radio_opt',	0,	99,	'2024-01-12 09:40:02',	1,	'2024-01-12 06:40:02',	'2024-01-12 06:40:02'),
(982,	'Supply consistent for the last 3 months',	'facility',	3,	'{\"AGgKE\":\"yes\",\"DIjur\":\"no\"}',	'radio_opt',	0,	99,	'2024-01-12 09:40:02',	1,	'2024-01-12 06:40:02',	'2024-01-12 06:40:02'),
(983,	'Condom education offered to AGWY (15-24years) (Review 10 charts, calculate %)',	'individual',	3,	'',	'number_opt',	0,	99,	'2024-01-12 09:40:02',	1,	'2024-01-12 06:40:02',	'2024-01-12 06:40:02'),
(984,	'Distribution list for condom provision (check documentation)',	'facility',	3,	'{\"KpjEk\":\"yes\",\"tulaU\":\"no\"}',	'radio_opt',	0,	99,	'2024-01-12 09:40:02',	1,	'2024-01-12 06:40:02',	'2024-01-12 06:40:02'),
(985,	'Condom dispensers at the ward/site',	'facility',	3,	'{\"hXlmx\":\"yes\",\"lsnbm\":\"no\"}',	'radio_opt',	0,	99,	'2024-01-12 09:40:02',	1,	'2024-01-12 06:40:02',	'2024-01-12 06:40:02'),
(986,	'NCDs screening/intervention',	'facility',	3,	'{\"wNrTJ\":\"yes\",\"VJZMq\":\"no\"}',	'radio_opt',	0,	99,	'2024-01-12 09:40:02',	1,	'2024-01-12 06:40:02',	'2024-01-12 06:40:02'),
(987,	'Mental Health screening PHQ4 and PHQ9',	'individual',	3,	'{\"mnGwV\":\"yes\",\"RICcO\":\"no\"}',	'radio_opt',	0,	99,	'2024-01-12 09:40:02',	1,	'2024-01-12 06:40:02',	'2024-01-12 06:40:02'),
(988,	'Family planning',	'facility',	3,	'{\"CXPVJ\":\"\"}',	'radio_opt',	0,	99,	'2024-01-12 09:40:02',	1,	'2024-01-12 06:40:02',	'2024-01-12 06:40:02'),
(989,	'Staff trained on provision of contraceptive/ FP methods',	'facility',	3,	'{\"XCEGD\":\"yes\",\"WBSsn\":\"no\"}',	'radio_opt',	0,	99,	'2024-01-12 09:40:02',	1,	'2024-01-12 06:40:02',	'2024-01-12 06:40:02'),
(990,	'All staffs trained on FP commodity management',	'facility',	3,	'{\"tEgaM\":\"yes\",\"sgFty\":\"no\"}',	'radio_opt',	0,	99,	'2024-01-12 09:40:02',	1,	'2024-01-12 06:40:02',	'2024-01-12 06:40:02'),
(991,	'FP commodities available at the site',	'facility',	3,	'{\"aHlkN\":\"yes\",\"IrhPa\":\"no\"}',	'radio_opt',	0,	99,	'2024-01-12 09:40:02',	1,	'2024-01-12 06:40:02',	'2024-01-12 06:40:02'),
(992,	'Consistent supply in the last 3 months',	'facility',	3,	'{\"SaGzr\":\"yes\",\"hqgUH\":\"no\"}',	'radio_opt',	0,	99,	'2024-01-12 09:40:02',	1,	'2024-01-12 06:40:02',	'2024-01-12 06:40:02'),
(993,	'Site has a complete demonstration tray or bag for contraceptives education',	'facility',	3,	'{\"rJxLM\":\"yes\",\"MEaqk\":\"no\"}',	'radio_opt',	0,	99,	'2024-01-12 09:40:02',	1,	'2024-01-12 06:40:02',	'2024-01-12 06:40:02'),
(994,	'Source of FP commodities',	'facility',	3,	'',	'textfield_s',	0,	99,	'2024-01-12 09:40:02',	1,	'2024-01-12 06:40:02',	'2024-01-12 06:40:02'),
(995,	'CMM education offered at the site (review 10 charts, calculate %)',	'facility',	3,	'',	'number_opt',	0,	99,	'2024-01-12 09:40:02',	1,	'2024-01-12 06:40:02',	'2024-01-12 06:40:02'),
(996,	'FP services offered to all eligible clients (review 10 charts, calculate uptake)',	'individual',	3,	'',	'number_opt',	0,	99,	'2024-01-12 09:40:02',	1,	'2024-01-12 06:40:02',	'2024-01-12 06:40:02'),
(997,	'Sexual Reproductive Health',	'facility',	3,	'{\"ogPMe\":\"\"}',	'radio_opt',	0,	99,	'2024-01-12 09:40:02',	1,	'2024-01-12 06:40:02',	'2024-01-12 06:40:02'),
(998,	'Adolescents and Youth Toll free line displayed in a strategic place',	'facility',	3,	'{\"PZRBK\":\"yes\",\"PsUbO\":\"no\"}',	'radio_opt',	0,	99,	'2024-01-12 09:40:02',	1,	'2024-01-12 06:40:02',	'2024-01-12 06:40:02'),
(999,	'Are site staff oriented on provision of Youth Friendly Services',	'facility',	3,	'{\"SAfBR\":\"yes\",\"IrySl\":\"no\"}',	'radio_opt',	0,	99,	'2024-01-12 09:40:02',	1,	'2024-01-12 06:40:02',	'2024-01-12 06:40:02'),
(1000,	'What are the main challenges at this site in offering Youth Friendly Services to Adolescents and Youth',	'facility',	3,	'',	'textfield_s',	0,	99,	'2024-01-12 09:40:02',	1,	'2024-01-12 06:40:02',	'2024-01-12 06:40:02'),
(1001,	'Are there Adolescents and Youth appropriate IEC materials strategically placed',	'facility',	3,	'{\"AmLHX\":\"yes\",\"XYuDs\":\"no\"}',	'radio_opt',	0,	99,	'2024-01-12 09:40:02',	1,	'2024-01-12 06:40:02',	'2024-01-12 06:40:02'),
(1002,	'AGYWs routinely screened for pregnancy',	'facility',	3,	'{\"qUhcJ\":\"yes\",\"vaGyk\":\"no\"}',	'radio_opt',	0,	99,	'2024-01-12 09:40:02',	1,	'2024-01-12 06:40:02',	'2024-01-12 06:40:02'),
(1003,	'Referral done to those screened positive',	'facility',	3,	'{\"pARKJ\":\"yes\",\"wMqpv\":\"no\"}',	'radio_opt',	0,	99,	'2024-01-12 09:40:02',	1,	'2024-01-12 06:40:02',	'2024-01-12 06:40:02'),
(1004,	'Tracker for pregnant adolescent available at the site with documented services provided. ',	'facility',	3,	'{\"ZbQFh\":\"yes\",\"yOHdw\":\"no\"}',	'radio_opt',	0,	99,	'2024-01-12 09:40:02',	1,	'2024-01-12 06:40:02',	'2024-01-12 06:40:02'),
(1005,	'Documentation done in the referral inventory (verify)',	'facility',	3,	'{\"TZuhs\":\"yes\",\"kAimM\":\"no\"}',	'radio_opt',	0,	99,	'2024-01-12 09:40:02',	1,	'2024-01-12 06:40:02',	'2024-01-12 06:40:02'),
(1006,	'Biomedical officers conduct ANC follow ups and document (review inventory)',	'facility',	3,	'',	'textfield_s',	0,	99,	'2024-01-12 09:40:02',	1,	'2024-01-12 06:40:02',	'2024-01-12 06:40:02'),
(1007,	'Cervical cancer screening for eligibility/referral',	'facility',	3,	'{\"ukBqd\":\"\"}',	'radio_opt',	0,	99,	'2024-01-12 09:40:02',	1,	'2024-01-12 06:40:02',	'2024-01-12 06:40:02'),
(1008,	'Referral of eligible girls/young women for cervical cancer screening(check referral directory)',	'facility',	3,	'{\"LisIv\":\"yes\",\"uGXzm\":\"no\"}',	'radio_opt',	0,	99,	'2024-01-12 09:40:02',	1,	'2024-01-12 06:40:02',	'2024-01-12 06:40:02'),
(1009,	'Evidence of referral of positive VIA/Suspect for Ca Cx (check referral directory)',	'facility',	3,	'{\"UxDXQ\":\"yes\",\"sWYRB\":\"no\"}',	'radio_opt',	0,	99,	'2024-01-12 09:40:02',	1,	'2024-01-12 06:40:02',	'2024-01-12 06:40:02'),
(1010,	'Referral done to AGYW eligible for HPV vaccine (check 5 file, calculate %)',	'facility',	3,	'',	'number_opt',	0,	99,	'2024-01-12 09:40:02',	1,	'2024-01-12 06:40:02',	'2024-01-12 06:40:02'),
(1011,	'PrEP',	'facility',	3,	'{\"QClty\":\"\"}',	'radio_opt',	0,	99,	'2024-01-12 09:40:02',	1,	'2024-01-12 06:40:02',	'2024-01-12 06:40:02'),
(1012,	'Tick if available/documented;',	'facility',	3,	'{\"gFohi\":\"\"}',	'radio_opt',	0,	99,	'2024-01-12 09:40:02',	1,	'2024-01-12 06:40:02',	'2024-01-12 06:40:02'),
(1013,	' PrEP DAR available',	'facility',	3,	'{\"sjypX\":\"yes\",\"YdeCI\":\"no\"}',	'radio_opt',	0,	99,	'2024-01-12 09:40:02',	1,	'2024-01-12 06:40:02',	'2024-01-12 06:40:02'),
(1014,	' PrEP register in place.',	'facility',	3,	'{\"NpTrR\":\"yes\",\"eEVaA\":\"no\"}',	'radio_opt',	0,	99,	'2024-01-12 09:40:02',	1,	'2024-01-12 06:40:02',	'2024-01-12 06:40:02'),
(1015,	' Clients receiving PrEP are documented in the PrEP register.',	'facility',	3,	'{\"hYfon\":\"yes\",\"RtQJP\":\"no\"}',	'radio_opt',	0,	99,	'2024-01-12 09:40:02',	1,	'2024-01-12 06:40:02',	'2024-01-12 06:40:02'),
(1016,	' Outcomes documented for clients who have stopped PrEP.',	'facility',	3,	'{\"vExHq\":\"yes\",\"Woilp\":\"no\"}',	'radio_opt',	0,	99,	'2024-01-12 09:40:02',	1,	'2024-01-12 06:40:02',	'2024-01-12 06:40:02'),
(1017,	'STI',	'facility',	3,	'{\"wtPhO\":\"\"}',	'radio_opt',	0,	99,	'2024-01-12 09:40:02',	1,	'2024-01-12 06:40:02',	'2024-01-12 06:40:02'),
(1018,	'All AGYWs have received an STI screening',	'facility',	3,	'{\"kJSxu\":\"yes\",\"pdcBR\":\"no\"}',	'radio_opt',	0,	99,	'2024-01-12 09:40:02',	1,	'2024-01-12 06:40:02',	'2024-01-12 06:40:02'),
(1019,	' Routine STI screening conducted',	'facility',	3,	'{\"IijfM\":\"yes\",\"weXRj\":\"no\"}',	'radio_opt',	0,	99,	'2024-01-12 09:40:02',	1,	'2024-01-12 06:40:02',	'2024-01-12 06:40:02'),
(1020,	'  AR for STI commodities available',	'facility',	3,	'{\"ilryB\":\"yes\",\"rwyZi\":\"no\"}',	'radio_opt',	0,	99,	'2024-01-12 09:40:02',	1,	'2024-01-12 06:40:02',	'2024-01-12 06:40:02'),
(1021,	'Treatment offered to all AGYWs screened positive for STI(Verify STI register and 10 charts)',	'facility',	3,	'',	'number_opt',	0,	99,	'2024-01-12 09:40:02',	1,	'2024-01-12 06:40:02',	'2024-01-12 06:40:02'),
(1022,	'Referral done to STI positive AGYWs for STI treatment not offered(review referral inventory)',	'facility',	3,	'{\"SjlZn\":\"yes\",\"xUuOi\":\"no\"}',	'radio_opt',	0,	99,	'2024-01-12 09:40:02',	1,	'2024-01-12 06:40:02',	'2024-01-12 06:40:02'),
(1023,	'AYLHIV tracking',	'facility',	3,	'{\"ABtlV\":\"\"}',	'radio_opt',	0,	99,	'2024-01-12 09:40:02',	1,	'2024-01-12 06:40:02',	'2024-01-12 06:40:02'),
(1024,	'AYLHIV tracking done at the ward/site',	'facility',	3,	'{\"likrz\":\"yes\",\"eAsuc\":\"no\"}',	'radio_opt',	0,	99,	'2024-01-12 09:40:02',	1,	'2024-01-12 06:40:02',	'2024-01-12 06:40:02'),
(1025,	'Viral loads for the AGYWs documented in the PLHIV tracking register (calculate %)',	'facility',	3,	'',	'number_opt',	0,	99,	'2024-01-12 09:40:02',	1,	'2024-01-12 06:40:02',	'2024-01-12 06:40:02'),
(1026,	'Updated Education SOP available at the site ',	'facility',	3,	'{\"lejtN\":\"yes\",\"xlite\":\"no\"}',	'radio_opt',	0,	100,	'2024-01-12 09:41:42',	1,	'2024-01-12 06:41:42',	'2024-01-12 06:41:42'),
(1027,	'Verify the selection criteria (Check CAB minutes)',	'facility',	3,	'{\"Yopyl\":\"yes\",\"kBPoY\":\"no\"}',	'radio_opt',	0,	100,	'2024-01-12 09:41:42',	1,	'2024-01-12 06:41:42',	'2024-01-12 06:41:42'),
(1028,	'Home visits to verify SEC status (verify if done  check availability of tool In the file)',	'facility',	3,	'{\"sJTlU\":\"yes\",\"LFEhT\":\"no\"}',	'radio_opt',	0,	100,	'2024-01-12 09:41:42',	1,	'2024-01-12 06:41:42',	'2024-01-12 06:41:42'),
(1029,	'Do 100% of beneficiary file have school fees statement/Invoices filed (review all list of beneficiaries who received education support)',	'facility',	3,	'',	'number_opt',	0,	100,	'2024-01-12 09:41:42',	1,	'2024-01-12 06:41:42',	'2024-01-12 06:41:42'),
(1030,	'Do 100% of beneficiary files have school fees receipts? (review all list of beneficiaries who received education support)',	'facility',	3,	'',	'number_opt',	0,	100,	'2024-01-12 09:41:42',	1,	'2024-01-12 06:41:42',	'2024-01-12 06:41:42'),
(1031,	'Progress report (Report Form) and evidence of monitoring performance',	'facility',	3,	'{\"YvuQo\":\"yes\",\"sZiIG\":\"no\"}',	'radio_opt',	0,	100,	'2024-01-12 09:41:42',	1,	'2024-01-12 06:41:42',	'2024-01-12 06:41:42'),
(1032,	'Dignity pack distribution list available (verify)',	'facility',	3,	'{\"XoIqU\":\"yes\",\"OipQN\":\"no\"}',	'radio_opt',	0,	100,	'2024-01-12 09:41:42',	1,	'2024-01-12 06:41:42',	'2024-01-12 06:41:42'),
(1033,	'Uniforms distribution list available (verify)',	'facility',	3,	'{\"CcNoQ\":\"yes\",\"xBFYh\":\"no\"}',	'radio_opt',	0,	100,	'2024-01-12 09:41:42',	1,	'2024-01-12 06:41:42',	'2024-01-12 06:41:42'),
(1034,	'Stationery distribution list available (verify)',	'facility',	3,	'{\"IQBOz\":\"yes\",\"FWvug\":\"no\"}',	'radio_opt',	0,	100,	'2024-01-12 09:41:42',	1,	'2024-01-12 06:41:42',	'2024-01-12 06:41:42'),
(1035,	'Do all beneficiary files who received education support files have latest performance progress report (report form) from for beneficiaries (have last report third and first term? (review 10 charts)',	'facility',	3,	'',	'number_opt',	0,	100,	'2024-01-12 09:41:42',	1,	'2024-01-12 06:41:42',	'2024-01-12 06:41:42'),
(1036,	'Documented remedial action taken on poor performance on fee subsidies? Report outlining any action taken/innovation',	'facility',	3,	'{\"xWDjM\":\"yes\",\"fqvkG\":\"no\"}',	'radio_opt',	0,	100,	'2024-01-12 09:41:42',	1,	'2024-01-12 06:41:42',	'2024-01-12 06:41:42'),
(1048,	'Updated Combined socio economic approaches SOP available, outlining the 5 elements of ES; ',	'facility',	3,	'{\"CNBQK\":\"yes\",\"TaibH\":\"no\"}',	'radio_opt',	0,	101,	'2024-01-12 09:47:47',	1,	'2024-01-12 06:47:47',	'2024-01-12 06:47:47'),
(1049,	'Should be aligned to the 5 core components;',	'facility',	3,	'{\"dSvnh\":\"\"}',	'radio_opt',	0,	101,	'2024-01-12 09:47:47',	1,	'2024-01-12 06:47:47',	'2024-01-12 06:47:47'),
(1050,	'1. Market Assessment',	'facility',	3,	'',	'textfield_s',	0,	101,	'2024-01-12 09:47:47',	1,	'2024-01-12 06:47:47',	'2024-01-12 06:47:47'),
(1051,	'2. Tailored training to develop entrepreneurial mindset',	'facility',	3,	'',	'textfield_s',	0,	101,	'2024-01-12 09:47:47',	1,	'2024-01-12 06:47:47',	'2024-01-12 06:47:47'),
(1052,	'3. Bridge to employment including business startup kit, career guide etc.',	'facility',	3,	'',	'textfield_s',	0,	101,	'2024-01-12 09:47:47',	1,	'2024-01-12 06:47:47',	'2024-01-12 06:47:47'),
(1053,	'4. Savings groups',	'facility',	3,	'',	'textfield_s',	0,	101,	'2024-01-12 09:47:47',	1,	'2024-01-12 06:47:47',	'2024-01-12 06:47:47'),
(1054,	'5. Business networks including mentorship and coaching',	'facility',	3,	'',	'textfield_s',	0,	101,	'2024-01-12 09:47:47',	1,	'2024-01-12 06:47:47',	'2024-01-12 06:47:47'),
(1055,	'Check on updated economic strengthening SOP specifying selection of appropriate pathway informed by market assessment.',	'facility',	3,	'',	'textfield_s',	0,	101,	'2024-01-12 09:47:47',	1,	'2024-01-12 06:47:47',	'2024-01-12 06:47:47'),
(1056,	'What is the Selection criteria used to identify girls eligible for; ',	'facility',	3,	'{\"jroRL\":\"\"}',	'radio_opt',	0,	101,	'2024-01-12 09:47:47',	1,	'2024-01-12 06:47:47',	'2024-01-12 06:47:47'),
(1057,	' Linkage to micro finance(VSLA)',	'facility',	3,	'',	'textfield_s',	0,	101,	'2024-01-12 09:47:47',	1,	'2024-01-12 06:47:47',	'2024-01-12 06:47:47'),
(1058,	' Vocational training',	'facility',	3,	'',	'textfield_s',	0,	101,	'2024-01-12 09:47:47',	1,	'2024-01-12 06:47:47',	'2024-01-12 06:47:47'),
(1059,	' Linkage to employment',	'facility',	3,	'',	'textfield_s',	0,	101,	'2024-01-12 09:47:47',	1,	'2024-01-12 06:47:47',	'2024-01-12 06:47:47'),
(1060,	' Entrepreneur training',	'facility',	3,	'',	'textfield_s',	0,	101,	'2024-01-12 09:47:47',	1,	'2024-01-12 06:47:47',	'2024-01-12 06:47:47'),
(1061,	'Linkage to microfinance;',	'facility',	3,	'{\"XyiQo\":\"\"}',	'radio_opt',	0,	101,	'2024-01-12 09:47:47',	1,	'2024-01-12 06:47:47',	'2024-01-12 06:47:47'),
(1062,	' Check for loaning and saving tracker (AGYW particpating in this component)',	'facility',	3,	'{\"IQmOr\":\"yes\",\"pCkHo\":\"no\"}',	'radio_opt',	0,	101,	'2024-01-12 09:47:47',	1,	'2024-01-12 06:47:47',	'2024-01-12 06:47:47'),
(1063,	'Vocational training ',	'facility',	3,	'{\"nkvGb\":\"\"}',	'radio_opt',	0,	101,	'2024-01-12 09:47:47',	1,	'2024-01-12 06:47:47',	'2024-01-12 06:47:47'),
(1064,	' Do the site verify beneficiary information? How?',	'facility',	3,	'',	'textfield_s',	0,	101,	'2024-01-12 09:47:47',	1,	'2024-01-12 06:47:47',	'2024-01-12 06:47:47'),
(1065,	' Does AGYW file have a completed home visit form? Check for household visit form in all AGYW files who have received vocational support fee by (CIHEB)',	'facility',	3,	'{\"bzPNU\":\"yes\",\"ENoIX\":\"no\"}',	'radio_opt',	0,	101,	'2024-01-12 09:47:47',	1,	'2024-01-12 06:47:47',	'2024-01-12 06:47:47'),
(1066,	' Do the site track attendance and progress of AGYW on vocational training (Check the vocational training tracker - check details of AGYW who have benefited from last year to date)',	'facility',	3,	'{\"typMs\":\"yes\",\"fEblh\":\"no\"}',	'radio_opt',	0,	101,	'2024-01-12 09:47:47',	1,	'2024-01-12 06:47:47',	'2024-01-12 06:47:47'),
(1067,	' Do beneficiary files have college invoice/ fee statement in the file?',	'facility',	3,	'{\"imPwN\":\"yes\",\"ZNHrx\":\"no\"}',	'radio_opt',	0,	101,	'2024-01-12 09:47:47',	1,	'2024-01-12 06:47:47',	'2024-01-12 06:47:47'),
(1068,	' Do beneficiary file have receipts?',	'facility',	3,	'{\"SXKRi\":\"yes\",\"SbMnO\":\"no\"}',	'radio_opt',	0,	101,	'2024-01-12 09:47:47',	1,	'2024-01-12 06:47:47',	'2024-01-12 06:47:47'),
(1069,	' Do beneficiary file have progress report/graduation certificate? Check tracker for monitoring of progress and school attendance of those in vocational school).',	'facility',	3,	'{\"BZpuq\":\"yes\",\"yXriS\":\"no\"}',	'radio_opt',	0,	101,	'2024-01-12 09:47:47',	1,	'2024-01-12 06:47:47',	'2024-01-12 06:47:47'),
(1070,	' CAB minutes to show prioritization',	'facility',	3,	'',	'textfield_s',	0,	101,	'2024-01-12 09:47:47',	1,	'2024-01-12 06:47:47',	'2024-01-12 06:47:47'),
(1071,	'Is linkage to employment/internship being done? Verify',	'facility',	3,	'{\"VnvtU\":\"yes\",\"YrHFn\":\"no\"}',	'radio_opt',	0,	101,	'2024-01-12 09:47:47',	1,	'2024-01-12 06:47:47',	'2024-01-12 06:47:47'),
(1072,	'Tracker for AGYW linked for employment - List of beneficiaries linked to employment.',	'facility',	3,	'{\"JNndt\":\"yes\",\"gsIaJ\":\"no\"}',	'radio_opt',	0,	101,	'2024-01-12 09:47:47',	1,	'2024-01-12 06:47:47',	'2024-01-12 06:47:47'),
(1073,	'Financial Capability  (Review FC register for completion) should be signed by PA/In-In charge ',	'facility',	3,	'{\"aEMND\":\"yes\",\"YfyDB\":\"no\"}',	'radio_opt',	0,	101,	'2024-01-12 09:47:47',	1,	'2024-01-12 06:47:47',	'2024-01-12 06:47:47'),
(1074,	'Entrepreneur training (review register for completion) should be signed by PA and In charge ',	'facility',	3,	'{\"FBgcp\":\"yes\",\"NMdZS\":\"no\"}',	'radio_opt',	0,	101,	'2024-01-12 09:47:47',	1,	'2024-01-12 06:47:47',	'2024-01-12 06:47:47'),
(1075,	'EBIS offered at the site/ward/safe spaces (Check registers for completeness and signing by PA)',	'facility',	3,	'{\"wpaxU\":\"\"}',	'radio_opt',	0,	102,	'2024-01-12 09:49:50',	1,	'2024-01-12 06:49:50',	'2024-01-12 06:49:50'),
(1076,	' HCBF',	'facility',	3,	'{\"cCSpw\":\"yes\",\"wasKU\":\"no\"}',	'radio_opt',	0,	102,	'2024-01-12 09:49:50',	1,	'2024-01-12 06:49:50',	'2024-01-12 06:49:50'),
(1077,	' MHMC',	'facility',	3,	'{\"knrEO\":\"yes\",\"argyC\":\"no\"}',	'radio_opt',	0,	102,	'2024-01-12 09:49:50',	1,	'2024-01-12 06:49:50',	'2024-01-12 06:49:50'),
(1078,	' SHUGA ii',	'facility',	3,	'{\"WaDAN\":\"yes\",\"rmwen\":\"no\"}',	'radio_opt',	0,	102,	'2024-01-12 09:49:50',	1,	'2024-01-12 06:49:50',	'2024-01-12 06:49:50'),
(1079,	' RESPECT-K',	'facility',	3,	'{\"HeQmX\":\"yes\",\"sDZBU\":\"no\"}',	'radio_opt',	0,	102,	'2024-01-12 09:49:50',	1,	'2024-01-12 06:49:50',	'2024-01-12 06:49:50'),
(1080,	' Sister to Sister',	'facility',	3,	'{\"VouvU\":\"yes\",\"CYSLF\":\"no\"}',	'radio_opt',	0,	102,	'2024-01-12 09:49:50',	1,	'2024-01-12 06:49:50',	'2024-01-12 06:49:50'),
(1081,	'Are there curriculums/guidelines for each of the EBIs (Tick if available)',	'facility',	3,	'{\"RISYZ\":\"\"}',	'radio_opt',	0,	102,	'2024-01-12 09:49:50',	1,	'2024-01-12 06:49:50',	'2024-01-12 06:49:50'),
(1082,	' HCBF',	'facility',	3,	'{\"bHXIZ\":\"yes\",\"RiouQ\":\"no\"}',	'radio_opt',	0,	102,	'2024-01-12 09:49:50',	1,	'2024-01-12 06:49:50',	'2024-01-12 06:49:50'),
(1083,	' MHMC',	'facility',	3,	'{\"zgVYw\":\"yes\",\"Iwhpc\":\"no\"}',	'radio_opt',	0,	102,	'2024-01-12 09:49:50',	1,	'2024-01-12 06:49:50',	'2024-01-12 06:49:50'),
(1084,	' Shuga II',	'facility',	3,	'{\"EUAvm\":\"yes\",\"lRFZE\":\"no\"}',	'radio_opt',	0,	102,	'2024-01-12 09:49:50',	1,	'2024-01-12 06:49:50',	'2024-01-12 06:49:50'),
(1085,	' RESPECT-K',	'facility',	3,	'{\"jZxQa\":\"yes\",\"ABaYV\":\"no\"}',	'radio_opt',	0,	102,	'2024-01-12 09:49:50',	1,	'2024-01-12 06:49:50',	'2024-01-12 06:49:50'),
(1086,	' Sister to Sister',	'facility',	3,	'{\"RzAJB\":\"yes\",\"vXkbl\":\"no\"}',	'radio_opt',	0,	102,	'2024-01-12 09:49:50',	1,	'2024-01-12 06:49:50',	'2024-01-12 06:49:50'),
(1087,	'Supervisions conducted during EBIs sessions (Documented at least one before graduation)',	'facility',	3,	'{\"EqKpY\":\"yes\",\"uMPsN\":\"no\"}',	'radio_opt',	0,	102,	'2024-01-12 09:49:50',	1,	'2024-01-12 06:49:50',	'2024-01-12 06:49:50'),
(1088,	'Have all girls completed sessions (review registers)',	'facility',	3,	'{\"izVtp\":\"yes\",\"pPALV\":\"no\"}',	'radio_opt',	0,	102,	'2024-01-12 09:49:50',	1,	'2024-01-12 06:49:50',	'2024-01-12 06:49:50'),
(1089,	'Make up sessions offered to the girls who missed any session(review and verify registers)',	'facility',	3,	'{\"nxodL\":\"yes\",\"proJf\":\"no\"}',	'radio_opt',	0,	102,	'2024-01-12 09:49:50',	1,	'2024-01-12 06:49:50',	'2024-01-12 06:49:50'),
(1090,	'Written SOPs/guidelines/algorithm for providing PVC services',	'facility',	3,	'{\"LWOBZ\":\"yes\",\"jtgqF\":\"no\"}',	'radio_opt',	0,	103,	'2024-01-12 09:51:31',	1,	'2024-01-12 06:51:31',	'2024-01-12 06:51:31'),
(1091,	'Have site providers been trained on LIVES? (Check on training reports)',	'facility',	3,	'{\"TGwWz\":\"yes\",\"OCsiN\":\"no\"}',	'radio_opt',	0,	103,	'2024-01-12 09:51:31',	1,	'2024-01-12 06:51:31',	'2024-01-12 06:51:31'),
(1092,	'Have mentors been trained on LOVES? (Check on training reports)',	'facility',	3,	'{\"Tofqi\":\"yes\",\"rjZaU\":\"no\"}',	'radio_opt',	0,	103,	'2024-01-12 09:51:31',	1,	'2024-01-12 06:51:31',	'2024-01-12 06:51:31'),
(1093,	'Site offers/has (verify registers);',	'facility',	3,	'{\"PAKwk\":\"\"}',	'radio_opt',	0,	103,	'2024-01-12 09:51:31',	1,	'2024-01-12 06:51:31',	'2024-01-12 06:51:31'),
(1094,	' Violence response, prevention and linkage',	'facility',	3,	'{\"JMDnh\":\"yes\",\"SjyWw\":\"no\"}',	'radio_opt',	0,	103,	'2024-01-12 09:51:31',	1,	'2024-01-12 06:51:31',	'2024-01-12 06:51:31'),
(1095,	'DREAMS GBV register in place  ',	'facility',	3,	'{\"UwaVl\":\"yes\",\"NmjzK\":\"no\"}',	'radio_opt',	0,	103,	'2024-01-12 09:51:31',	1,	'2024-01-12 06:51:31',	'2024-01-12 06:51:31'),
(1096,	'DREAMS referral GBV booklet to document all referral services(including Sexual)',	'facility',	3,	'{\"otBUc\":\"yes\",\"vjogy\":\"no\"}',	'radio_opt',	0,	103,	'2024-01-12 09:51:31',	1,	'2024-01-12 06:51:31',	'2024-01-12 06:51:31'),
(1097,	'An updated Referral directory for Post violence care services',	'facility',	3,	'{\"iDVJx\":\"yes\",\"sEpqo\":\"no\"}',	'radio_opt',	0,	103,	'2024-01-12 09:51:31',	1,	'2024-01-12 06:51:31',	'2024-01-12 06:51:31'),
(1098,	'HTS provided for eligible GBV clients',	'facility',	3,	'{\"ihxWC\":\"yes\",\"XkJUQ\":\"no\"}',	'radio_opt',	0,	103,	'2024-01-12 09:51:31',	1,	'2024-01-12 06:51:31',	'2024-01-12 06:51:31'),
(1099,	'Referral for PEP services to all eligible SGBV clients (verify in the referral inventory)',	'facility',	3,	'{\"PfaeK\":\"yes\",\"ZHXdP\":\"no\"}',	'radio_opt',	0,	103,	'2024-01-12 09:51:31',	1,	'2024-01-12 06:51:31',	'2024-01-12 06:51:31'),
(1100,	'Eligible SGBV clients have received emergency contraceptives pills',	'facility',	3,	'{\"KnuwA\":\"yes\",\"JHAiy\":\"no\"}',	'radio_opt',	0,	103,	'2024-01-12 09:51:31',	1,	'2024-01-12 06:51:31',	'2024-01-12 06:51:31'),
(1101,	'FMP I and II registers available, in use and filled to completion',	'facility',	3,	'{\"lIrcb\":\"yes\",\"uHwAb\":\"no\"}',	'radio_opt',	0,	104,	'2024-01-12 09:52:33',	1,	'2024-01-12 06:52:33',	'2024-01-12 06:52:33'),
(1102,	'Supervision conducted (at least once before graduation)',	'facility',	3,	'{\"epPdV\":\"yes\",\"XzqMO\":\"no\"}',	'radio_opt',	0,	104,	'2024-01-12 09:52:33',	1,	'2024-01-12 06:52:33',	'2024-01-12 06:52:33'),
(1103,	'Make up sessions for the parents conducted',	'facility',	3,	'{\"gcGfL\":\"yes\",\"TcMAj\":\"no\"}',	'radio_opt',	0,	104,	'2024-01-12 09:52:33',	1,	'2024-01-12 06:52:33',	'2024-01-12 06:52:33'),
(1104,	'Is there a standard curriculum for conducting SASA!',	'facility',	3,	'{\"QyOPS\":\"yes\",\"yKgkM\":\"no\"}',	'radio_opt',	0,	105,	'2024-01-12 09:54:27',	1,	'2024-01-12 06:54:27',	'2024-01-12 06:54:27'),
(1105,	'Are staff conducting gender norms interventions completed a formal training',	'facility',	3,	'{\"fqzdh\":\"yes\",\"ymeos\":\"no\"}',	'radio_opt',	0,	105,	'2024-01-12 09:54:27',	1,	'2024-01-12 06:54:27',	'2024-01-12 06:54:27'),
(1106,	'Supervision conducted at least quarterly',	'facility',	3,	'{\"OdbJy\":\"yes\",\"rzwLp\":\"no\"}',	'radio_opt',	0,	105,	'2024-01-12 09:54:27',	1,	'2024-01-12 06:54:27',	'2024-01-12 06:54:27'),
(1107,	'Meetings (Staffs meetings/Program volunteers meetings/Data Reviews/CAB) conducted? and how frequent',	'facility',	3,	'',	'textfield_s',	0,	106,	'2024-01-12 09:55:16',	1,	'2024-01-12 06:55:16',	'2024-01-12 06:55:16'),
(1108,	'Conducted CAB meeting within the quarter and minutes available',	'facility',	3,	'{\"FOZhJ\":\"yes\",\"ASycK\":\"no\"}',	'radio_opt',	0,	106,	'2024-01-12 09:55:16',	1,	'2024-01-12 06:55:16',	'2024-01-12 06:55:16'),
(1109,	'CQI structure in place with roles and responsibilities defined',	'facility',	3,	'{\"ivfSs\":\"yes\",\"OYQhV\":\"no\"}',	'radio_opt',	0,	107,	'2024-01-12 09:56:10',	1,	'2024-01-12 06:56:10',	'2024-01-12 06:56:10'),
(1110,	'Functional quality improvement team with a representation from the clients',	'facility',	3,	'{\"anRfV\":\"yes\",\"fLqhb\":\"no\"}',	'radio_opt',	0,	107,	'2024-01-12 09:56:10',	1,	'2024-01-12 06:56:10',	'2024-01-12 06:56:10'),
(1111,	'Monthly QI meetings held with documentation of minutes in a CQI file',	'facility',	3,	'{\"RLPIw\":\"yes\",\"IcEvz\":\"no\"}',	'radio_opt',	0,	107,	'2024-01-12 09:56:10',	1,	'2024-01-12 06:56:10',	'2024-01-12 06:56:10'),
(1112,	'Site actively implementing QI projects with work plan and performance monitoring charts plotted and displayed',	'facility',	3,	'{\"yNLnS\":\"yes\",\"TcEFy\":\"no\"}',	'radio_opt',	0,	107,	'2024-01-12 09:56:10',	1,	'2024-01-12 06:56:10',	'2024-01-12 06:56:10'),
(1113,	'Client feedback documented and analyzed',	'facility',	3,	'{\"bUXyA\":\"yes\",\"RNfuj\":\"no\"}',	'radio_opt',	0,	107,	'2024-01-12 09:56:10',	1,	'2024-01-12 06:56:10',	'2024-01-12 06:56:10'),
(1114,	'Service charters well displayed',	'facility',	3,	'{\"DetUL\":\"yes\",\"fpiwH\":\"no\"}',	'radio_opt',	0,	107,	'2024-01-12 09:56:10',	1,	'2024-01-12 06:56:10',	'2024-01-12 06:56:10'),
(1115,	'Existence of CQI corners',	'facility',	3,	'{\"HjvFc\":\"yes\",\"Haeky\":\"no\"}',	'radio_opt',	0,	107,	'2024-01-12 09:56:10',	1,	'2024-01-12 06:56:10',	'2024-01-12 06:56:10'),
(1116,	'RDQA/CDC TA/County recommendations documented and implemented',	'facility',	3,	'',	'textfield_s',	0,	107,	'2024-01-12 09:56:10',	1,	'2024-01-12 06:56:10',	'2024-01-12 06:56:10'),
(1117,	'Monthly data reviews done with (documentation of minutes)',	'facility',	3,	'{\"InCgL\":\"yes\",\"nkSiq\":\"no\"}',	'radio_opt',	0,	107,	'2024-01-12 09:56:10',	1,	'2024-01-12 06:56:10',	'2024-01-12 06:56:10'),
(1118,	'Chart abstractions & audits conducted at the site for programming',	'facility',	3,	'{\"GFJQE\":\"yes\",\"uKjxF\":\"no\"}',	'radio_opt',	0,	107,	'2024-01-12 09:56:10',	1,	'2024-01-12 06:56:10',	'2024-01-12 06:56:10'),
(1119,	'Routine support supervisions and mentorship offered at the site(check documentation)',	'facility',	3,	'{\"LbvSn\":\"yes\",\"ZiHNp\":\"no\"}',	'radio_opt',	0,	107,	'2024-01-12 09:56:10',	1,	'2024-01-12 06:56:10',	'2024-01-12 06:56:10'),
(1120,	'Is theres an algorithm on HTS Provision at ANC, labour&delivery and  PNC?',	'facility',	4,	'{\"sebQN\":\"ANC\",\"SEHhT\":\" L&D\",\"tjgCo\":\" PNC\"}',	'check_opt',	0,	108,	'2024-01-15 14:15:47',	1,	'2024-01-15 11:15:47',	'2024-01-15 11:15:47'),
(1121,	'Is there an SOP on family and Partner testing  in PMTCT, ANC, labour&delivery and  PNC?',	'facility',	4,	'{\"oMCjc\":\"PMTCT\",\"AwPIj\":\" ANC\",\"OfpSi\":\" L&D\",\"uKxPy\":\" PNC\"}',	'check_opt',	0,	108,	'2024-01-15 14:15:47',	1,	'2024-01-15 11:15:47',	'2024-01-15 11:15:47'),
(1122,	'Is there a Job Aid on PrEP in MCH in PMTCT, ANC, labour&delivery and  PNC?',	'facility',	4,	'{\"UeGcY\":\"PMTCT\",\"YDduR\":\" ANC\",\"bkoiV\":\" L&D\",\"tujkS\":\" PNC\"}',	'check_opt',	0,	108,	'2024-01-15 14:15:47',	1,	'2024-01-15 11:15:47',	'2024-01-15 11:15:47'),
(1123,	'Is there TB ICF/ TPT Screening Algorithm at PMTCT, ANC, labour&delivery and  PNC?',	'facility',	4,	'{\"MGrsd\":\"PMTCT\",\"toNud\":\" ANC\",\"QHlXY\":\" L&D\",\"Lsyvw\":\" PNC\"}',	'check_opt',	0,	108,	'2024-01-15 14:15:47',	1,	'2024-01-15 11:15:47',	'2024-01-15 11:15:47'),
(1124,	'Does the facility have an GXT Algorithm at PMTCT, ANC, labour&delivery and  PNC?',	'facility',	4,	'{\"Wuqsn\":\"PMTCT\",\"JLxXz\":\" ANC\",\"RAple\":\" L&D\",\"FNCdu\":\" PNC\"}',	'check_opt',	0,	108,	'2024-01-15 14:15:47',	1,	'2024-01-15 11:15:47',	'2024-01-15 11:15:47'),
(1125,	'Does the facility have Revised STI Management Algorithm at PMTCT, ANC, labour&delivery and  PNC?',	'facility',	4,	'{\"grXIi\":\"PMTCT\",\"CMnHe\":\" ANC\",\"mYocN\":\" L&D\",\"wmZNr\":\" PNC\"}',	'check_opt',	0,	108,	'2024-01-15 14:15:47',	1,	'2024-01-15 11:15:47',	'2024-01-15 11:15:47'),
(1126,	'Does the facility have IEC Materials on FP, Job Aids on FP and Penile and Vaginal Models  at PMTCT, ANC, labour&delivery and  PNC??',	'facility',	4,	'{\"tOCBa\":\"PMTCT\",\"NMBXe\":\" ANC\",\"fTawZ\":\" L&D\",\"BgaIp\":\" PNC\"}',	'check_opt',	0,	108,	'2024-01-15 14:15:47',	1,	'2024-01-15 11:15:47',	'2024-01-15 11:15:47'),
(1127,	'Is there CTX dosing for HEI and HIV infected children at PMTCT, ANC, labour&delivery and  PNC??',	'facility',	4,	'{\"wiorU\":\"PMTCT\",\"UPMaI\":\" ANC\",\"WwXJi\":\" L&D\",\"muFKj\":\" PNC\"}',	'check_opt',	0,	108,	'2024-01-15 14:15:47',	1,	'2024-01-15 11:15:47',	'2024-01-15 11:15:47'),
(1128,	'Does the facility have NVP dosing for HEI at PMTCT, ANC, labour&delivery and  PNC??',	'facility',	4,	'{\"rNhEp\":\"PMTCT\",\"cKIbO\":\" ANC\",\"xHRXb\":\" L&D\",\"QRAwv\":\" PNC\"}',	'check_opt',	0,	108,	'2024-01-15 14:15:47',	1,	'2024-01-15 11:15:47',	'2024-01-15 11:15:47'),
(1129,	'Does the facility have an algorithm for provision of ART to mother and infant pairs in  PMTCT, ANC, labour&delivery and  PNC? ',	'facility',	4,	'{\"KyEJw\":\"PMTCT\",\"tMNbh\":\" ANC\",\"MsqnY\":\" L&D\",\"rHtDW\":\" PNC\"}',	'check_opt',	0,	108,	'2024-01-15 14:15:47',	1,	'2024-01-15 11:15:47',	'2024-01-15 11:15:47'),
(1130,	'Does the facility have the High Risk categorization algorithm in the PMTCT clinic',	'facility',	4,	'{\"nBxtH\":\"yes\",\"jeWAk\":\"no\"}',	'check_opt',	0,	108,	'2024-01-15 14:15:47',	1,	'2024-01-15 11:15:47',	'2024-01-15 11:15:47'),
(1131,	'Does the facility have VL Algorithm at  PMTCT, ANC, labour&delivery and  PNC? ',	'facility',	4,	'{\"bRWmZ\":\"PMTCT\",\"SwlNh\":\" ANC\",\"qbYcJ\":\" L&D\",\"LaPYx\":\" PNC\"}',	'check_opt',	0,	108,	'2024-01-15 14:15:47',	1,	'2024-01-15 11:15:47',	'2024-01-15 11:15:47'),
(1132,	'Does the facility have SOPs for Adherence Support? ',	'facility',	4,	'{\"yhYMX\":\"yes\",\"IKpUm\":\"no\"}',	'radio_opt',	0,	108,	'2024-01-15 14:15:47',	1,	'2024-01-15 11:15:47',	'2024-01-15 11:15:47'),
(1133,	'Does the facility have Defaulter tracking algorithm in PMTCT Clinic? ',	'facility',	4,	'{\"TvbLi\":\"yes\",\"lnWuR\":\"no\"}',	'radio_opt',	0,	108,	'2024-01-15 14:15:47',	1,	'2024-01-15 11:15:47',	'2024-01-15 11:15:47'),
(1134,	'Is the ANC register present (current version)?',	'individual',	1,	'{\"XKvpW\":\"yes\",\"LUAba\":\"no\"}',	'radio_opt',	0,	109,	'2024-01-15 14:27:16',	1,	'2024-01-15 11:27:16',	'2024-01-15 11:27:16'),
(1135,	'Is the ANC register complete? Use of the correct codes,  Hep B Testing and treatment, Syphillis testing and treatment, HIV status,  CCC numbers for NPs and KPs, ART, Infant prophylaxis, evidence of TB screening, PrEP and GBV screening, page summaries)',	'individual',	1,	'{\"LlCSA\":\"Use of the correct codes\",\"dWSZU\":\" Hep B Testing and treatment\",\"TbeKu\":\" Syphillis testing and treatment\",\"FNieM\":\" HIV status\",\"GKUNO\":\"  CCC numbers for NPs and KPs\",\"VrJgu\":\" ART\",\"wzSUv\":\" Infant prophylaxis\",\"dTAWJ\":\" evidence of TB screening\",\"XJvrz\":\" PrEP and GBV screening\",\"netDI\":\" page summaries\"}',	'check_opt',	0,	109,	'2024-01-15 14:27:16',	1,	'2024-01-15 11:27:16',	'2024-01-15 11:27:16'),
(1136,	'Review the ANC Register  and check for complete recording  of test kit names, expiry date and lot numbers for the last 1 month',	'individual',	1,	'{\"hiuYx\":\"yes\",\"vadMS\":\"no\"}',	'radio_opt',	0,	109,	'2024-01-15 14:27:16',	1,	'2024-01-15 11:27:16',	'2024-01-15 11:27:16'),
(1137,	'Is the maternity register present (latest version)?',	'individual',	1,	'{\"LJmzd\":\"yes\",\"sDIJf\":\"no\"}',	'radio_opt',	0,	109,	'2024-01-15 14:27:16',	1,	'2024-01-15 11:27:16',	'2024-01-15 11:27:16'),
(1138,	'Review the Maternity Register  and check for complete recording  of test kit names, expiry date and lot numbers for the last 1 month',	'individual',	1,	'{\"horfB\":\"yes\",\"faeNq\":\"no\"}',	'radio_opt',	0,	109,	'2024-01-15 14:27:16',	1,	'2024-01-15 11:27:16',	'2024-01-15 11:27:16'),
(1139,	'Is the maternity register complete? (Review the last 1 month, Check entries on the registers:  Use of the correct codes, Syphillis testing ant treatment, HIV status,  CCC numbers for NPs and KPs, ART, Infant prophylaxis, evidence of TB screening, PrEP and GBV screening, page summaries)',	'individual',	1,	'{\"OiSDb\":\"yes\",\"aDMpA\":\"no\"}',	'radio_opt',	0,	109,	'2024-01-15 14:27:16',	1,	'2024-01-15 11:27:16',	'2024-01-15 11:27:16'),
(1140,	'Is the PNC register present (current version)?',	'individual',	1,	'{\"wnBpr\":\"yes\",\"sdJxE\":\"no\"}',	'radio_opt',	0,	109,	'2024-01-15 14:27:16',	1,	'2024-01-15 11:27:16',	'2024-01-15 11:27:16'),
(1141,	'Review the PNC Register  and check for complete recording  of test kit names, expiry date and lot numbers for the last 1 month',	'individual',	1,	'{\"XrJMV\":\"yes\",\"MIDez\":\"no\"}',	'radio_opt',	0,	109,	'2024-01-15 14:27:16',	1,	'2024-01-15 11:27:16',	'2024-01-15 11:27:16'),
(1142,	'Is the PNC register complete? (Check entries on the registers: Use of the correct codes, HIV status,  CCC numbers for NPs and KPs,  ART, Infant prophylaxis, evidence of TB screening, PrEP and GBV screening, page summaries)',	'individual',	1,	'{\"geEIa\":\"Use of the correct codes\",\"cyBvN\":\" HIV status\",\"dtuho\":\"  CCC numbers for NPs and KPs\",\"DBkVy\":\"  ART\",\"dKRtG\":\" Infant prophylaxis\",\"tBiQZ\":\" evidence of TB screening\",\"HdKjx\":\" PrEP and GBV screening\",\"AhZjp\":\" page summaries\"}',	'check_opt',	0,	109,	'2024-01-15 14:27:16',	1,	'2024-01-15 11:27:16',	'2024-01-15 11:27:16'),
(1143,	'Is the Presumptive register present (latest version)?',	'individual',	1,	'{\"WISGb\":\"yes\",\"vTUha\":\"no\"}',	'radio_opt',	0,	109,	'2024-01-15 14:27:16',	1,	'2024-01-15 11:27:16',	'2024-01-15 11:27:16'),
(1144,	'Is the Presumptive register complete? Check entries on the registers, documentation of all TB suspects and complete entries ',	'individual',	1,	'{\"kjExv\":\"yes\",\"vVRMb\":\"no\"}',	'radio_opt',	0,	109,	'2024-01-15 14:27:16',	1,	'2024-01-15 11:27:16',	'2024-01-15 11:27:16'),
(1145,	'Is the TPT register present (latest version)',	'individual',	1,	'{\"hfWOg\":\"yes\",\"NLxeC\":\"no\"}',	'radio_opt',	0,	109,	'2024-01-15 14:27:16',	1,	'2024-01-15 11:27:16',	'2024-01-15 11:27:16'),
(1146,	'Is the TPT register complete? Check entries on the registers, documentation, Legibility,  and complete entries ',	'individual',	1,	'{\"hvtrV\":\"yes\",\"qvyXY\":\"no\"}',	'radio_opt',	0,	109,	'2024-01-15 14:27:16',	1,	'2024-01-15 11:27:16',	'2024-01-15 11:27:16'),
(1147,	'Is the HIV Exposed Infant (HEI)  register present (latest version)?',	'individual',	1,	'{\"nBCTd\":\"yes\",\"MCFvR\":\"no\"}',	'radio_opt',	0,	109,	'2024-01-15 14:27:16',	1,	'2024-01-15 11:27:16',	'2024-01-15 11:27:16'),
(1148,	'Is there complete documentation of HEIs in the HEI register? (Check entries on the registers: Correct cohorting, use of correct codes, PCR results and date, final outcomes)',	'individual',	1,	'{\"nUxmW\":\"Correct cohorting\",\"FNpKH\":\" use of correct codes\",\"jhxQI\":\" PCR results and date\",\"fHaFX\":\" final outcomes\"}',	'check_opt',	0,	109,	'2024-01-15 14:27:16',	1,	'2024-01-15 11:27:16',	'2024-01-15 11:27:16'),
(1149,	'Is there documentation of monthly reviews of 6, 12 and 18 months cohorts across the various indicators and the gaps and action items as per the monthly report?',	'individual',	1,	'{\"Fhraz\":\"yes\",\"JVoxB\":\"no\"}',	'radio_opt',	0,	109,	'2024-01-15 14:27:16',	1,	'2024-01-15 11:27:16',	'2024-01-15 11:27:16'),
(1150,	'Is the DBS tracking log present?',	'individual',	1,	'{\"kgfZy\":\"yes\",\"RCGpW\":\"no\"}',	'radio_opt',	0,	109,	'2024-01-15 14:27:16',	1,	'2024-01-15 11:27:16',	'2024-01-15 11:27:16'),
(1151,	'Is there complete documentation in the DBS tracking log (Verify from the last 10 records in the log)',	'individual',	1,	'{\"FIrMu\":\"yes\",\"wZiFj\":\"no\"}',	'radio_opt',	0,	109,	'2024-01-15 14:27:16',	1,	'2024-01-15 11:27:16',	'2024-01-15 11:27:16'),
(1160,	'Are PMTCT clients categorized into High risk and Low risk  and monitored at this facility? (Review identification, package of care, and support services)',	'individual',	1,	'{\"zHKWJ\":\"yes\",\"MOpcU\":\"no\"}',	'radio_opt',	0,	110,	'2024-01-15 14:34:56',	1,	'2024-01-15 11:34:56',	'2024-01-15 11:34:56'),
(1161,	'Are there specific Clinic Days for PMTCT Clients(High Risk/Vireamia clinic, Adolescent and young women/OTZ plus?',	'individual',	1,	'{\"OdgVP\":\"High Risk\\/Vireamia clinic\",\"XzmHO\":\" Adolescent and young women\\/OTZ plus\"}',	'check_opt',	0,	110,	'2024-01-15 14:34:56',	1,	'2024-01-15 11:34:56',	'2024-01-15 11:34:56'),
(1162,	'Are there Psychosocial Support Groups (High Risk/Vireamia clinic, Adolescent and young women/OTZ plus?',	'individual',	1,	'{\"iuYsR\":\"High Risk\\/Vireamia clinic\",\"uMjRT\":\" Adolescent and young women\\/OTZ plus\"}',	'check_opt',	0,	110,	'2024-01-15 14:34:56',	1,	'2024-01-15 11:34:56',	'2024-01-15 11:34:56'),
(1163,	'Are there HEI OVC referral and linkage services(Review documentation in the OVC LIP register at PMTCT)',	'individual',	1,	'{\"ELGIN\":\"yes\",\"OAkLu\":\"no\"}',	'radio_opt',	0,	110,	'2024-01-15 14:34:56',	1,	'2024-01-15 11:34:56',	'2024-01-15 11:34:56'),
(1164,	'Review the uptake of OVC services among the HEIs and calculate the percentage Numerator- No. of HEIs with a CPMIS no:Denominator- Total number of High Risk HEIs)',	'facility',	1,	'',	'number_opt',	0,	110,	'2024-01-15 14:34:56',	1,	'2024-01-15 11:34:56',	'2024-01-15 11:34:56'),
(1165,	'Are there DREAMS referral and linkage services for AGYW (DREAMS referral register/Referral booklet at MCH, Evidence of referral, service provision)',	'individual',	1,	'{\"AvpuP\":\"yes\",\"jZqFc\":\"no\"}',	'radio_opt',	0,	110,	'2024-01-15 14:34:56',	1,	'2024-01-15 11:34:56',	'2024-01-15 11:34:56'),
(1166,	'Review the uptake of DREAMS  services among the HIV Negative 10-24 yrs AGYWs  and calculate the percentage Numerator- No. of eligible HIV Neg 10-24 yrs  with a documented referral, Denominator- Total number of eligible 10-24 yrs AGYWs)',	'facility',	1,	'',	'number_opt',	0,	110,	'2024-01-15 14:34:56',	1,	'2024-01-15 11:34:56',	'2024-01-15 11:34:56'),
(1167,	'Review the uptake of DREAMS  services among the HIV Positive 10-24 yrs AGYWs  and calculate the percentage: Numerator- No. of HIV Positive 10-24 yrs  with a documented referral, Denominator- Total number of HIV Positive 10-24 yrs AGYWs)',	'facility',	1,	'',	'number_opt',	0,	110,	'2024-01-15 14:34:56',	1,	'2024-01-15 11:34:56',	'2024-01-15 11:34:56'),
(1168,	'Is there an established DREAMS safe space in the facility?',	'facility',	1,	'{\"CjrZT\":\"Yes\",\"mwIZl\":\"No\",\"sAoJu\":\"N\\/A\"}',	'check_opt',	0,	110,	'2024-01-15 14:34:56',	1,	'2024-01-15 11:34:56',	'2024-01-15 11:34:56'),
(1169,	'Total the number of files assessed',	'individual',	1,	'',	'number_opt',	0,	111,	'2024-01-15 14:38:51',	1,	'2024-01-15 11:38:51',	'2024-01-15 11:38:51'),
(1170,	'TB Screening uptake (%) Num: How many files have TB screening at last visit? Den: Number of files assessed above',	'individual',	1,	'',	'number_opt',	0,	111,	'2024-01-15 14:38:51',	1,	'2024-01-15 11:38:51',	'2024-01-15 11:38:51'),
(1171,	'How many clients had presumptive TB?',	'individual',	1,	'',	'number_opt',	0,	111,	'2024-01-15 14:38:51',	1,	'2024-01-15 11:38:51',	'2024-01-15 11:38:51'),
(1172,	'How many TB suspects have been documented in presumptive register?',	'individual',	1,	'',	'number_opt',	0,	111,	'2024-01-15 14:38:51',	1,	'2024-01-15 11:38:51',	'2024-01-15 11:38:51'),
(1173,	'How many women screened negative have been issued TPT? ',	'individual',	1,	'',	'number_opt',	0,	111,	'2024-01-15 14:38:51',	1,	'2024-01-15 11:38:51',	'2024-01-15 11:38:51'),
(1174,	'How many files have documented BP, Weight/Height/BMI and MUAC',	'individual',	1,	'{\"HfrPW\":\"BP\",\"frvOB\":\" Weight\\/Height\\/BMI and MUAC) \"}',	'check_opt',	0,	111,	'2024-01-15 14:38:51',	1,	'2024-01-15 11:38:51',	'2024-01-15 11:38:51'),
(1175,	'How many files have documentation of family and partner testing?',	'individual',	1,	'',	'number_opt',	0,	111,	'2024-01-15 14:38:51',	1,	'2024-01-15 11:38:51',	'2024-01-15 11:38:51'),
(1176,	'How many files have documentation of reciept of CTX? ',	'individual',	1,	'',	'number_opt',	0,	111,	'2024-01-15 14:38:51',	1,	'2024-01-15 11:38:51',	'2024-01-15 11:38:51'),
(1177,	'How many files have documentation of reciept of ART? ',	'individual',	1,	'',	'number_opt',	0,	111,	'2024-01-15 14:38:51',	1,	'2024-01-15 11:38:51',	'2024-01-15 11:38:51'),
(1178,	'How many files have documentation of adherence assesment at the last clinic visit?',	'individual',	1,	'',	'number_opt',	0,	111,	'2024-01-15 14:38:51',	1,	'2024-01-15 11:38:51',	'2024-01-15 11:38:51'),
(1179,	'How many files have PMTCT adherence forms? (Should have three components; (a) TPS, b) Routine Adherence during ART, (c ) Counseling interventions for patients with poor adherence)',	'individual',	1,	'',	'number_opt',	0,	111,	'2024-01-15 14:38:51',	1,	'2024-01-15 11:38:51',	'2024-01-15 11:38:51'),
(1180,	'How many files have documented STI screening at last visit',	'individual',	1,	'',	'number_opt',	0,	111,	'2024-01-15 14:38:51',	1,	'2024-01-15 11:38:51',	'2024-01-15 11:38:51'),
(1181,	'How many clients were eligible for a VL test?',	'individual',	1,	'',	'number_opt',	0,	111,	'2024-01-15 14:38:51',	1,	'2024-01-15 11:38:51',	'2024-01-15 11:38:51'),
(1182,	'How many eligible clients have a VL test done?  ( Disaggregated by provider who last saw the client)',	'individual',	1,	'',	'number_opt',	0,	111,	'2024-01-15 14:38:51',	1,	'2024-01-15 11:38:51',	'2024-01-15 11:38:51'),
(1183,	'How many files have a VL= > 200 cps/ml',	'individual',	1,	'',	'number_opt',	0,	111,	'2024-01-15 14:38:51',	1,	'2024-01-15 11:38:51',	'2024-01-15 11:38:51'),
(1184,	'How many  with VL=>200 copies \na) have completed EACs \nb) Have documented repeat VL results\nc) Are Awaiting DRT\nd) Have been in discussed in MDT(check MDT notes)',	'individual',	1,	'{\"ucqgH\":\"a) have completed EACs\",\"UugFv\":\"b) Have documented repeat VL results\",\"GmVrL\":\"c) Are Awaiting DRT\",\"wbZKW\":\"d) Have been in discussed in MDT(check MDT notes)\"}',	'check_opt',	0,	111,	'2024-01-15 14:38:51',	1,	'2024-01-15 11:38:51',	'2024-01-15 11:38:51'),
(1185,	'Review 10  files of  New clients, those with suspected of treatment failure( VL>200cp/ml) and those returning to care after a period of 3 months without ART',	'individual',	1,	'',	'number_opt',	0,	111,	'2024-01-15 14:38:51',	1,	'2024-01-15 11:38:51',	'2024-01-15 11:38:51'),
(1186,	' How many had a CD4 count to screen for AHD?',	'individual',	1,	'',	'number_opt',	0,	111,	'2024-01-15 14:38:51',	1,	'2024-01-15 11:38:51',	'2024-01-15 11:38:51'),
(1187,	'How many had a CD4 count<200copies/ml',	'individual',	1,	'',	'number_opt',	0,	111,	'2024-01-15 14:38:51',	1,	'2024-01-15 11:38:51',	'2024-01-15 11:38:51'),
(1188,	'Of those with CD4 <200copies/ml; How many had a) GeneXpert test b) TB LAM test c) CRAG test',	'individual',	1,	'{\"uhwxf\":\"a) GeneXpert test\",\"vMQeY\":\"b) TB LAM test\",\"DTlkc\":\"c) CRAG test\"}',	'check_opt',	0,	111,	'2024-01-15 14:38:51',	1,	'2024-01-15 11:38:51',	'2024-01-15 11:38:51'),
(1189,	'Total number of HEI files assessed',	'individual',	1,	'',	'number_opt',	0,	112,	'2024-01-15 14:42:04',	1,	'2024-01-15 11:42:04',	'2024-01-15 11:42:04'),
(1190,	'How many files have documentation of PCR testing in the EID section?',	'individual',	1,	'',	'number_opt',	0,	112,	'2024-01-15 14:42:04',	1,	'2024-01-15 11:42:04',	'2024-01-15 11:42:04'),
(1191,	'How many files have documentation of PCR results given to caregiver?',	'individual',	1,	'',	'number_opt',	0,	112,	'2024-01-15 14:42:04',	1,	'2024-01-15 11:42:04',	'2024-01-15 11:42:04'),
(1192,	'How many files have documentation of NVP provision to HEIs (Confirm appropriate dosing)',	'individual',	1,	'',	'number_opt',	0,	112,	'2024-01-15 14:42:04',	1,	'2024-01-15 11:42:04',	'2024-01-15 11:42:04'),
(1193,	'How many files have documantation of provision of CTX to HEIs by 8 weeks of age (Confirm appropriate dosing)',	'individual',	1,	'',	'number_opt',	0,	112,	'2024-01-15 14:42:04',	1,	'2024-01-15 11:42:04',	'2024-01-15 11:42:04'),
(1194,	'How many files have development milestones documented?',	'individual',	1,	'',	'number_opt',	0,	112,	'2024-01-15 14:42:04',	1,	'2024-01-15 11:42:04',	'2024-01-15 11:42:04'),
(1195,	'How many files have growth monitoring plotting done?',	'individual',	1,	'',	'number_opt',	0,	112,	'2024-01-15 14:42:04',	1,	'2024-01-15 11:42:04',	'2024-01-15 11:42:04'),
(1196,	'How many HEIs have been refered for OVC services(Evidence of referral, CPMIS number, service provision)',	'individual',	1,	'',	'number_opt',	0,	112,	'2024-01-15 14:42:04',	1,	'2024-01-15 11:42:04',	'2024-01-15 11:42:04'),
(1197,	'Has  the PMTCT nurse undertaken the basic Diploma/ BscN trainings? ',	'individual',	5,	'',	'number_opt',	0,	113,	'2024-01-15 14:47:39',	1,	'2024-01-15 11:47:39',	'2024-01-15 11:47:39'),
(1198,	'Has the PMTCT nurse participated in other in service trainings this quarter? ',	'individual',	3,	'',	'number_opt',	0,	113,	'2024-01-15 14:47:39',	1,	'2024-01-15 11:47:39',	'2024-01-15 11:47:39'),
(1199,	'Has the PMTCT nurse been trained?',	'individual',	3,	'{\"elMoc\":\"Current ART guidelines\",\"YFpms\":\" GBV LIVES and Gender\",\"bwZdO\":\"sexual diversity\"}',	'check_opt',	0,	113,	'2024-01-15 14:47:39',	1,	'2024-01-15 11:47:39',	'2024-01-15 11:47:39'),
(1200,	'Have all the trainings  undertaken above updated in the  main facility training  log? ',	'individual',	3,	'',	'number_opt',	0,	113,	'2024-01-15 14:47:39',	1,	'2024-01-15 11:47:39',	'2024-01-15 11:47:39'),
(1201,	'Has the PMTCT Nurse signed a data confidentiality agreement?',	'individual',	5,	'',	'number_opt',	0,	113,	'2024-01-15 14:47:39',	1,	'2024-01-15 11:47:39',	'2024-01-15 11:47:39'),
(1202,	'Does the facility have a PMTCT related CQI project',	'facility',	1,	'{\"NYAKv\":\"yes\",\"vkuVN\":\"no\"}',	'radio_opt',	0,	114,	'2024-01-15 14:49:36',	1,	'2024-01-15 11:49:36',	'2024-01-15 11:49:36'),
(1203,	'Has the PMTCT CQI project been uploaded and monitored through the CQI dashboard',	'facility',	1,	'{\"WADMq\":\"yes\",\"OnkMc\":\"no\"}',	'radio_opt',	0,	114,	'2024-01-15 14:49:36',	1,	'2024-01-15 11:49:36',	'2024-01-15 11:49:36'),
(1204,	'Is the PMTCT CQI Project on  course based on the implementation timeline (Review minutes and runchart)',	'facility',	1,	'{\"hqiEI\":\"yes\",\"FbqAW\":\"no\"}',	'radio_opt',	0,	114,	'2024-01-15 14:49:36',	1,	'2024-01-15 11:49:36',	'2024-01-15 11:49:36'),
(1205,	'Is the CQI project monitored frequently as per the CQI plan (Check for updated run Chart)',	'facility',	1,	'{\"SdgaC\":\"yes\",\"cFyJG\":\"no\"}',	'radio_opt',	0,	114,	'2024-01-15 14:49:36',	1,	'2024-01-15 11:49:36',	'2024-01-15 11:49:36'),
(1206,	'Has the CQI meetings conducted as per the QI plan and meetings documented(check the minutes)',	'facility',	1,	'{\"yzwHR\":\"yes\",\"uTcio\":\"no\"}',	'radio_opt',	0,	114,	'2024-01-15 14:49:36',	1,	'2024-01-15 11:49:36',	'2024-01-15 11:49:36'),
(1209,	'Does the facility have stocks for HIV testing commodities to last for 3 months for the following Kits (Determine, First response, HIVST, Dual Kit)',	'facility',	3,	'{\"mERSq\":\"yes\",\"DRXzp\":\"no\"}',	'radio_opt',	0,	115,	'2024-01-15 14:53:17',	1,	'2024-01-15 11:53:17',	'2024-01-15 11:53:17'),
(1210,	'Does the SDP have Gloves for supporting HTS',	'sdp',	3,	'{\"JDvob\":\"yes\",\"sjFlm\":\"no\"}',	'radio_opt',	0,	115,	'2024-01-15 14:53:17',	1,	'2024-01-15 11:53:17',	'2024-01-15 11:53:17'),
(1211,	'Does the SDP have the 3 waste segregation Bins (Black, Yellow, Red)?',	'sdp',	4,	'{\"OmItT\":\"yes\",\"PolXg\":\"no\"}',	'radio_opt',	0,	115,	'2024-01-15 14:53:17',	1,	'2024-01-15 11:53:17',	'2024-01-15 11:53:17'),
(1212,	'Does the SDP have the WHO approved sharp containers?',	'sdp',	4,	'{\"GTofF\":\"yes\",\"WtLfC\":\"no\"}',	'radio_opt',	0,	115,	'2024-01-15 14:53:17',	1,	'2024-01-15 11:53:17',	'2024-01-15 11:53:17'),
(1213,	'Does the SDP have timers for Conducting HTS?',	'sdp',	4,	'{\"AMnNk\":\"yes\",\"SvRVl\":\"no\"}',	'radio_opt',	0,	115,	'2024-01-15 14:53:17',	1,	'2024-01-15 11:53:17',	'2024-01-15 11:53:17'),
(1214,	'Does the SDP have Hand washing Equipment?',	'sdp',	4,	'{\"XdZtG\":\"yes\",\"qufzQ\":\"no\"}',	'radio_opt',	0,	115,	'2024-01-15 14:53:17',	1,	'2024-01-15 11:53:17',	'2024-01-15 11:53:17'),
(1215,	'Does the SDP have Lockable cabinets for storing client records and ART Drugs, desk/table and chair for provider and for clients?',	'sdp',	4,	'{\"gSAxe\":\"yes\",\"tbkAI\":\"no\"}',	'radio_opt',	0,	115,	'2024-01-15 14:53:17',	1,	'2024-01-15 11:53:17',	'2024-01-15 11:53:17'),
(1216,	'Does the facility have a dedicated PMTCT Phone for patient follow up?',	'facility',	4,	'{\"IrtMk\":\"yes\",\"BowgM\":\"no\"}',	'radio_opt',	0,	115,	'2024-01-15 14:53:17',	1,	'2024-01-15 11:53:17',	'2024-01-15 11:53:17'),
(1217,	'Are phone Logs available at this facility?',	'facility',	4,	'{\"tseCg\":\"yes\",\"YKDTN\":\"no\"}',	'radio_opt',	0,	115,	'2024-01-15 14:53:17',	1,	'2024-01-15 11:53:17',	'2024-01-15 11:53:17'),
(1218,	'Does the ANC/PMTCT, Maternity, PNC  staffs have a labcoat or Apron?',	'individual',	4,	'{\"OKQlX\":\"yes\",\"ZtiHY\":\"no\"}',	'radio_opt',	0,	115,	'2024-01-15 14:53:17',	1,	'2024-01-15 11:53:17',	'2024-01-15 11:53:17'),
(1219,	'Does the ANC/PMTCT, Maternity, PNC  SDPs have a functional BP machine, Adult weighing scale, Adult MUAC tape, Examination couch?',	'sdp',	4,	'{\"yUsRf\":\"yes\",\"GzhZk\":\"no\"}',	'radio_opt',	0,	115,	'2024-01-15 14:53:17',	1,	'2024-01-15 11:53:17',	'2024-01-15 11:53:17'),
(1220,	'Does the ANC/PMTCT, Maternity, PNC  SDPs provide client privacy and confidentiality?',	'sdp',	4,	'{\"SyiQa\":\"yes\",\"jBsfF\":\"no\"}',	'radio_opt',	0,	115,	'2024-01-15 14:53:17',	1,	'2024-01-15 11:53:17',	'2024-01-15 11:53:17'),
(1221,	'Does the SDP have a room thermometer(where HTS  is intergrated in the room?)',	'sdp',	4,	'{\"ojfNW\":\"yes\",\"SYBth\":\"no\"}',	'radio_opt',	0,	115,	'2024-01-15 14:53:17',	1,	'2024-01-15 11:53:17',	'2024-01-15 11:53:17'),
(1222,	'Are there up to date MAT SOPs in the facility?',	'facility',	5,	'{\"iClhd\":\"yes\",\"RJcrw\":\"no\"}',	'radio_opt',	0,	116,	'2024-01-15 15:05:05',	1,	'2024-01-15 12:05:05',	'2024-01-15 12:05:05'),
(1223,	'Does the facility have the most recent National Implementation Guidelines for Medically Assisted Therapy? (Rev. 2021)',	'facility',	5,	'{\"dipaf\":\"yes\",\"LcJyo\":\"no\"}',	'radio_opt',	0,	116,	'2024-01-15 15:05:05',	1,	'2024-01-15 12:05:05',	'2024-01-15 12:05:05'),
(1224,	'Are there MAT job aids in the facility?',	'facility',	5,	'{\"MTajf\":\"yes\",\"VhlNb\":\"no\"}',	'radio_opt',	0,	116,	'2024-01-15 15:05:05',	1,	'2024-01-15 12:05:05',	'2024-01-15 12:05:05'),
(1225,	'Does the facility have all requisite HTS job aids (refer to HTS SOP checklist)',	'facility',	5,	'{\"kHtVw\":\"yes\",\"vWNRl\":\"no\"}',	'radio_opt',	0,	116,	'2024-01-15 15:05:05',	1,	'2024-01-15 12:05:05',	'2024-01-15 12:05:05'),
(1226,	'Does the facility have all requisite ARV guidelines and job aids (refer to Care and Treatment SOP checklist)',	'facility',	5,	'{\"BxgaS\":\"yes\",\"Hzvlp\":\"no\"}',	'radio_opt',	0,	116,	'2024-01-15 15:05:05',	1,	'2024-01-15 12:05:05',	'2024-01-15 12:05:05'),
(1227,	'Does the facility have all requisite laboratory SOPs (refer to laboratory SOP checklist)',	'facility',	5,	'{\"qhnrE\":\"yes\",\"sKCwu\":\"no\"}',	'radio_opt',	0,	116,	'2024-01-15 15:05:05',	1,	'2024-01-15 12:05:05',	'2024-01-15 12:05:05'),
(1228,	'Does the facility have all requisite pharmacy SOPs (refer to pharmacy SOP checklist)',	'facility',	5,	'{\"NdOgW\":\"yes\",\"hfIvC\":\"no\"}',	'radio_opt',	0,	116,	'2024-01-15 15:05:05',	1,	'2024-01-15 12:05:05',	'2024-01-15 12:05:05'),
(1229,	'Does the facility have mobile MAT SOPs in place',	'facility',	5,	'{\"nTQxk\":\"yes\",\"ZlItR\":\"no\"}',	'radio_opt',	0,	116,	'2024-01-15 15:05:05',	1,	'2024-01-15 12:05:05',	'2024-01-15 12:05:05'),
(1230,	'Does the site have patient charter prominently posted on the walls?',	'facility',	5,	'{\"hQsOH\":\"yes\",\"tvDeo\":\"no\"}',	'radio_opt',	0,	116,	'2024-01-15 15:05:05',	1,	'2024-01-15 12:05:05',	'2024-01-15 12:05:05'),
(1231,	'Are there up to date facility rules and regulations posted on facility walls?',	'facility',	5,	'{\"VnQAY\":\"yes\",\"exWlY\":\"no\"}',	'radio_opt',	0,	116,	'2024-01-15 15:05:05',	1,	'2024-01-15 12:05:05',	'2024-01-15 12:05:05'),
(1232,	'Observe screening of 10 clients by each security personnelle. Are they done in observance with the security SOP?',	'individual',	1,	'{\"LgAXt\":\"yes\",\"pYIhm\":\"no\"}',	'radio_opt',	0,	117,	'2024-01-15 15:05:50',	1,	'2024-01-15 12:05:50',	'2024-01-15 12:05:50'),
(1233,	'Are there up to date incidence reports for the last one month',	'facility',	1,	'{\"kPzfI\":\"yes\",\"yrbXv\":\"no\"}',	'radio_opt',	0,	117,	'2024-01-15 15:05:50',	1,	'2024-01-15 12:05:50',	'2024-01-15 12:05:50'),
(1234,	'Is preventative monitoring of security cameras being done?',	'facility',	1,	'{\"zEicw\":\"yes\",\"AKmyB\":\"no\"}',	'radio_opt',	0,	117,	'2024-01-15 15:05:50',	1,	'2024-01-15 12:05:50',	'2024-01-15 12:05:50'),
(1235,	'Are talking walls correctly and completely filled based on the last reporting period?',	'facility',	2,	'{\"izgQb\":\"yes\",\"gStpY\":\"no\"}',	'radio_opt',	0,	118,	'2024-01-15 15:06:36',	1,	'2024-01-15 12:06:36',	'2024-01-15 12:06:36'),
(1236,	'Did the data officer submit national and county reports submitted by the 5th working day of the new month?',	'individual',	2,	'{\"JxNmG\":\"yes\",\"Vvbuq\":\"no\"}',	'radio_opt',	0,	118,	'2024-01-15 15:06:36',	1,	'2024-01-15 12:06:36',	'2024-01-15 12:06:36'),
(1237,	'Has a DQA been conducted within the last quarter?',	'facility',	3,	'{\"EcRzQ\":\"yes\",\"OnXtL\":\"no\"}',	'radio_opt',	0,	118,	'2024-01-15 15:06:36',	1,	'2024-01-15 12:06:36',	'2024-01-15 12:06:36'),
(1238,	'If yes, what were the findings and % score of the DQA?',	'facility',	3,	'',	'textfield_s',	0,	118,	'2024-01-15 15:06:36',	1,	'2024-01-15 12:06:36',	'2024-01-15 12:06:36'),
(1239,	'Have the remedial actions from the DQA been implemented and documented?',	'individual',	1,	'',	'textfield_s',	0,	118,	'2024-01-15 15:06:36',	1,	'2024-01-15 12:06:36',	'2024-01-15 12:06:36'),
(1240,	'Did the data officer conduct a data review meeting for the last reporting period?',	'individual',	2,	'{\"HlpxQ\":\"yes\",\"rYofT\":\"no\"}',	'radio_opt',	0,	118,	'2024-01-15 15:06:36',	1,	'2024-01-15 12:06:36',	'2024-01-15 12:06:36'),
(1241,	'Are there up to date minutes for data review minutes for the financial year to date? (Oct-Sept)',	'facility',	2,	'{\"KXysT\":\"yes\",\"JEWvI\":\"no\"}',	'radio_opt',	0,	118,	'2024-01-15 15:06:36',	1,	'2024-01-15 12:06:36',	'2024-01-15 12:06:36'),
(1242,	'Have findings from the data rveiew meeting been implemented and documented?',	'facility',	1,	'',	'textfield_s',	0,	118,	'2024-01-15 15:06:36',	1,	'2024-01-15 12:06:36',	'2024-01-15 12:06:36'),
(1243,	'How many of the clients enrolled/re-inducted in the reporting period have clinical intake form filled? Look for complete documentation)',	'facility',	1,	'',	'number_opt',	0,	119,	'2024-01-15 15:07:25',	1,	'2024-01-15 12:07:25',	'2024-01-15 12:07:25'),
(1244,	'What proportion of who made the last clinical visit were triaged before clinical review? Review 10 charts to verify',	'facility',	1,	'',	'number_opt',	0,	119,	'2024-01-15 15:07:25',	1,	'2024-01-15 12:07:25',	'2024-01-15 12:07:25'),
(1245,	'What proportion of who made the last clinical visit were screened for TB? Review 10 charts to verify',	'sdp',	1,	'',	'number_opt',	0,	119,	'2024-01-15 15:07:25',	1,	'2024-01-15 12:07:25',	'2024-01-15 12:07:25'),
(1246,	'Are all presumptives documented in the presumptive TB register? ',	'sdp',	1,	'{\"miVvd\":\"yes\",\"eMCso\":\"no\"}',	'radio_opt',	0,	119,	'2024-01-15 15:07:25',	1,	'2024-01-15 12:07:25',	'2024-01-15 12:07:25'),
(1247,	'Of the clients positive for TB what proportion are captured in the TB register? Review 10 charts for those tested positive for TB',	'sdp',	1,	'',	'number_opt',	0,	119,	'2024-01-15 15:07:25',	1,	'2024-01-15 12:07:25',	'2024-01-15 12:07:25'),
(1248,	'What proportion of who made the last clinical visit were screened for STI\'s? Review 10 charts to verify',	'sdp',	1,	'{\"yPMit\":\"yes\",\"XmFEK\":\"no\"}',	'radio_opt',	0,	119,	'2024-01-15 15:07:25',	1,	'2024-01-15 12:07:25',	'2024-01-15 12:07:25'),
(1249,	'How many of those who tested positive have been initiated on treatment? ',	'sdp',	1,	'',	'number_opt',	0,	119,	'2024-01-15 15:07:25',	1,	'2024-01-15 12:07:25',	'2024-01-15 12:07:25'),
(1250,	'Were all those who tested positive documented in the STI register? Verify on STI register',	'sdp',	1,	'',	'number_opt',	0,	119,	'2024-01-15 15:07:25',	1,	'2024-01-15 12:07:25',	'2024-01-15 12:07:25'),
(1251,	'Were all newly tested HIV+ initiated for treatment? (test and start)',	'facility',	1,	'{\"eciSn\":\"yes\",\"AvcwV\":\"no\"}',	'radio_opt',	0,	119,	'2024-01-15 15:07:25',	1,	'2024-01-15 12:07:25',	'2024-01-15 12:07:25'),
(1252,	'What proportion of eligible for viral load have been bled? Review cohort register for eligible and compare with EID/VL register',	'facility',	1,	'',	'number_opt',	0,	119,	'2024-01-15 15:07:25',	1,	'2024-01-15 12:07:25',	'2024-01-15 12:07:25'),
(1253,	'What proportion of eligible for viral load have documented viral load results? ',	'facility',	1,	'',	'number_opt',	0,	119,	'2024-01-15 15:07:25',	1,	'2024-01-15 12:07:25',	'2024-01-15 12:07:25'),
(1254,	'How many clients with VL>200 copies  received timely EACs? ',	'facility',	1,	'',	'number_opt',	0,	119,	'2024-01-15 15:07:25',	1,	'2024-01-15 12:07:25',	'2024-01-15 12:07:25'),
(1255,	'Do all chart files have a documented methadone dose?',	'facility',	1,	'',	'number_opt',	0,	119,	'2024-01-15 15:07:25',	1,	'2024-01-15 12:07:25',	'2024-01-15 12:07:25'),
(1256,	'Was a mortality audit conducted for clients who died within the rerporting period?',	'facility',	1,	'',	'number_opt',	0,	119,	'2024-01-15 15:07:25',	1,	'2024-01-15 12:07:25',	'2024-01-15 12:07:25'),
(1257,	'Do all charts have a documented TCA?',	'facility',	1,	'',	'number_opt',	0,	119,	'2024-01-15 15:07:25',	1,	'2024-01-15 12:07:25',	'2024-01-15 12:07:25'),
(1258,	'How many of the clients enrolled in the reporting period have psychosocial intake form filled? Look for complete documentation)',	'facility',	1,	'',	'number_opt',	0,	120,	'2024-01-15 15:08:57',	1,	'2024-01-15 12:08:57',	'2024-01-15 12:08:57'),
(1259,	'For newly enrolled clients, do all files have a documented psychosocial follow-up form (form 2b) within 6 months of treatment initiation?',	'facility',	1,	'',	'number_opt',	0,	120,	'2024-01-15 15:08:57',	1,	'2024-01-15 12:08:57',	'2024-01-15 12:08:57'),
(1260,	'What proportion of the active clients have had a psychosocial visit in the last 3 months?',	'facility',	1,	'',	'number_opt',	0,	120,	'2024-01-15 15:08:57',	1,	'2024-01-15 12:08:57',	'2024-01-15 12:08:57'),
(1261,	'What proportion of the active clients have had a reviewed treatment plan in the last 3 months?',	'facility',	1,	'',	'number_opt',	0,	120,	'2024-01-15 15:08:57',	1,	'2024-01-15 12:08:57',	'2024-01-15 12:08:57'),
(1262,	'Has defaulter tracing in respective counsellor cohorts been done for all clients lost within the reporting period? Use total IIT as the denominator to arrive at proportion traced',	'facility',	1,	'',	'number_opt',	0,	120,	'2024-01-15 15:08:57',	1,	'2024-01-15 12:08:57',	'2024-01-15 12:08:57'),
(1263,	'Are there documented tracing outcomes all IIT',	'facility',	1,	'{\"jKtOg\":\"yes\",\"guCYi\":\"no\"}',	'radio_opt',	0,	120,	'2024-01-15 15:08:57',	1,	'2024-01-15 12:08:57',	'2024-01-15 12:08:57'),
(1264,	'Are all IIT documented in the care-ending and tracking form as well as the MAT tracing register? Assess for concordance',	'facility',	1,	'{\"slxHd\":\"yes\",\"ezqIB\":\"no\"}',	'radio_opt',	0,	120,	'2024-01-15 15:08:57',	1,	'2024-01-15 12:08:57',	'2024-01-15 12:08:57'),
(1265,	'Have at least 2 psychosocial group therapy sessions/support groups been conducted within month?',	'facility',	1,	'{\"aZIdH\":\"yes\",\"ovXrB\":\"no\"}',	'radio_opt',	0,	120,	'2024-01-15 15:08:57',	1,	'2024-01-15 12:08:57',	'2024-01-15 12:08:57'),
(1266,	'Do all active cohorts have documented on psychosocial outcomes as per their most recent psychosocial visit? Review 10 charts per counsellor',	'individual',	1,	'{\"rWQVM\":\"\"}',	'check_opt',	0,	120,	'2024-01-15 15:08:57',	1,	'2024-01-15 12:08:57',	'2024-01-15 12:08:57'),
(1267,	'Do all clients who have began cessation in cohorts have a documented assessment for eligibility of cessation?',	'individual',	1,	'{\"zhKJm\":\"yes\",\"tifOk\":\"no\"}',	'radio_opt',	0,	120,	'2024-01-15 15:08:57',	1,	'2024-01-15 12:08:57',	'2024-01-15 12:08:57'),
(1268,	'Do all active clients have a documented TCA for their next session?',	'facility',	1,	'',	'number_opt',	0,	120,	'2024-01-15 15:08:57',	1,	'2024-01-15 12:08:57',	'2024-01-15 12:08:57'),
(1269,	'Of the clients with a documented TCA, what is the missed appointment rate?',	'facility',	1,	'',	'number_opt',	0,	120,	'2024-01-15 15:08:57',	1,	'2024-01-15 12:08:57',	'2024-01-15 12:08:57'),
(1270,	'Are talking walls on laboratory services up to date?',	'facility',	1,	'{\"MKedE\":\"yes\",\"iuLBZ\":\"no\"}',	'radio_opt',	0,	121,	'2024-01-15 15:09:50',	1,	'2024-01-15 12:09:50',	'2024-01-15 12:09:50'),
(1271,	'Did everyone inducted/re-inducted within the reporting period receivee all requisite baseline tests (urine drug screen, VDRL, Hepatitis B and C screening)? Use inducted/re-inducted as the denominator',	'facility',	1,	'',	'textfield_s',	0,	121,	'2024-01-15 15:09:50',	1,	'2024-01-15 12:09:50',	'2024-01-15 12:09:50'),
(1272,	'What proportion of eligible for urine drug screening have had a toxicology done?',	'facility',	1,	'',	'number_opt',	0,	121,	'2024-01-15 15:09:50',	1,	'2024-01-15 12:09:50',	'2024-01-15 12:09:50'),
(1273,	'Have all laboratory tests done in the reporting period been documented in the laboratory register?',	'individual',	1,	'{\"GUuVt\":\"\"}',	'check_opt',	0,	121,	'2024-01-15 15:09:50',	1,	'2024-01-15 12:09:50',	'2024-01-15 12:09:50'),
(1274,	'What is the concordance between the laboratory register and IQCare?',	'facility',	1,	'',	'number_opt',	0,	121,	'2024-01-15 15:09:50',	1,	'2024-01-15 12:09:50',	'2024-01-15 12:09:50'),
(1275,	'Have all presumptives been investigated as per the national algorithms? Use denominator from presumptive TB register',	'facility',	1,	'',	'number_opt',	0,	121,	'2024-01-15 15:09:50',	1,	'2024-01-15 12:09:50',	'2024-01-15 12:09:50'),
(1276,	'Does the store meet ideal conditions? Lockable? Ventilated? Temperature monitored? Job Aids? Pallets? Free from dust and rodents?',	'facility',	3,	'',	'textfield_s',	0,	122,	'2024-01-15 16:18:06',	1,	'2024-01-15 13:18:06',	'2024-01-15 13:18:06'),
(1277,	'Did the pharmacy team conduct active surveillance for adverse drug reactions?',	'individual',	1,	'{\"JwMct\":\"yes\",\"eZdqv\":\"no\"}',	'radio_opt',	0,	122,	'2024-01-15 16:18:06',	1,	'2024-01-15 13:18:06',	'2024-01-15 13:18:06'),
(1278,	'Are bin cards up to date?',	'facility',	1,	'{\"VQJCT\":\"yes\",\"ZwufW\":\"no\"}',	'radio_opt',	0,	122,	'2024-01-15 16:18:06',	1,	'2024-01-15 13:18:06',	'2024-01-15 13:18:06'),
(1279,	'Does the physical stock tally with the methameasure stock?',	'facility',	1,	'{\"nsQyV\":\"yes\",\"PVBOk\":\"no\"}',	'radio_opt',	0,	122,	'2024-01-15 16:18:06',	1,	'2024-01-15 13:18:06',	'2024-01-15 13:18:06'),
(1280,	'In the last 3 months, have there been any commodities in low or completely stocked out?',	'facility',	3,	'',	'textfield_s',	0,	122,	'2024-01-15 16:18:06',	1,	'2024-01-15 13:18:06',	'2024-01-15 13:18:06'),
(1281,	'Were any adverse drug reactions reported in a timely manner using the national reporting template?',	'facility',	3,	'{\"qpwQg\":\"yes\",\"snRWN\":\"no\"}',	'radio_opt',	0,	122,	'2024-01-15 16:18:06',	1,	'2024-01-15 13:18:06',	'2024-01-15 13:18:06'),
(1282,	'Did the pharmacy personelle submit national and county reports submitted by the 5th working day of the new month?',	'individual',	2,	'{\"CgXnf\":\"yes\",\"SWisg\":\"no\"}',	'radio_opt',	0,	122,	'2024-01-15 16:18:06',	1,	'2024-01-15 13:18:06',	'2024-01-15 13:18:06'),
(1283,	'Did the healthcare provider screen all eligible clients have been screened for risk prior to testing? (Indicate numerator and denominator in response)',	'individual',	1,	'',	'textfield_s',	0,	123,	'2024-01-15 16:19:16',	1,	'2024-01-15 13:19:16',	'2024-01-15 13:19:16'),
(1284,	'What proportion of those at risk were tested as per the national MAT guidelines (Indicate numerator, denominator and percentage score in response)',	'facility',	1,	'',	'textfield_s',	0,	123,	'2024-01-15 16:19:16',	1,	'2024-01-15 13:19:16',	'2024-01-15 13:19:16'),
(1285,	'Are all tested documented both on IQ Care and in the HTS Register/e-HTS? Document concordance as a percentage',	'facility',	1,	'',	'number_opt',	0,	123,	'2024-01-15 16:19:16',	1,	'2024-01-15 13:19:16',	'2024-01-15 13:19:16'),
(1286,	'What proportion of the eligible clients reviewed for HTS were screened for PrEP eligibility based on risk?',	'individual',	1,	'',	'number_opt',	0,	123,	'2024-01-15 16:19:16',	1,	'2024-01-15 13:19:16',	'2024-01-15 13:19:16'),
(1287,	'How many clients on PrEP in the reporting received follow-up testing as per the national guidelines',	'facility',	1,	'',	'textfield_s',	0,	123,	'2024-01-15 16:19:16',	1,	'2024-01-15 13:19:16',	'2024-01-15 13:19:16'),
(1288,	'Have all clients who were eligible for PEP been initiated? (Indicate numerator and denominator in response)',	'facility',	3,	'',	'number_opt',	0,	123,	'2024-01-15 16:19:16',	1,	'2024-01-15 13:19:16',	'2024-01-15 13:19:16'),
(1289,	'How mant clients initiated on PEP received follow-up testing after one month of completing treatment?',	'facility',	3,	'',	'number_opt',	0,	123,	'2024-01-15 16:19:16',	1,	'2024-01-15 13:19:16',	'2024-01-15 13:19:16'),
(1290,	'Is daily documentation of dispensing activities being done using national MAT tool?',	'individual',	1,	'{\"umFjx\":\"yes\",\"iVDcF\":\"no\"}',	'radio_opt',	0,	124,	'2024-01-15 16:20:31',	1,	'2024-01-15 13:20:31',	'2024-01-15 13:20:31'),
(1291,	'Is there proper stock balance between dispensed and missed doses?',	'facility',	1,	'{\"PQkTA\":\"yes\",\"nVskr\":\"no\"}',	'radio_opt',	0,	124,	'2024-01-15 16:20:31',	1,	'2024-01-15 13:20:31',	'2024-01-15 13:20:31'),
(1292,	'Is there daily documentation of clinical services? Review charts and compare with ',	'facility',	1,	'{\"dAzIq\":\"yes\",\"NJxnj\":\"no\"}',	'radio_opt',	0,	124,	'2024-01-15 16:20:31',	1,	'2024-01-15 13:20:31',	'2024-01-15 13:20:31'),
(1293,	'Is there follow-up of clients referred back to the facility to ensure that they returned?',	'individual',	1,	'{\"LyPzM\":\"yes\",\"UmRYg\":\"no\"}',	'radio_opt',	0,	124,	'2024-01-15 16:20:31',	1,	'2024-01-15 13:20:31',	'2024-01-15 13:20:31');

DROP TABLE IF EXISTS `responses`;
CREATE TABLE `responses` (
  `id` int(11) NOT NULL AUTO_INCREMENT,
  `visit_id` int(11) NOT NULL,
  `question_id` int(11) NOT NULL,
  `answer` text NOT NULL,
  `created_by` int(11) NOT NULL,
  `created_at` timestamp NULL DEFAULT current_timestamp(),
  `updated_at` timestamp NULL DEFAULT current_timestamp() ON UPDATE current_timestamp(),
  PRIMARY KEY (`id`),
  KEY `fk_answer_visit` (`visit_id`),
  KEY `fk_answer_question` (`question_id`),
  KEY `fk_answer_created_by` (`created_by`),
  CONSTRAINT `fk_answer_created_by` FOREIGN KEY (`created_by`) REFERENCES `users` (`id`) ON UPDATE CASCADE,
  CONSTRAINT `fk_answer_question` FOREIGN KEY (`question_id`) REFERENCES `questions` (`id`) ON UPDATE CASCADE,
  CONSTRAINT `fk_answer_visit` FOREIGN KEY (`visit_id`) REFERENCES `facility_visits` (`id`) ON UPDATE CASCADE
) ENGINE=InnoDB DEFAULT CHARSET=utf8mb4 COLLATE=utf8mb4_general_ci;

INSERT INTO `responses` (`id`, `visit_id`, `question_id`, `answer`, `created_by`, `created_at`, `updated_at`) VALUES
(41,	9,	95,	'nZaCI,juoap',	1,	'2023-05-02 14:56:19',	'2023-05-02 14:56:19'),
(42,	9,	96,	'GOyvR,ziqFa,TYHrA',	1,	'2023-05-02 14:56:19',	'2023-05-02 14:56:19'),
(43,	9,	97,	'skyZL',	1,	'2023-05-02 14:56:19',	'2023-05-02 14:56:19'),
(44,	9,	98,	'IvHoD',	1,	'2023-05-02 14:56:19',	'2023-05-02 14:56:19'),
(45,	9,	99,	'pfAJK',	1,	'2023-05-02 14:56:19',	'2023-05-02 14:56:19'),
(46,	9,	100,	'klySX',	1,	'2023-05-02 14:56:19',	'2023-05-02 14:56:19'),
(47,	9,	101,	'LBNdH,IKmbD,AwKWP,IWoTL',	1,	'2023-05-02 14:56:19',	'2023-05-02 14:56:19'),
(48,	9,	102,	'VbFSZ',	1,	'2023-05-02 14:56:19',	'2023-05-02 14:56:19'),
(49,	9,	103,	'tLcpX',	1,	'2023-05-02 14:56:19',	'2023-05-02 14:56:19'),
(50,	9,	104,	'axKpf',	1,	'2023-05-02 14:56:19',	'2023-05-02 14:56:19'),
(51,	9,	105,	'Yrpaz,JOaSp',	1,	'2023-05-02 14:56:19',	'2023-05-02 14:56:19'),
(52,	9,	106,	'UdXaP,nWObv',	1,	'2023-05-02 14:56:19',	'2023-05-02 14:56:19'),
(53,	9,	107,	'hIFgK',	1,	'2023-05-02 14:56:19',	'2023-05-02 14:56:19'),
(54,	9,	108,	'mWrqK,ZECGA',	1,	'2023-05-02 14:56:19',	'2023-05-02 14:56:19'),
(55,	9,	109,	'BqAbI',	1,	'2023-05-02 14:56:19',	'2023-05-02 14:56:19'),
(56,	9,	110,	'AVKei',	1,	'2023-05-02 14:56:19',	'2023-05-02 14:56:19'),
(57,	9,	111,	'iNsyu',	1,	'2023-05-02 15:10:42',	'2023-05-02 15:10:42'),
(58,	9,	112,	'vIKlu',	1,	'2023-05-02 15:10:42',	'2023-05-02 15:10:42'),
(63,	10,	95,	'nZaCI,juoap,mvGxe',	1,	'2023-05-02 15:16:16',	'2023-05-02 15:16:16'),
(64,	10,	96,	'GOyvR',	1,	'2023-05-02 15:16:16',	'2023-05-02 15:16:16'),
(65,	10,	97,	'zgfnJ',	1,	'2023-05-02 15:16:16',	'2023-05-02 15:16:16'),
(66,	10,	98,	'IvHoD',	1,	'2023-05-02 15:16:16',	'2023-05-02 15:16:16'),
(67,	10,	99,	'uiHrP',	1,	'2023-05-02 15:16:16',	'2023-05-02 15:16:16'),
(68,	10,	100,	'klySX',	1,	'2023-05-02 15:16:16',	'2023-05-02 15:16:16'),
(69,	10,	101,	'LBNdH,IKmbD,AwKWP,gDoHw,KkzXq',	1,	'2023-05-02 15:16:16',	'2023-05-02 15:16:16'),
(70,	10,	102,	'MXQPl',	1,	'2023-05-02 15:16:16',	'2023-05-02 15:16:16'),
(71,	10,	103,	'SNQji',	1,	'2023-05-02 15:16:16',	'2023-05-02 15:16:16'),
(72,	10,	104,	'AOCbq',	1,	'2023-05-02 15:16:16',	'2023-05-02 15:16:16'),
(73,	10,	105,	'JOaSp',	1,	'2023-05-02 15:16:16',	'2023-05-02 15:16:16'),
(74,	10,	106,	'nWObv',	1,	'2023-05-02 15:16:16',	'2023-05-02 15:16:16'),
(75,	10,	107,	'hIFgK',	1,	'2023-05-02 15:16:16',	'2023-05-02 15:16:16'),
(76,	10,	108,	'mWrqK,ZECGA,lDagJ,aJKyL',	1,	'2023-05-02 15:16:16',	'2023-05-02 15:16:16'),
(77,	10,	109,	'HPdCa',	1,	'2023-05-02 15:16:16',	'2023-05-02 15:16:16'),
(78,	10,	110,	'ZnksH',	1,	'2023-05-02 15:16:16',	'2023-05-02 15:16:16'),
(79,	14,	95,	'nZaCI,juoap',	1,	'2023-11-24 07:43:23',	'2023-11-24 07:43:23'),
(80,	14,	96,	'GOyvR,ziqFa',	1,	'2023-11-24 07:43:23',	'2023-11-24 07:43:23'),
(81,	14,	97,	'zgfnJ',	1,	'2023-11-24 07:43:23',	'2023-11-24 07:43:23'),
(82,	14,	98,	'IvHoD,QLVPR',	1,	'2023-11-24 07:43:23',	'2023-11-24 07:43:23'),
(83,	14,	99,	'uiHrP',	1,	'2023-11-24 07:43:23',	'2023-11-24 07:43:23'),
(84,	14,	100,	'nCcvG',	1,	'2023-11-24 07:43:23',	'2023-11-24 07:43:23'),
(85,	14,	112,	'vIKlu',	1,	'2023-11-24 07:45:05',	'2023-11-24 07:45:05'),
(86,	14,	113,	'50',	1,	'2023-11-24 07:45:05',	'2023-11-24 07:45:05'),
(87,	14,	114,	'60',	1,	'2023-11-24 07:45:05',	'2023-11-24 07:45:05'),
(88,	14,	115,	'20',	1,	'2023-11-24 07:45:05',	'2023-11-24 07:45:05'),
(89,	14,	116,	'80',	1,	'2023-11-24 07:45:05',	'2023-11-24 07:45:05'),
(90,	14,	210,	'IQnCA,OEJmC,qJVls',	1,	'2023-11-24 07:45:56',	'2023-11-24 07:45:56'),
(91,	14,	211,	'RLXyx',	1,	'2023-11-24 07:45:56',	'2023-11-24 07:45:56'),
(92,	14,	213,	'xecaq',	1,	'2023-11-24 07:45:56',	'2023-11-24 07:45:56'),
(93,	14,	137,	'wPztl',	85,	'2023-11-24 07:52:30',	'2023-11-24 07:52:30'),
(94,	14,	138,	'NJgOW',	85,	'2023-11-24 07:52:30',	'2023-11-24 07:52:30'),
(95,	14,	139,	'hkFTB',	85,	'2023-11-24 07:52:30',	'2023-11-24 07:52:30'),
(96,	14,	140,	'77',	85,	'2023-11-24 07:52:30',	'2023-11-24 07:52:30'),
(97,	14,	141,	'wJgkI',	85,	'2023-11-24 07:52:30',	'2023-11-24 07:52:30'),
(98,	14,	214,	'aWPxY',	85,	'2023-11-24 07:55:10',	'2023-11-24 07:55:10'),
(99,	14,	215,	'byvZV',	85,	'2023-11-24 07:55:10',	'2023-11-24 07:55:10'),
(100,	14,	219,	'',	85,	'2023-11-24 07:55:10',	'2023-11-24 07:55:10'),
(101,	14,	220,	'',	85,	'2023-11-24 07:55:10',	'2023-11-24 07:55:10'),
(102,	14,	221,	'dxFWq',	85,	'2023-11-24 07:55:10',	'2023-11-24 07:55:10'),
(103,	14,	222,	'DedKz',	85,	'2023-11-24 07:55:10',	'2023-11-24 07:55:10'),
(104,	14,	223,	'wxUMy',	85,	'2023-11-24 07:55:10',	'2023-11-24 07:55:10'),
(105,	14,	224,	'CwUha',	85,	'2023-11-24 07:55:10',	'2023-11-24 07:55:10'),
(106,	14,	225,	'',	85,	'2023-11-24 07:55:10',	'2023-11-24 07:55:10'),
(107,	14,	226,	'',	85,	'2023-11-24 07:55:10',	'2023-11-24 07:55:10'),
(108,	14,	286,	'flcag',	85,	'2023-11-24 09:09:21',	'2023-11-24 09:09:21'),
(109,	14,	287,	'LerVj',	85,	'2023-11-24 09:09:21',	'2023-11-24 09:09:21'),
(110,	14,	288,	'dzurM',	85,	'2023-11-24 09:09:21',	'2023-11-24 09:09:21'),
(111,	14,	289,	'lrEnS',	85,	'2023-11-24 09:09:21',	'2023-11-24 09:09:21'),
(112,	14,	290,	'oacOv',	85,	'2023-11-24 09:09:21',	'2023-11-24 09:09:21'),
(113,	14,	292,	'PXHQb',	85,	'2023-11-24 09:09:21',	'2023-11-24 09:09:21'),
(114,	14,	293,	'FkLcz',	85,	'2023-11-24 09:09:21',	'2023-11-24 09:09:21'),
(115,	14,	294,	'CzSng',	85,	'2023-11-24 09:09:21',	'2023-11-24 09:09:21'),
(116,	14,	295,	'dbZag',	85,	'2023-11-24 09:09:21',	'2023-11-24 09:09:21'),
(117,	14,	296,	'TZhtd',	85,	'2023-11-24 09:09:21',	'2023-11-24 09:09:21'),
(118,	14,	297,	'QIbfX',	85,	'2023-11-24 09:11:43',	'2023-11-24 09:11:43'),
(119,	14,	298,	'MhKnd',	85,	'2023-11-24 09:11:43',	'2023-11-24 09:11:43'),
(120,	14,	299,	'bnNsd',	85,	'2023-11-24 09:11:43',	'2023-11-24 09:11:43'),
(121,	14,	322,	'5',	85,	'2023-11-24 09:14:48',	'2023-11-24 09:14:48');

DROP TABLE IF EXISTS `sections`;
CREATE TABLE `sections` (
  `id` int(11) NOT NULL AUTO_INCREMENT,
  `title` varchar(199) NOT NULL,
  `abbr` varchar(10) NOT NULL COMMENT 'Abbreviation...',
  `checklist_id` int(11) NOT NULL,
  `created_by` int(11) NOT NULL,
  `created_at` timestamp NULL DEFAULT current_timestamp(),
  `updated_at` timestamp NULL DEFAULT current_timestamp() ON UPDATE current_timestamp(),
  PRIMARY KEY (`id`),
  KEY `fk_section_created_by` (`created_by`),
  KEY `fk_section_checklist` (`checklist_id`),
  CONSTRAINT `fk_section_checklist` FOREIGN KEY (`checklist_id`) REFERENCES `checklists` (`id`) ON UPDATE CASCADE,
  CONSTRAINT `fk_section_created_by` FOREIGN KEY (`created_by`) REFERENCES `users` (`id`) ON UPDATE CASCADE
) ENGINE=InnoDB DEFAULT CHARSET=utf8mb4 COLLATE=utf8mb4_general_ci;

INSERT INTO `sections` (`id`, `title`, `abbr`, `checklist_id`, `created_by`, `created_at`, `updated_at`) VALUES
(7,	'A: REQUIRED JOB AIDS',	'RJA',	5,	1,	'2023-04-07 11:30:07',	'2023-04-07 11:30:07'),
(8,	'B: HTS Eligibility screening',	'HES',	5,	1,	'2023-04-07 12:19:41',	'2023-04-07 12:19:41'),
(9,	'C: HTS OVERALL STRATEGY',	'HOS',	5,	1,	'2023-04-07 12:24:22',	'2023-04-07 12:24:22'),
(10,	'D: INDEX TESTING ',	'HIT',	5,	1,	'2023-04-07 12:37:09',	'2023-04-07 12:37:09'),
(11,	'E: SOCIAL NETWORK STRATEGY (SNS)',	'HSNS',	5,	1,	'2023-04-07 12:39:05',	'2023-04-07 12:39:05'),
(12,	'F: REFERRAL AND LINKAGE TO HIV TREATMENT AND PREVENTION',	'HRLHTP',	5,	1,	'2023-04-07 12:49:14',	'2023-04-07 12:49:14'),
(13,	'G: RECENCY SURVEILLANCE',	'HRS',	5,	1,	'2023-04-07 12:53:54',	'2023-04-07 12:53:54'),
(14,	'H: QUALITY OF HIV TESTING SERVICES',	'HQHTS',	5,	1,	'2023-04-07 12:57:25',	'2023-04-07 12:57:25'),
(15,	'I: HIV TESTING SERVICES COMMODITIES, EQUIPMENTS AND SAFETY',	'HTSCES',	5,	1,	'2023-04-07 13:25:21',	'2023-04-07 13:25:21'),
(16,	'J: TRAININGS',	'HT',	5,	1,	'2023-04-07 13:30:34',	'2023-04-07 13:30:34'),
(17,	'K: CONTINOUS QUALITY IMPROVEMENT',	'HCQI',	5,	1,	'2023-04-07 13:33:03',	'2023-04-07 13:33:03'),
(18,	'CLASSIFICATION',	'CL',	6,	1,	'2023-05-08 07:46:24',	'2023-05-08 07:46:24'),
(19,	'ACCOUNTABILITY',	'ACC',	6,	1,	'2023-05-08 07:54:20',	'2023-05-08 07:54:20'),
(20,	'C: STORAGE',	'ST',	6,	1,	'2023-06-09 04:29:15',	'2023-06-09 04:29:15'),
(21,	'D: MEDICATION DISPENSING',	'MD',	6,	1,	'2023-06-09 04:32:56',	'2023-06-09 04:32:56'),
(22,	'E: PHARMACOVIGILANCE',	'PC',	6,	1,	'2023-06-09 04:38:41',	'2023-06-09 04:38:41'),
(23,	'F: SUPPLY CHAIN RELIABILITY',	'SCR',	6,	1,	'2023-06-09 04:39:45',	'2023-06-09 04:39:45'),
(24,	'G: REQUIRED DOCUMENTS',	'RD',	6,	1,	'2023-06-09 04:40:44',	'2023-06-09 04:40:44'),
(25,	'A: REQUIRED JOB AIDS',	'RJA',	7,	1,	'2023-06-09 05:55:07',	'2023-06-09 05:55:07'),
(26,	'B. GUIDELNES',	'G',	7,	1,	'2023-06-09 06:01:16',	'2023-06-09 06:01:16'),
(27,	'C. CHART REVIEWS -I. Advanced HIV disease screening',	'CRAHD',	7,	1,	'2023-06-09 06:05:47',	'2023-06-09 07:16:09'),
(28,	'C. CHART REVIEWS -II. VL UPTAKE',	'CRVL',	7,	1,	'2023-06-09 06:15:43',	'2023-06-09 06:15:43'),
(29,	'NCD Screening',	'NCDS',	7,	1,	'2023-06-09 06:19:53',	'2023-06-09 06:19:53'),
(30,	'CQI',	'CQI',	7,	1,	'2023-06-09 06:22:34',	'2023-06-09 06:22:34'),
(31,	'Guidelines',	'GD',	8,	1,	'2023-06-09 07:15:42',	'2023-06-09 07:15:42'),
(32,	'M&E SOPs',	'M&ESOP',	8,	1,	'2023-06-09 07:18:21',	'2023-06-09 07:18:21'),
(33,	'Meeting minutes & Reports',	'MMR',	8,	1,	'2023-07-07 06:41:00',	'2023-07-07 06:41:00'),
(34,	'Availability Correct & Consistent use of national tools & reporting',	'ACC',	8,	1,	'2023-07-07 06:44:46',	'2023-07-07 06:44:46'),
(35,	'SOPs (should be Posted on the wall)',	'KPSOPs',	8,	1,	'2023-07-07 07:08:22',	'2023-07-07 07:08:22'),
(36,	'KP HTS',	'KPHTS',	8,	1,	'2023-07-07 07:10:00',	'2023-07-07 07:10:00'),
(37,	'Waste management & infection control measures',	'WMICM',	8,	1,	'2023-07-07 07:12:10',	'2023-07-07 07:12:10'),
(38,	'Storage',	'Storage',	8,	1,	'2023-07-07 07:14:28',	'2023-07-07 07:14:28'),
(39,	'Updated KP programming requirements',	'KPPR',	8,	1,	'2023-07-07 07:16:36',	'2023-07-07 07:16:36'),
(40,	'HRM',	'HRM',	8,	1,	'2023-07-07 07:17:31',	'2023-07-07 07:17:31'),
(41,	'A: REQUIRED SOPS AND JOB AIDS',	'SOPs_JOBAI',	9,	1,	'2023-07-07 07:52:27',	'2023-07-07 07:52:27'),
(42,	'B: SECURITY AND SCREENING CHECKS',	'SSC',	9,	1,	'2023-07-07 07:53:04',	'2023-07-07 07:53:04'),
(43,	'B1: DATA',	'DATA',	9,	1,	'2023-07-07 07:55:58',	'2023-07-07 07:55:58'),
(44,	'C: CLINICAL SERVICES',	'CS',	9,	1,	'2023-07-07 07:56:57',	'2023-07-07 07:56:57'),
(45,	'D: PSYCHOSOCIAL SERVICES',	'PS',	9,	1,	'2023-07-07 08:01:14',	'2023-07-07 08:01:14'),
(46,	'E: LABORATORY TESTING SERVICES',	'LTS',	9,	1,	'2023-07-07 08:02:20',	'2023-07-07 08:02:20'),
(47,	'F: PHARMACY SERVICES',	'PS',	9,	1,	'2023-07-07 08:20:28',	'2023-07-07 08:20:28'),
(48,	'G: HIV TESTING SERVICES',	'HTS',	9,	1,	'2023-07-07 08:22:27',	'2023-07-07 08:22:27'),
(49,	'H: MOBILE MAT SERVICES',	'MMATS',	9,	1,	'2023-07-07 08:26:41',	'2023-07-07 08:27:41'),
(50,	'A: RETENTION TOOLS',	'RT',	11,	1,	'2023-07-25 02:41:49',	'2023-07-25 02:41:49'),
(51,	'B:STANDARD OPERATING PROCEDURE',	'COT_SOP',	11,	1,	'2023-07-25 02:47:20',	'2023-07-25 02:47:20'),
(52,	'C:TREATMENT PREPARATION  FOR NEW  PATIENT',	'TPNP',	11,	1,	'2023-07-25 02:49:07',	'2023-07-25 02:49:07'),
(53,	'D:ADHERANCE MONITORING',	'COT_AD',	11,	1,	'2023-07-25 02:52:38',	'2023-07-25 02:52:38'),
(54,	'E:APPOINTMENT KEEPING MANAGEMENT',	'COT_AKM',	11,	1,	'2023-07-25 02:55:09',	'2023-07-25 02:55:09'),
(55,	'F:MISSED APPOINTMENT MANAGEMENT',	'COT_MAP',	11,	1,	'2023-07-25 02:57:31',	'2023-07-25 02:57:31'),
(56,	'G:MANAGEMENT OF VIRAEMIC  CLIENTS',	'COT_MoVC',	11,	1,	'2023-07-25 02:58:59',	'2023-07-25 02:58:59'),
(57,	'H:HIFADHI IMPLEMENTATION ',	'HIFADHII',	11,	1,	'2023-07-25 03:00:38',	'2023-07-25 03:00:38'),
(58,	'I:USHAURI IMPLEMENTATION',	'USHAURII',	11,	1,	'2023-07-25 03:03:11',	'2023-07-25 03:03:11'),
(59,	'J:NimeCONFIRMPlus',	'NimeCONFIR',	11,	1,	'2023-07-25 03:04:53',	'2023-07-25 03:04:53'),
(60,	'K:SUPPORT GROUPS',	'COT_SG',	11,	1,	'2023-07-25 03:06:38',	'2023-07-25 03:06:38'),
(61,	'l:CQI',	'CQI',	11,	1,	'2023-07-25 03:09:45',	'2023-07-25 03:09:45'),
(62,	'M:PROGRESS MONITORING CHARTS',	'COT_PMC',	11,	1,	'2023-07-25 03:11:27',	'2023-07-25 03:11:27'),
(63,	'N:PERSONAL DEVELOPMENT AND TRAINING',	'COT_PDT',	11,	1,	'2023-07-25 03:12:53',	'2023-07-25 03:12:53'),
(64,	'A: AVAILABILITY AND APPROPRIATENESS OF SERVICES',	'AAS',	12,	1,	'2024-01-09 17:53:06',	'2024-01-09 17:53:06'),
(65,	'B: FACILITY READINESS AND INFRASTRUCTURE',	'FRI',	12,	1,	'2024-01-09 17:55:27',	'2024-01-09 17:55:27'),
(66,	'C: IDENTIFICATION SURVIVORS OF GBV',	'ISG',	12,	1,	'2024-01-09 17:57:38',	'2024-01-09 17:57:38'),
(67,	'D: CLIENT-CENTERED CLINICAL CARE & COMMUNICATION',	'C-CCCC',	12,	1,	'2024-01-09 17:59:37',	'2024-01-09 17:59:37'),
(68,	'E: MEDICAL AND FORENSIC EXAMINATION AND HANDLING OF EVIDENCE',	'MFEHE',	12,	1,	'2024-01-09 18:05:10',	'2024-01-09 18:05:10'),
(69,	'F: REFERRAL SYSTEM AND FOLLOW UP OF GBV CLIENTS',	'RSFC',	12,	1,	'2024-01-09 18:06:45',	'2024-01-09 18:06:45'),
(70,	'G: TRAINING AND QUALITY IMPROVEMENT',	'TQI',	12,	1,	'2024-01-09 18:12:15',	'2024-01-09 18:12:15'),
(71,	'H: HEALTH CARE POLICY AND PROVISION',	'HCPP',	12,	1,	'2024-01-09 18:13:32',	'2024-01-09 18:13:32'),
(72,	'I: OUTREACH',	'OUTREACH',	12,	1,	'2024-01-09 18:14:47',	'2024-01-09 18:14:47'),
(73,	'J: GBV INFORMATION MANAGEMENT SYSTEMS',	'GBV-IMS',	12,	1,	'2024-01-09 18:16:28',	'2024-01-09 18:16:28'),
(74,	'A: QUALITY MANAGEMENT',	'QM',	14,	1,	'2024-01-12 04:11:34',	'2024-01-12 04:11:34'),
(75,	'B: LABORATORY BIOSAFTEY',	'LB',	14,	1,	'2024-01-12 04:12:25',	'2024-01-12 04:12:25'),
(76,	'C: TEST SOP',	'Test-SOP',	14,	1,	'2024-01-12 04:13:38',	'2024-01-12 04:13:38'),
(77,	'D: TEST INTERRUPTIONS',	'TI',	14,	1,	'2024-01-12 04:16:55',	'2024-01-12 04:16:55'),
(78,	'E: WASTE MANAGEMENT',	'WM',	14,	1,	'2024-01-12 04:18:02',	'2024-01-12 04:18:02'),
(79,	'F: BLOOD SAFTETY',	'BS',	14,	1,	'2024-01-12 04:19:34',	'2024-01-12 04:19:34'),
(80,	'G: INJECTION SAFETY',	'IS',	14,	1,	'2024-01-12 04:20:30',	'2024-01-12 04:20:30'),
(81,	'H: POC TESTS IN PIMA MACHINES',	'POC-TPM',	14,	1,	'2024-01-12 04:21:37',	'2024-01-12 04:21:37'),
(82,	'A: OVERAL COORDINATION',	'OC',	15,	1,	'2024-01-12 04:31:18',	'2024-01-12 04:31:18'),
(83,	'B: PATIENT SCREENING AND TRIAGE',	'PST',	15,	1,	'2024-01-12 04:37:37',	'2024-01-12 04:37:37'),
(84,	'C: HEALTH CARE WORKER SCREENING AND PROTECTION',	'HCWSP',	15,	1,	'2024-01-12 04:38:56',	'2024-01-12 04:38:56'),
(85,	'D: ENVIRONMENTAL CLEANING',	'EC',	15,	1,	'2024-01-12 04:40:08',	'2024-01-12 04:40:08'),
(86,	'A: REQUIRED JOB AID AT CCC and MCH ',	'JOB-AIDS',	16,	1,	'2024-01-12 04:52:58',	'2024-01-12 04:52:58'),
(87,	'B: REGISTERS REVIEW',	'RH-REGISTE',	16,	1,	'2024-01-12 04:56:35',	'2024-01-12 04:56:35'),
(88,	'C. SERVICES PROVISION',	'SP',	16,	1,	'2024-01-12 05:01:27',	'2024-01-12 05:01:27'),
(89,	'D. CHART REVIEWS',	'CR',	16,	1,	'2024-01-12 05:03:10',	'2024-01-12 05:03:10'),
(90,	'E: TRAINING AND CAPACITY BUILDING',	'TCB',	16,	1,	'2024-01-12 05:07:36',	'2024-01-12 05:07:36'),
(91,	'F: CONTINUOUS QUALITY IMPROVEMENT',	'RH-CQI',	16,	1,	'2024-01-12 05:09:48',	'2024-01-12 05:09:48'),
(92,	'G: CERVICAL CANCER SCREENING  SDP COMMODITIES, EQUIPMENTS AND SAFETY',	'ccs-SDP-CE',	16,	1,	'2024-01-12 05:11:40',	'2024-01-12 05:11:40'),
(93,	'TOP REVIEW',	'prEP-REVIE',	17,	1,	'2024-01-12 05:31:03',	'2024-01-12 05:31:03'),
(94,	'PrEP INITIATION VISIT',	'prEP-IV',	17,	1,	'2024-01-12 05:34:07',	'2024-01-12 05:34:07'),
(95,	'DOCUMENTATION',	'DOCUMENTAT',	17,	1,	'2024-01-12 05:36:36',	'2024-01-12 05:36:36'),
(96,	'A: AGYW Enrollment',	'AGYW-E',	18,	1,	'2024-01-12 06:05:56',	'2024-01-12 06:05:56'),
(97,	'B: Social Asset Building',	'SAB',	18,	1,	'2024-01-12 06:10:04',	'2024-01-12 06:10:04'),
(98,	'C: HIV Testing Services',	'HIV-TS',	18,	1,	'2024-01-12 06:13:42',	'2024-01-12 06:13:42'),
(99,	'D: Biomedical',	'BIOMEDICAL',	18,	1,	'2024-01-12 06:25:50',	'2024-01-12 06:25:50'),
(100,	'E: Education support',	'ES',	18,	1,	'2024-01-12 06:41:05',	'2024-01-12 06:41:05'),
(101,	'F: Combined socio economic approaches',	'CEA',	18,	1,	'2024-01-12 06:44:41',	'2024-01-12 06:44:41'),
(102,	'G: Community and School HIV ',	'CS-HIV',	18,	1,	'2024-01-12 06:49:14',	'2024-01-12 06:49:14'),
(103,	'H: Gender based violence',	'DREAMS-GBV',	18,	1,	'2024-01-12 06:50:25',	'2024-01-12 06:50:25'),
(104,	'I: Parental/Care giver programs',	'PCGP',	18,	1,	'2024-01-12 06:52:24',	'2024-01-12 06:52:24'),
(105,	'J: Gender norms interventions',	'GNI',	18,	1,	'2024-01-12 06:54:01',	'2024-01-12 06:54:01'),
(106,	'K: Meetings and community engagements',	'MCE',	18,	1,	'2024-01-12 06:54:49',	'2024-01-12 06:54:49'),
(107,	'L: CQI',	'DREAMS-CQI',	18,	1,	'2024-01-12 06:55:48',	'2024-01-12 06:55:48'),
(108,	'A: REQUIRED JOB AID AT MCH',	'JOB-AIDS-M',	19,	1,	'2024-01-15 11:12:05',	'2024-01-15 11:12:05'),
(109,	'B: REGISTERS REVIEW',	'RR',	19,	1,	'2024-01-15 11:23:25',	'2024-01-15 11:23:25'),
(110,	'C. SERVICES PROVISION',	'SP',	19,	1,	'2024-01-15 11:27:47',	'2024-01-15 11:27:47'),
(111,	'I. PMTCT PATIENT RECORDS (Recount the number of files for each item below)',	'PR',	19,	1,	'2024-01-15 11:37:53',	'2024-01-15 11:37:53'),
(112,	'II. HEI (Recount the number of files for each item below)',	'CR-HEI',	19,	1,	'2024-01-15 11:39:42',	'2024-01-15 11:39:42'),
(113,	'Training and Capacity building',	'PMTC-TCB',	19,	1,	'2024-01-15 11:42:32',	'2024-01-15 11:42:32'),
(114,	'Continuous Quality Improvement',	'PMTCT-CQI',	19,	1,	'2024-01-15 11:48:07',	'2024-01-15 11:48:07'),
(115,	'ANC/ PMTCT SDP COMMODITIES, EQUIPMENTS AND SAFETY',	'PMTCT-CES',	19,	1,	'2024-01-15 11:50:05',	'2024-01-15 11:50:05'),
(116,	'A: REQUIRED SOPS AND JOB AIDS',	'PEDS-JOBAI',	10,	1,	'2024-01-15 12:04:27',	'2024-01-15 12:04:27'),
(117,	'B: SECURITY AND SCREENING CHECKS',	'SSC',	10,	1,	'2024-01-15 12:05:25',	'2024-01-15 12:05:25'),
(118,	'B: DATA',	'PEDS-DATA',	10,	1,	'2024-01-15 12:06:13',	'2024-01-15 12:06:13'),
(119,	'C: CLINICAL SERVICES',	'CS',	10,	1,	'2024-01-15 12:06:54',	'2024-01-15 12:06:54'),
(120,	'D: PSYCHOSOCIAL SERVICES',	'PS',	10,	1,	'2024-01-15 12:07:54',	'2024-01-15 12:07:54'),
(121,	'E: LABORATORY TESTING SERVICES',	'LTS',	10,	1,	'2024-01-15 12:09:19',	'2024-01-15 12:09:19'),
(122,	'E: PHARMACY SERVICES',	'PHARM-S',	10,	1,	'2024-01-15 13:16:53',	'2024-01-15 13:16:53'),
(123,	'F: HIV TESTING SERVICES',	'HIV-TS',	10,	1,	'2024-01-15 13:18:28',	'2024-01-15 13:18:28'),
(124,	'G: MOBILE MAT SERVICES',	'MMATS',	10,	1,	'2024-01-15 13:19:42',	'2024-01-15 13:19:42');

DROP TABLE IF EXISTS `survey_set`;
CREATE TABLE `survey_set` (
  `id` int(11) NOT NULL AUTO_INCREMENT,
  `title` varchar(200) NOT NULL,
  `description` text NOT NULL,
  `user_id` int(11) NOT NULL,
  `start_date` date NOT NULL,
  `end_date` date NOT NULL,
  `date_created` datetime NOT NULL DEFAULT current_timestamp(),
  PRIMARY KEY (`id`)
) ENGINE=InnoDB DEFAULT CHARSET=utf8mb4 COLLATE=utf8mb4_general_ci;

INSERT INTO `survey_set` (`id`, `title`, `description`, `user_id`, `start_date`, `end_date`, `date_created`) VALUES
(1,	'Sample Survey',	'Sample Only',	0,	'2020-11-06',	'2020-12-10',	'2020-11-10 09:57:47'),
(2,	'Survey 1',	'Lorem ipsum dolor sit amet, consectetur adipiscing elit. Donec in tempus turpis, sed fermentum risus. Praesent vitae velit rutrum, dictum massa nec, pharetra felis. Phasellus enim augue, laoreet in accumsan dictum, mollis nec lectus. ',	0,	'2020-10-15',	'2020-12-30',	'2020-11-10 14:12:09'),
(3,	'Survey 2',	'Lorem ipsum dolor sit amet, consectetur adipiscing elit. Donec in tempus turpis, sed fermentum risus. Praesent vitae velit rutrum, dictum massa nec, pharetra felis. ',	0,	'2020-09-01',	'2020-11-27',	'2020-11-10 14:12:33'),
(4,	'Survey 23',	'Lorem ipsum dolor sit amet, consectetur adipiscing elit. Donec in tempus turpis, sed fermentum risus. Praesent vitae velit rutrum, dictum massa nec, pharetra felis. ',	0,	'2020-09-10',	'2020-11-27',	'2020-11-10 14:14:03'),
(5,	'Sample Survey 101',	'Sample only',	0,	'2020-10-01',	'2020-11-23',	'2020-11-10 14:14:29');

DROP TABLE IF EXISTS `teams`;
CREATE TABLE `teams` (
  `id` int(11) NOT NULL AUTO_INCREMENT,
  `name` varchar(100) NOT NULL,
  `team_lead` int(11) NOT NULL,
  `created_at` timestamp NULL DEFAULT current_timestamp(),
  `updated_at` timestamp NULL DEFAULT current_timestamp() ON UPDATE current_timestamp(),
  PRIMARY KEY (`id`),
  UNIQUE KEY `unique_team_name` (`name`),
  KEY `fk_team_lead` (`team_lead`),
  CONSTRAINT `fk_team_lead` FOREIGN KEY (`team_lead`) REFERENCES `users` (`id`) ON UPDATE CASCADE
) ENGINE=InnoDB DEFAULT CHARSET=utf8mb4 COLLATE=utf8mb4_general_ci;

INSERT INTO `teams` (`id`, `name`, `team_lead`, `created_at`, `updated_at`) VALUES
(1,	'Team One',	48,	'2023-03-27 10:11:25',	'2023-03-28 13:04:08'),
(2,	'Team Two',	23,	'2023-04-05 06:32:47',	'2023-04-05 06:32:47'),
(3,	'Team 3',	58,	'2023-04-05 06:33:04',	'2023-04-05 06:33:04'),
(4,	'COE',	52,	'2023-04-05 06:33:24',	'2023-04-05 06:33:24');

DROP TABLE IF EXISTS `users`;
CREATE TABLE `users` (
  `id` int(11) NOT NULL AUTO_INCREMENT,
  `category_id` int(11) DEFAULT NULL,
  `email` varchar(100) NOT NULL,
  `phone_number` char(50) NOT NULL DEFAULT '0',
  `first_name` varchar(100) NOT NULL,
  `last_name` varchar(100) NOT NULL,
  `middle_name` varchar(100) NOT NULL,
  `active` tinyint(1) NOT NULL DEFAULT 1,
  `facility_id` int(11) DEFAULT NULL,
  `password` varchar(500) NOT NULL DEFAULT '',
  `last_login` timestamp NULL DEFAULT NULL,
  `created_by` int(11) DEFAULT NULL,
  `created_at` timestamp NULL DEFAULT current_timestamp(),
  `updated_at` timestamp NULL DEFAULT NULL,
  PRIMARY KEY (`id`),
  KEY `index_email` (`email`),
  KEY `fk_user_facility_id` (`facility_id`),
  KEY `fk_user_creator` (`created_by`),
  KEY `fk_user_category` (`category_id`),
  CONSTRAINT `fk_user_category` FOREIGN KEY (`category_id`) REFERENCES `user_categories` (`id`) ON UPDATE CASCADE
) ENGINE=InnoDB DEFAULT CHARSET=utf8mb4 COLLATE=utf8mb4_general_ci;

INSERT INTO `users` (`id`, `category_id`, `email`, `phone_number`, `first_name`, `last_name`, `middle_name`, `active`, `facility_id`, `password`, `last_login`, `created_by`, `created_at`, `updated_at`) VALUES
(1,	1,	'admin@admin.com',	'0735377609',	'Admin',	'Admin',	'K',	1,	NULL,	'0192023a7bbd73250516f069df18b500',	'2024-01-22 07:17:24',	1,	'2022-05-17 13:21:00',	'2024-01-22 07:17:24'),
(2,	NULL,	'kimjose@gmail.com',	'0789123123',	'hts',	's',	'',	1,	NULL,	'0192023a7bbd73250516f069df18b500',	'2022-05-25 06:11:48',	1,	'2022-05-23 12:35:21',	'2022-08-23 05:08:29'),
(3,	NULL,	'jnmwende693@gmail.com',	'0789123154',	'Jackline',	'Mwende',	'',	1,	NULL,	'0192023a7bbd73250516f069df18b500',	'2022-05-25 06:23:27',	1,	'2022-05-24 07:18:45',	'2022-05-25 06:23:27'),
(4,	NULL,	'kimjose693@gmail.com',	'0717894567',	'Jamp',	'Jumper',	'',	1,	28,	'0192023a7bbd73250516f069df18b500',	'2022-05-26 05:47:42',	1,	'2022-05-24 11:48:27',	'2022-06-06 03:45:40'),
(11,	NULL,	'prarriw@cihebkenya.org',	'0701125676',	'Patricia',	'Rarriw',	'',	1,	NULL,	'0192023a7bbd73250516f069df18b500',	'2022-09-29 00:05:25',	1,	'2022-05-31 06:13:28',	'2022-09-29 12:05:25'),
(12,	NULL,	'jorawo@cihebkenya.org',	'0789123123',	'Joshua',	'Orawo',	'',	1,	NULL,	'0192023a7bbd73250516f069df18b500',	'2022-09-29 09:02:23',	1,	'2022-06-06 05:54:36',	'2022-09-29 09:02:23'),
(13,	NULL,	'POmwoma@cihebkenya.org',	'0721656327',	'Priscilla',	'Omwoma',	'',	1,	NULL,	'0192023a7bbd73250516f069df18b500',	'2022-09-22 08:39:14',	1,	'2022-06-06 06:06:24',	'2022-09-22 08:39:14'),
(14,	NULL,	'emutiso@cihebkenya.org',	'0736216207',	'Esther',	'Mutiso',	'',	1,	NULL,	'0192023a7bbd73250516f069df18b500',	'2022-09-26 09:50:35',	1,	'2022-06-06 13:21:08',	'2022-09-26 09:50:35'),
(15,	2,	'Omunyao@cihebkenya.org',	'0735111154',	'Oscar',	'Munyao',	'',	1,	NULL,	'202cb962ac59075b964b07152d234b70',	'2023-11-24 09:32:36',	1,	'2022-06-09 08:32:44',	'2023-11-24 09:32:36'),
(16,	NULL,	'dpaul@cihebkenya.org',	'0725518149',	'Desmond',	'Mwania',	'',	1,	NULL,	'0192023a7bbd73250516f069df18b500',	'2022-09-29 09:04:14',	1,	'2022-06-09 08:58:27',	'2022-09-29 09:04:14'),
(17,	NULL,	'eketer@cihebkenya.org',	'0777166267',	'EMILY',	'KETER',	'',	1,	NULL,	'0192023a7bbd73250516f069df18b500',	NULL,	1,	'2022-06-11 13:13:04',	'2022-06-11 13:13:04'),
(18,	NULL,	'gwangari@cihebkenya.org',	'0788753904',	'GERALD',	'WANGARI',	'',	1,	NULL,	'0192023a7bbd73250516f069df18b500',	'2022-09-27 06:47:41',	1,	'2022-06-11 13:13:04',	'2022-09-27 06:47:41'),
(20,	NULL,	'amunyalo@cihebkenya.org',	'0778846071',	'AGNES',	'MUNYALO',	'',	1,	NULL,	'0192023a7bbd73250516f069df18b500',	'2022-09-28 06:45:50',	1,	'2022-06-11 13:13:05',	'2022-09-28 06:45:50'),
(21,	NULL,	'jmashala@cihebkenya.org',	'0713301129',	'JUMA',	'MASHALA',	'',	1,	NULL,	'0192023a7bbd73250516f069df18b500',	'2022-09-21 23:50:13',	1,	'2022-06-11 13:13:05',	'2022-09-22 11:50:13'),
(22,	NULL,	'kowino@cihebkenya.org',	'0770424076',	'KENNEDY',	'OWINO',	'',	1,	NULL,	'0192023a7bbd73250516f069df18b500',	NULL,	1,	'2022-06-11 13:13:05',	'2022-06-11 13:13:05'),
(23,	NULL,	'wkariuki@cihebkenya.org',	'0733777465',	'Wilson',	'Kariuki',	'',	1,	NULL,	'0192023a7bbd73250516f069df18b500',	'2022-09-28 22:32:28',	1,	'2022-06-11 13:13:05',	'2022-09-29 10:32:28'),
(24,	NULL,	'rmotogwa@cihebkenya.org',	'0733012688',	'RICHARD',	'MOTOGWA',	'',	1,	NULL,	'0192023a7bbd73250516f069df18b500',	NULL,	1,	'2022-06-11 13:13:05',	'2022-06-11 13:13:05'),
(25,	NULL,	'aomanya@cihebkenya.org',	'0738124375',	'ANGELA',	'OMANYA',	'',	1,	NULL,	'0192023a7bbd73250516f069df18b500',	'2022-09-26 06:32:15',	1,	'2022-06-11 13:13:05',	'2022-09-26 06:32:15'),
(26,	NULL,	'claibon@cihebkenya.org',	'0704708626',	'CAROLINE',	'LAIBON',	'',	1,	NULL,	'0192023a7bbd73250516f069df18b500',	'2022-09-08 09:06:23',	1,	'2022-06-11 13:13:05',	'2022-09-08 09:06:23'),
(27,	NULL,	'dmuriungi@cihebkenya.org',	'0769362836',	'DORIS',	'MURIUNGI',	'',	1,	NULL,	'0192023a7bbd73250516f069df18b500',	NULL,	1,	'2022-06-11 13:13:05',	'2022-06-11 13:13:05'),
(28,	NULL,	'emomanyi@cihebkenya.org',	'0701698084',	'EMMAH',	'MOMANYI',	'',	1,	NULL,	'0192023a7bbd73250516f069df18b500',	'2022-08-25 08:40:28',	1,	'2022-06-11 13:13:05',	'2022-08-25 08:40:28'),
(29,	NULL,	'ekadenge@cihebkenya.org',	'0742617927',	'EUNICE',	'KADENGE',	'',	1,	NULL,	'0192023a7bbd73250516f069df18b500',	NULL,	1,	'2022-06-11 13:13:06',	'2022-06-11 13:13:06'),
(30,	NULL,	'gnganga@cihebkenya.org',	'0764414398',	'GEOFREY',	'NGANGA',	'',	1,	NULL,	'0192023a7bbd73250516f069df18b500',	NULL,	1,	'2022-06-11 13:13:06',	'2022-06-11 13:13:06'),
(31,	NULL,	'jngui@cihebkenya.org',	'0710820603',	'JAVIES',	'NGUI',	'',	1,	NULL,	'0192023a7bbd73250516f069df18b500',	'2022-09-28 07:12:23',	1,	'2022-06-11 13:13:06',	'2022-09-28 07:12:23'),
(32,	NULL,	'jmaingi@cihebkenya.org',	'0721068368',	'JAMES',	'MAINGI',	'',	1,	NULL,	'0192023a7bbd73250516f069df18b500',	'2022-06-30 01:35:59',	1,	'2022-06-11 13:13:06',	'2022-06-30 13:35:59'),
(33,	NULL,	'jnganga@cihebkenya.org',	'0762338976',	'JEWEL',	'NGANGA',	'',	1,	NULL,	'0192023a7bbd73250516f069df18b500',	NULL,	1,	'2022-06-11 13:13:06',	'2022-06-11 13:13:06'),
(34,	NULL,	'jmosago@cihebkenya.org',	'0790606837',	'JOEL',	'MOSAGO',	'',	1,	NULL,	'0192023a7bbd73250516f069df18b500',	NULL,	1,	'2022-06-11 13:13:06',	'2022-06-11 13:13:06'),
(35,	NULL,	'jonyango@cihebkenya.org',	'0771456926',	'JOSHUA',	'ONYANGO',	'',	1,	NULL,	'0192023a7bbd73250516f069df18b500',	NULL,	1,	'2022-06-11 13:13:06',	'2022-06-11 13:13:06'),
(36,	NULL,	'mnjoroge@cihebkenya.org',	'0762996236',	'MATTHEW',	'NJOROGE',	'',	1,	NULL,	'0192023a7bbd73250516f069df18b500',	NULL,	1,	'2022-06-11 13:13:06',	'2022-06-11 13:13:06'),
(38,	NULL,	'rwangusi@cihebkenya.org',	'0718788820',	'REBECCA',	'WANGUSI',	'',	1,	NULL,	'0192023a7bbd73250516f069df18b500',	NULL,	1,	'2022-06-11 13:13:06',	'2022-06-11 13:13:06'),
(39,	NULL,	'yamondi@cihebkenya.org',	'0764061752',	'YUVINE',	'AMONDI',	'',	1,	NULL,	'0192023a7bbd73250516f069df18b500',	NULL,	1,	'2022-06-11 13:13:07',	'2022-06-11 13:13:07'),
(40,	NULL,	'botieno@cihebkenya.org',	'0776163174',	'BERNARD',	'OTIENO',	'',	1,	NULL,	'0192023a7bbd73250516f069df18b500',	'2022-09-09 06:52:36',	1,	'2022-06-11 13:13:07',	'2022-09-09 06:52:36'),
(41,	NULL,	'mchege@cihebkenya.org',	'0765771370',	'MOURINE',	'CHEGE',	'',	1,	NULL,	'0192023a7bbd73250516f069df18b500',	NULL,	1,	'2022-06-11 13:13:07',	'2022-06-11 13:13:07'),
(42,	NULL,	'cmunguti@cihebkenya.org',	'0708644379',	'CATHERINE',	'MUNGUTI',	'',	1,	NULL,	'0192023a7bbd73250516f069df18b500',	'2022-06-28 09:13:29',	1,	'2022-06-11 13:13:07',	'2022-06-28 09:13:29'),
(43,	NULL,	'jkarumba@cihebkenya.org',	'0749344531',	'JOSEPH',	'KARUMBA',	'',	1,	NULL,	'0192023a7bbd73250516f069df18b500',	NULL,	1,	'2022-06-11 13:13:07',	'2022-06-11 13:13:07'),
(44,	NULL,	'jmakau@cihebkenya.org',	'0760758327',	'JOSEPH',	'MAKAU',	'',	1,	NULL,	'0192023a7bbd73250516f069df18b500',	NULL,	1,	'2022-06-11 13:13:07',	'2022-06-11 13:13:07'),
(45,	NULL,	'lkuria@cihebkenya.org',	'0722025612',	'LYDIA',	'KURIA',	'',	1,	NULL,	'0192023a7bbd73250516f069df18b500',	'2022-09-28 09:39:19',	1,	'2022-06-11 13:13:07',	'2022-09-28 09:39:19'),
(46,	NULL,	'nkipkorir@cihebkenya.org',	'0724042484',	'NICHOLAS',	'KIPKORIR',	'',	1,	NULL,	'0192023a7bbd73250516f069df18b500',	NULL,	1,	'2022-06-11 13:13:07',	'2022-06-11 13:13:07'),
(47,	NULL,	'pmutele@cihebkenya.org',	'0780583512',	'PETER',	'MUTELE',	'',	1,	NULL,	'0192023a7bbd73250516f069df18b500',	NULL,	1,	'2022-06-11 13:13:07',	'2022-06-11 13:13:07'),
(48,	NULL,	'ekaro@cihebkenya.org',	'0796959068',	'ESTHER',	'KARO',	'',	1,	NULL,	'0192023a7bbd73250516f069df18b500',	'2022-09-29 08:31:29',	1,	'2022-06-11 13:13:08',	'2022-09-29 08:31:29'),
(49,	NULL,	'akiarie@cihebkenya.org',	'0758947670',	'ABSOLOM',	'KIARIE',	'',	1,	NULL,	'0192023a7bbd73250516f069df18b500',	'2022-09-21 06:35:50',	1,	'2022-06-11 13:13:08',	'2022-09-21 06:35:50'),
(50,	NULL,	'dmutai@cihebkenya.org',	'0753005161',	'DEDAN',	'MUTAI',	'',	1,	NULL,	'0192023a7bbd73250516f069df18b500',	NULL,	1,	'2022-06-11 13:13:08',	'2022-06-11 13:13:08'),
(51,	NULL,	'gnduta@cihebkenya.org',	'0727455313',	'GLADYS',	'NDUTA',	'',	1,	NULL,	'0192023a7bbd73250516f069df18b500',	NULL,	1,	'2022-06-11 13:13:08',	'2022-06-11 13:13:08'),
(52,	2,	'jmwaniki@cihebkenya.org',	'07021286131',	'JOSEPH',	'MWANIKI',	'',	1,	NULL,	'827ccb0eea8a706c4c34a16891f84e7b',	'2022-08-30 00:15:44',	1,	'2022-06-11 13:13:08',	'2024-01-11 10:02:02'),
(54,	NULL,	'bmuturi@cihebkenya.org',	'0799302672',	'BERNARD',	'MUTURI',	'',	1,	NULL,	'0192023a7bbd73250516f069df18b500',	NULL,	1,	'2022-06-11 13:13:08',	'2022-06-11 13:13:08'),
(55,	NULL,	'lwanjeri@cihebkenya.org',	'0718182311',	'LUDOVIC',	'WANJERI',	'',	1,	NULL,	'0192023a7bbd73250516f069df18b500',	'2022-09-29 08:10:43',	1,	'2022-06-11 13:13:08',	'2022-09-29 08:10:43'),
(56,	NULL,	'dpaul@cihebkenya.org',	'0763608212',	'DESMOND',	'PAUL',	'',	1,	NULL,	'0192023a7bbd73250516f069df18b500',	'2022-08-09 05:35:42',	1,	'2022-06-11 13:13:08',	'2022-08-09 17:35:42'),
(57,	NULL,	'dodhiambo@cihebkenya.org',	'0721231557',	'DUNCAN',	'ODHIAMBO',	'',	1,	NULL,	'0192023a7bbd73250516f069df18b500',	'2022-06-20 06:39:48',	1,	'2022-06-11 13:13:09',	'2022-06-20 06:39:48'),
(58,	NULL,	'jmuema@cihebkenya.org',	'0706790550',	'JANET',	'MUEMA',	'',	1,	NULL,	'0192023a7bbd73250516f069df18b500',	'2022-09-21 07:19:10',	1,	'2022-06-11 13:13:09',	'2022-09-21 07:19:10'),
(59,	NULL,	'orotich@cihebkenya.org',	'0751240537',	'OBADIAH',	'ROTICH',	'',	1,	NULL,	'0192023a7bbd73250516f069df18b500',	NULL,	1,	'2022-06-11 13:13:09',	'2022-06-11 13:13:09'),
(60,	NULL,	'rrotich@cihebkenya.org',	'0700888344',	'ROBERT',	'ROTICH',	'',	1,	NULL,	'0192023a7bbd73250516f069df18b500',	NULL,	1,	'2022-06-11 13:13:09',	'2022-06-11 13:13:09'),
(61,	NULL,	'sobala@cihebkenya.org',	'0755135638',	'STEPHEN',	'OBALA',	'',	1,	NULL,	'0192023a7bbd73250516f069df18b500',	NULL,	1,	'2022-06-11 13:13:09',	'2022-06-11 13:13:09'),
(62,	NULL,	'sthumbi@cihebkenya.org',	'0743763288',	'SUSAN',	'THUMBI',	'',	1,	NULL,	'0192023a7bbd73250516f069df18b500',	NULL,	1,	'2022-06-11 13:13:09',	'2022-06-11 13:13:09'),
(63,	NULL,	'dnganga@cihebkenya.org',	'0737409060',	'DAMARIS',	'NGANGA',	'',	1,	NULL,	'0192023a7bbd73250516f069df18b500',	'2022-09-05 04:36:28',	1,	'2022-06-11 13:13:09',	'2022-09-05 04:36:28'),
(64,	NULL,	'dtobon@cihebkenya.org',	'0793738767',	'DAMARIS',	'TOBON',	'',	1,	NULL,	'0192023a7bbd73250516f069df18b500',	NULL,	1,	'2022-06-11 13:13:09',	'2022-06-11 13:13:09'),
(65,	NULL,	'gochieng@cihebkenya.org',	'0784854136',	'GADAFI',	'OCHIENG',	'',	1,	NULL,	'0192023a7bbd73250516f069df18b500',	NULL,	1,	'2022-06-11 13:13:09',	'2022-06-11 13:13:09'),
(66,	NULL,	'emwangi@cihebkenya.org',	'0792145794',	'EMMAH',	'MWANGI',	'',	1,	NULL,	'0192023a7bbd73250516f069df18b500',	NULL,	1,	'2022-06-11 13:13:10',	'2022-06-11 13:13:10'),
(67,	NULL,	'fwachira@cihebkenya.org',	'0727723873',	'FRANCIS',	'WACHIRA',	'',	1,	NULL,	'0192023a7bbd73250516f069df18b500',	NULL,	1,	'2022-06-11 13:13:10',	'2022-06-11 13:13:10'),
(68,	NULL,	'pawuor@cihebkenya.org',	'0779040971',	'PATRICK',	'AWUOR',	'',	1,	NULL,	'0192023a7bbd73250516f069df18b500',	'2022-09-09 09:42:51',	1,	'2022-06-11 13:13:10',	'2022-09-09 09:42:51'),
(69,	NULL,	'snzyoka@cihebkenya.org',	'0797273938',	'SARAH',	'NZYOKA',	'',	1,	NULL,	'0192023a7bbd73250516f069df18b500',	'2022-09-15 07:23:10',	1,	'2022-06-11 13:13:10',	'2022-09-15 07:23:10'),
(70,	NULL,	'ronsomu@cihebkenya.org',	'0729234631',	'ROSE',	'ONSOMU',	'',	1,	NULL,	'0192023a7bbd73250516f069df18b500',	NULL,	1,	'2022-06-11 13:13:10',	'2022-06-11 13:13:10'),
(71,	NULL,	'cmichura@cihebkenya.org',	'0722444231',	'CHRISTINE',	'MICHURA',	'',	1,	NULL,	'0192023a7bbd73250516f069df18b500',	'2022-08-26 07:24:32',	1,	'2022-06-11 13:13:10',	'2022-08-26 07:24:32'),
(72,	NULL,	'smuhamed@cihebkenya.org',	'0767324587',	'SULEIMAN',	'MUHAMED',	'',	1,	NULL,	'0192023a7bbd73250516f069df18b500',	NULL,	1,	'2022-06-11 13:13:10',	'2022-06-11 13:13:10'),
(73,	NULL,	'aolela@cihebkenya.org',	'0729363476',	'ANNETE',	'OLELA',	'',	1,	NULL,	'0192023a7bbd73250516f069df18b500',	'2022-08-04 04:37:41',	1,	'2022-06-11 13:13:10',	'2022-08-04 04:37:41'),
(74,	NULL,	'wmungai@cihebkenya.org',	'0749244260',	'WALLACE',	'MUNGAI',	'',	1,	NULL,	'0192023a7bbd73250516f069df18b500',	NULL,	1,	'2022-06-11 13:13:10',	'2022-06-11 13:13:10'),
(75,	NULL,	'jkado@cihebkenya.org',	'0778283050',	'JAVAN',	'KADO',	'',	1,	NULL,	'0192023a7bbd73250516f069df18b500',	'2022-09-29 07:53:42',	1,	'2022-06-11 13:13:11',	'2022-09-29 07:53:42'),
(76,	NULL,	'rkasivu@cihebkenya.org',	'0708825179',	'ROBERT',	'KASIVU',	'',	1,	NULL,	'0192023a7bbd73250516f069df18b500',	NULL,	1,	'2022-06-11 13:13:11',	'2022-06-11 13:13:11'),
(77,	NULL,	'injagi@cihebkenya.org',	'0722587540',	'ISAAC',	'NJAGI',	'',	1,	NULL,	'0192023a7bbd73250516f069df18b500',	NULL,	1,	'2022-06-11 13:13:11',	'2022-06-11 13:13:11'),
(78,	NULL,	'wouko@cihebkenya.org',	'0733097862',	'WILLIAM',	'OUKO',	'',	1,	NULL,	'0192023a7bbd73250516f069df18b500',	NULL,	1,	'2022-06-11 13:13:11',	'2022-06-11 13:13:11'),
(79,	NULL,	'domiti@cihebkenya.org',	'0749112852',	'DORIS',	'OMITI',	'',	1,	NULL,	'0192023a7bbd73250516f069df18b500',	'2022-09-08 22:59:46',	1,	'2022-06-11 13:13:11',	'2022-09-09 10:59:46'),
(80,	NULL,	'vachieng@cihebkenya.org',	'0112528491',	'VERITY',	'ACHIENG',	'',	1,	NULL,	'0192023a7bbd73250516f069df18b500',	'2022-09-29 06:59:50',	1,	'2022-06-11 13:13:11',	'2022-09-29 06:59:50'),
(81,	NULL,	'awughanga@cihebkenya.org',	'0796316019',	'ANNE',	'WUGHANGA',	'',	1,	NULL,	'0192023a7bbd73250516f069df18b500',	NULL,	1,	'2022-06-11 13:13:11',	'2022-06-11 13:13:11'),
(82,	NULL,	'sndaba@mgic.umaryland.edu',	'0772875985',	'Sospeter',	'Ndaba',	'',	1,	NULL,	'0192023a7bbd73250516f069df18b500',	NULL,	1,	'2022-06-11 13:13:11',	'2022-06-11 13:13:11'),
(83,	NULL,	'vmakhoha@mgic.umaryland.edu',	'0763886425',	'Violet',	'Makhoha',	'',	1,	NULL,	'0192023a7bbd73250516f069df18b500',	NULL,	1,	'2022-06-11 13:13:11',	'2022-06-11 13:13:11'),
(84,	NULL,	'cochola@mgic.umaryland.edu',	'0791542335',	'Cornelia',	'Ochola',	'',	1,	NULL,	'0192023a7bbd73250516f069df18b500',	NULL,	1,	'2022-06-11 13:13:12',	'2022-06-11 13:13:12'),
(85,	1,	'fkimonye@mgic.umaryland.edu',	'0704959101',	'Francis',	'Kimonye',	'',	1,	NULL,	'0192023a7bbd73250516f069df18b500',	'2023-11-24 09:05:55',	1,	'2022-06-11 13:13:12',	'2023-11-24 09:05:55'),
(86,	NULL,	'tmasai@mgic.umaryland.edu',	'0710279142',	'Tina',	'Masai',	'',	1,	NULL,	'0192023a7bbd73250516f069df18b500',	'2022-09-25 22:10:11',	1,	'2022-06-11 13:13:12',	'2022-09-26 10:10:11'),
(87,	NULL,	'skoech@mgic.umaryland.edu',	'0710529985',	'Sylvia',	'Koech',	'',	1,	NULL,	'0192023a7bbd73250516f069df18b500',	'2022-09-06 22:20:58',	1,	'2022-06-11 13:13:12',	'2022-09-07 10:20:58'),
(88,	NULL,	'cmuthamia@mgic.umaryland.edu',	'0726821277',	'Carolyne',	'Muthamia',	'',	1,	NULL,	'0192023a7bbd73250516f069df18b500',	'2022-06-15 07:02:58',	1,	'2022-06-11 13:13:12',	'2022-06-15 07:02:58'),
(89,	NULL,	'jkirigha@mgic.umaryland.edu',	'0793510214',	'Jardine',	'Kirigha',	'',	1,	NULL,	'0192023a7bbd73250516f069df18b500',	'2022-09-26 02:07:50',	1,	'2022-06-11 13:13:12',	'2022-09-26 14:07:50'),
(90,	NULL,	'jkimani@mgic.umaryland.edu',	'0786982307',	'Joseph',	'Kimani',	'',	1,	NULL,	'0192023a7bbd73250516f069df18b500',	'2022-09-09 06:51:49',	1,	'2022-06-11 13:13:12',	'2022-09-09 06:51:49'),
(91,	NULL,	'ootieno.@mgic.umaryland.edu',	'0725714204',	'Oscar',	'Otieno',	'',	1,	NULL,	'0192023a7bbd73250516f069df18b500',	'2022-09-20 01:45:17',	1,	'2022-06-11 13:13:12',	'2022-09-20 13:45:17'),
(92,	NULL,	'cngeno@mgic.umaryland.edu',	'0728773890',	'Caroline',	'Ngeno',	'',	1,	NULL,	'0192023a7bbd73250516f069df18b500',	NULL,	1,	'2022-06-11 13:13:12',	'2022-06-11 13:13:12'),
(93,	NULL,	'egichora@mgic.umaryland.edu',	'0713048656',	'Elijah',	'Gichora',	'',	1,	NULL,	'0192023a7bbd73250516f069df18b500',	'2022-09-27 07:23:40',	1,	'2022-06-11 13:13:12',	'2022-09-27 19:23:40'),
(94,	NULL,	'bawiti@mgic.umaryland.edu',	'0743853641',	'Brian',	'Awiti',	'',	1,	NULL,	'0192023a7bbd73250516f069df18b500',	'2022-09-19 22:39:31',	1,	'2022-06-11 13:13:13',	'2022-09-20 10:39:31'),
(95,	NULL,	'rmwaura@mgic.umaryland.edu',	'0712051758',	'Ruth',	'Mwaura',	'',	1,	NULL,	'0192023a7bbd73250516f069df18b500',	'2022-08-03 08:31:56',	1,	'2022-06-11 13:13:13',	'2022-08-03 08:31:56'),
(96,	NULL,	'cngomo@mgic.umaryland.edu',	'0782245133',	'Caroline',	'Ngomo',	'',	1,	NULL,	'0192023a7bbd73250516f069df18b500',	NULL,	1,	'2022-06-11 13:13:13',	'2022-06-11 13:13:13'),
(97,	NULL,	'lomondi@mgic.umaryland.edu',	'0765085231',	'Linda',	'Omondi',	'',	1,	NULL,	'0192023a7bbd73250516f069df18b500',	NULL,	1,	'2022-06-11 13:13:13',	'2022-06-11 13:13:13'),
(98,	NULL,	'dkaruga@mgic.umaryland.edu',	'0741062777',	'Daniel',	'Karuga',	'',	1,	NULL,	'0192023a7bbd73250516f069df18b500',	NULL,	1,	'2022-06-11 13:13:13',	'2022-06-11 13:13:13'),
(99,	NULL,	'hngetich@cihebkenya.org',	'0708050965',	'Herbert',	'Ngetich',	'',	1,	NULL,	'0192023a7bbd73250516f069df18b500',	'2022-07-22 08:09:13',	1,	'2022-06-14 06:02:56',	'2022-07-22 08:09:13'),
(100,	NULL,	'rmulwa@cihebkenya.org',	'0799086957',	'Robert',	'Mulwa',	'',	1,	NULL,	'0192023a7bbd73250516f069df18b500',	'2022-09-27 23:10:42',	1,	'2022-06-15 06:31:23',	'2022-09-28 11:10:42'),
(101,	NULL,	'jmwangi@cihebkenya.org',	'0722998587',	'Joseph',	'Mwangi',	'',	1,	NULL,	'0192023a7bbd73250516f069df18b500',	'2022-09-29 08:12:26',	1,	'2022-06-15 06:33:49',	'2022-09-29 08:12:26'),
(102,	NULL,	'rnyaboke@cihebkenya.org',	'0735100284',	'Rose',	'Nyaboke',	'',	1,	NULL,	'0192023a7bbd73250516f069df18b500',	'2022-09-27 05:31:33',	1,	'2022-06-15 06:37:01',	'2022-09-27 05:31:33'),
(103,	NULL,	'bodhiambo@cihebkenya.org',	'0721952214',	'Benard',	'Odhiambo',	'',	1,	NULL,	'0192023a7bbd73250516f069df18b500',	'2022-09-26 06:16:44',	1,	'2022-06-20 12:03:59',	'2022-09-26 06:16:44'),
(104,	NULL,	'oduncan@cihebkenya.org',	'0721231557',	'Duncan',	'Owino',	'',	1,	NULL,	'0192023a7bbd73250516f069df18b500',	'2022-09-11 22:48:22',	1,	'2022-06-27 05:53:29',	'2022-09-12 10:48:22'),
(105,	NULL,	'smuli@gmail.com',	'0701641048',	'Susan',	'Muli',	'',	1,	NULL,	'0192023a7bbd73250516f069df18b500',	NULL,	1,	'2022-06-28 09:37:51',	'2022-06-28 09:37:51'),
(106,	NULL,	'hchimaleni@gmail.com',	'0794132521',	'Hilda',	'Chimaleni',	'',	1,	NULL,	'0192023a7bbd73250516f069df18b500',	NULL,	1,	'2022-06-28 09:37:51',	'2022-06-28 09:37:51'),
(107,	NULL,	'dnyambok@gmail.com',	'0710619496',	'Dotty',	'Nyambok',	'',	1,	NULL,	'0192023a7bbd73250516f069df18b500',	NULL,	1,	'2022-06-28 09:37:51',	'2022-06-28 09:37:51'),
(108,	NULL,	'jiguri@gmail.com',	'0750805516',	'Jane',	'Iguri',	'',	1,	NULL,	'0192023a7bbd73250516f069df18b500',	NULL,	1,	'2022-06-28 09:37:51',	'2022-06-28 09:37:51'),
(109,	NULL,	'lchialo@gmail.com',	'0779653781',	'Leonard',	'Chialo',	'',	1,	NULL,	'0192023a7bbd73250516f069df18b500',	NULL,	1,	'2022-06-28 09:37:51',	'2022-06-28 09:37:51'),
(110,	NULL,	'eoino@gmail.com',	'0769468159',	'Emma',	'Oino',	'',	1,	NULL,	'0192023a7bbd73250516f069df18b500',	NULL,	1,	'2022-06-28 09:37:51',	'2022-06-28 09:37:51'),
(111,	NULL,	'wwairimu@cihebkenya.org',	'0710000000',	'Winfred',	'Kariuki',	'',	1,	NULL,	'0192023a7bbd73250516f069df18b500',	'2022-09-29 08:42:36',	1,	'2022-07-04 06:58:18',	'2022-09-29 08:42:36'),
(112,	NULL,	'dgathecha@mgic.umaryland.edu',	'0704254679',	'Dennis',	'Gathecha',	'',	1,	NULL,	'0192023a7bbd73250516f069df18b500',	'2022-09-28 07:05:14',	1,	'2022-07-25 09:40:15',	'2022-09-28 07:05:14'),
(126,	NULL,	'test@test.com',	'0790392945',	'Test',	'Twin',	'One',	1,	53,	'e10adc3949ba59abbe56e057f20f883e',	NULL,	1,	'2023-02-28 08:00:00',	'2023-02-28 08:03:19'),
(128,	2,	'jnkimani693@gmail.com',	'0717890231',	'Joseph',	'Kimani',	'Ngima',	1,	NULL,	'e10adc3949ba59abbe56e057f20f883e',	NULL,	1,	'2023-04-01 04:49:47',	'2023-04-01 04:49:47'),
(129,	2,	'tmulwa@cihebkenya.org',	'079943511',	'Terry',	'Mutete',	'Mulwa',	1,	NULL,	'19f58a4a2b50d6bb0a05a1f4aec2cbb0',	NULL,	1,	'2024-01-11 09:59:02',	'2024-01-11 09:59:02');

DROP TABLE IF EXISTS `user_categories`;
CREATE TABLE `user_categories` (
  `id` int(11) NOT NULL AUTO_INCREMENT,
  `access_level` enum('Program','Facility') NOT NULL,
  `name` varchar(50) NOT NULL,
  `description` varchar(100) DEFAULT '',
  `permissions` text NOT NULL,
  `created_by` int(11) NOT NULL,
  `created_at` timestamp NULL DEFAULT current_timestamp(),
  `updated_at` timestamp NULL DEFAULT current_timestamp() ON UPDATE current_timestamp(),
  PRIMARY KEY (`id`),
  KEY `fk_category_creator` (`created_by`),
  CONSTRAINT `fk_category_creator` FOREIGN KEY (`created_by`) REFERENCES `users` (`id`) ON UPDATE CASCADE
) ENGINE=InnoDB DEFAULT CHARSET=utf8mb4 COLLATE=utf8mb4_general_ci;

INSERT INTO `user_categories` (`id`, `access_level`, `name`, `description`, `permissions`, `created_by`, `created_at`, `updated_at`) VALUES
(1,	'Program',	'System Administrator',	'Test',	'1,2,3,4,5',	1,	'2023-03-31 07:56:52',	'2023-04-01 04:25:09'),
(2,	'Program',	'Program Administrator',	'This is the program admin',	'2,3,4,5',	1,	'2023-03-31 10:19:10',	'2023-03-31 10:19:10'),
(3,	'Facility',	'Facility Admin',	'Admin for facility',	'2,4,6',	1,	'2023-04-01 04:02:12',	'2023-04-05 06:34:59');

DROP TABLE IF EXISTS `user_permissions`;
CREATE TABLE `user_permissions` (
  `id` int(11) NOT NULL AUTO_INCREMENT,
  `name` varchar(50) NOT NULL,
  `description` varchar(120) NOT NULL DEFAULT '',
  PRIMARY KEY (`id`)
) ENGINE=InnoDB DEFAULT CHARSET=utf8mb4 COLLATE=utf8mb4_general_ci;

INSERT INTO `user_permissions` (`id`, `name`, `description`) VALUES
(1,	'System administration',	'Manage system. includes teams and facility creation'),
(2,	'Users Management',	'Manage users, create update delete'),
(3,	'Checklist management',	'Create checklists, sections and questions'),
(4,	'Access Reports',	'Access to reports module'),
(5,	'Create Visits & Action points',	'Able to create visits and action points'),
(6,	'All Action Points',	'Can view and comment on all action points');

DROP TABLE IF EXISTS `visit_findings`;
CREATE TABLE `visit_findings` (
  `id` int(11) NOT NULL AUTO_INCREMENT,
  `visit_id` int(11) NOT NULL,
  `description` varchar(300) NOT NULL DEFAULT '',
  `ap_ids` text DEFAULT NULL,
  `created_by` int(11) NOT NULL,
  `created_at` timestamp NULL DEFAULT current_timestamp(),
  `updated_at` timestamp NULL DEFAULT current_timestamp() ON UPDATE current_timestamp(),
  PRIMARY KEY (`id`),
  KEY `fk_finding_visit` (`visit_id`),
  KEY `fk_finding_user` (`created_by`),
  CONSTRAINT `fk_finding_user` FOREIGN KEY (`created_by`) REFERENCES `users` (`id`) ON UPDATE CASCADE,
  CONSTRAINT `fk_finding_visit` FOREIGN KEY (`visit_id`) REFERENCES `facility_visits` (`id`) ON UPDATE CASCADE
) ENGINE=InnoDB DEFAULT CHARSET=utf8mb4 COLLATE=utf8mb4_general_ci;

INSERT INTO `visit_findings` (`id`, `visit_id`, `description`, `ap_ids`, `created_by`, `created_at`, `updated_at`) VALUES
(1,	9,	'Incomplete documentation of patient records',	'27',	1,	'2023-05-02 15:05:32',	'2023-10-24 07:35:54'),
(2,	9,	'KenyaEMR vs NDWH Discordant',	NULL,	1,	'2023-10-24 07:36:59',	'2023-10-24 07:36:59'),
(3,	9,	'Test Test three',	NULL,	1,	'2023-11-08 21:00:43',	'2023-11-08 21:00:43'),
(4,	14,	'Program team should support the facilies and issue the following; GBV, SDP intergrated eligibility screening for HTS',	NULL,	1,	'2023-11-24 07:46:57',	'2023-11-24 07:46:57'),
(5,	14,	'Missing SDP intergrated eligibility screening for HTS.',	NULL,	85,	'2023-11-24 07:58:03',	'2023-11-24 07:58:03');

DROP TABLE IF EXISTS `visit_sections`;
CREATE TABLE `visit_sections` (
  `visit_id` int(11) NOT NULL,
  `section_id` int(11) NOT NULL,
  `user_id` int(11) NOT NULL,
  `submitted` tinyint(4) NOT NULL DEFAULT 0,
  `created_at` timestamp NULL DEFAULT current_timestamp(),
  `updated_at` timestamp NULL DEFAULT current_timestamp() ON UPDATE current_timestamp(),
  PRIMARY KEY (`visit_id`,`section_id`),
  KEY `fk_visit_section_user` (`user_id`),
  KEY `fk_visit_section_section` (`section_id`),
  CONSTRAINT `fk_visit_section_section` FOREIGN KEY (`section_id`) REFERENCES `sections` (`id`) ON UPDATE CASCADE,
  CONSTRAINT `fk_visit_section_user` FOREIGN KEY (`user_id`) REFERENCES `users` (`id`) ON UPDATE CASCADE,
  CONSTRAINT `fk_visit_section_visit` FOREIGN KEY (`visit_id`) REFERENCES `facility_visits` (`id`) ON UPDATE CASCADE
) ENGINE=InnoDB DEFAULT CHARSET=utf8mb4 COLLATE=utf8mb4_general_ci;

INSERT INTO `visit_sections` (`visit_id`, `section_id`, `user_id`, `submitted`, `created_at`, `updated_at`) VALUES
(9,	7,	1,	1,	'2023-05-02 14:52:29',	'2023-05-02 15:56:19'),
(9,	8,	1,	1,	'2023-05-02 15:06:01',	'2023-05-02 16:10:54'),
(9,	9,	1,	0,	'2023-05-03 09:03:30',	'2023-05-03 09:03:30'),
(10,	7,	1,	1,	'2023-05-02 15:12:30',	'2023-05-02 16:16:16'),
(10,	8,	1,	0,	'2023-05-03 09:03:46',	'2023-05-03 09:03:46'),
(12,	7,	1,	0,	'2023-07-07 09:18:29',	'2023-07-07 09:18:29'),
(13,	7,	1,	0,	'2023-07-27 05:17:16',	'2023-07-27 05:17:16'),
(14,	7,	1,	0,	'2023-11-24 07:41:30',	'2023-11-24 07:41:30'),
(14,	8,	1,	1,	'2023-11-24 07:43:30',	'2023-11-24 07:45:05'),
(14,	9,	1,	0,	'2023-11-24 07:45:13',	'2023-11-24 07:45:13'),
(14,	10,	85,	1,	'2023-11-24 07:49:31',	'2023-11-24 07:52:30'),
(14,	11,	85,	0,	'2023-11-24 07:52:53',	'2023-11-24 07:52:53'),
(14,	18,	1,	1,	'2023-11-24 07:45:45',	'2023-11-24 07:45:56'),
(14,	19,	85,	1,	'2023-11-24 07:53:27',	'2023-11-24 07:55:10'),
(14,	25,	85,	1,	'2023-11-24 08:48:05',	'2023-11-24 09:09:21'),
(14,	26,	85,	1,	'2023-11-24 09:09:48',	'2023-11-24 09:11:43'),
(14,	30,	85,	1,	'2023-11-24 09:12:06',	'2023-11-24 09:14:48');

-- 2024-01-22 07:20:08
